region,sub_location,area,npc_count,folder
01 Cosmic Layer,01 Lunar Readiness Base,Lunar Command Citadel,20,sub_locations/01_cosmic_layer/01_lunar_readiness_base/01_lunar_command_citadel
01 Cosmic Layer,01 Lunar Readiness Base,Crater Gantry Loop,20,sub_locations/01_cosmic_layer/01_lunar_readiness_base/02_crater_gantry_loop
01 Cosmic Layer,01 Lunar Readiness Base,Surface Launch Gantries,20,sub_locations/01_cosmic_layer/01_lunar_readiness_base/03_surface_launch_gantries
01 Cosmic Layer,01 Lunar Readiness Base,Anti-Orbital Battery Grid,20,sub_locations/01_cosmic_layer/01_lunar_readiness_base/04_anti_orbital_battery_grid
01 Cosmic Layer,01 Lunar Readiness Base,Troop Barracks & Armories,20,sub_locations/01_cosmic_layer/01_lunar_readiness_base/05_troop_barracks_and_armories
01 Cosmic Layer,01 Lunar Readiness Base,Vehicle Hangars,20,sub_locations/01_cosmic_layer/01_lunar_readiness_base/06_vehicle_hangars
01 Cosmic Layer,01 Lunar Readiness Base,Resource Refinery Complex,20,sub_locations/01_cosmic_layer/01_lunar_readiness_base/07_resource_refinery_complex
01 Cosmic Layer,01 Lunar Readiness Base,Helipad & Dropship Pads,20,sub_locations/01_cosmic_layer/01_lunar_readiness_base/08_helipad_and_dropship_pads
01 Cosmic Layer,01 Lunar Readiness Base,Maintenance Trenches,20,sub_locations/01_cosmic_layer/01_lunar_readiness_base/09_maintenance_trenches
01 Cosmic Layer,02 Planet Defense Perimeter,Central Defense Ring,20,sub_locations/01_cosmic_layer/02_planet_defense_perimeter/01_central_defense_ring
01 Cosmic Layer,02 Planet Defense Perimeter,Laser Cannon Batteries,20,sub_locations/01_cosmic_layer/02_planet_defense_perimeter/02_laser_cannon_batteries
01 Cosmic Layer,02 Planet Defense Perimeter,Missile Defense Arrays,20,sub_locations/01_cosmic_layer/02_planet_defense_perimeter/03_missile_defense_arrays
01 Cosmic Layer,02 Planet Defense Perimeter,Drone Interceptor Wings,20,sub_locations/01_cosmic_layer/02_planet_defense_perimeter/04_drone_interceptor_wings
01 Cosmic Layer,02 Planet Defense Perimeter,Quantum Jammer Nodes,20,sub_locations/01_cosmic_layer/02_planet_defense_perimeter/05_quantum_jammer_nodes
01 Cosmic Layer,02 Planet Defense Perimeter,Missile Silo Cluster,20,sub_locations/01_cosmic_layer/02_planet_defense_perimeter/06_missile_silo_cluster
01 Cosmic Layer,02 Planet Defense Perimeter,Defense Relay Alpha,20,sub_locations/01_cosmic_layer/02_planet_defense_perimeter/07_defense_relay_alpha
01 Cosmic Layer,02 Planet Defense Perimeter,Defense Relay Beta,20,sub_locations/01_cosmic_layer/02_planet_defense_perimeter/08_defense_relay_beta
01 Cosmic Layer,02 Planet Defense Perimeter,Orbital Patrol Squadron,20,sub_locations/01_cosmic_layer/02_planet_defense_perimeter/09_orbital_patrol_squadron
01 Cosmic Layer,02 Planet Defense Perimeter,Drone Interceptor Hangars,20,sub_locations/01_cosmic_layer/02_planet_defense_perimeter/10_drone_interceptor_hangars
01 Cosmic Layer,02 Planet Defense Perimeter,Patrol Squadron Docks,20,sub_locations/01_cosmic_layer/02_planet_defense_perimeter/11_patrol_squadron_docks
01 Cosmic Layer,02 Planet Defense Perimeter,Early-Warning Satellite Spine,20,sub_locations/01_cosmic_layer/02_planet_defense_perimeter/12_early_warning_satellite_spine
01 Cosmic Layer,02 Planet Defense Perimeter,Breach Zone Kraken-7,20,sub_locations/01_cosmic_layer/02_planet_defense_perimeter/13_breach_zone_kraken_7
01 Cosmic Layer,02 Planet Defense Perimeter,Breach Zone Wraith-3,20,sub_locations/01_cosmic_layer/02_planet_defense_perimeter/14_breach_zone_wraith_3
01 Cosmic Layer,03 Orbital Tether Station,Central Docking Ring,20,sub_locations/01_cosmic_layer/03_orbital_tether_station/01_central_docking_ring
01 Cosmic Layer,03 Orbital Tether Station,Cargo Docks North,20,sub_locations/01_cosmic_layer/03_orbital_tether_station/02_cargo_docks_north
01 Cosmic Layer,03 Orbital Tether Station,Cargo Docks South,20,sub_locations/01_cosmic_layer/03_orbital_tether_station/03_cargo_docks_south
01 Cosmic Layer,03 Orbital Tether Station,Passenger Terminal,20,sub_locations/01_cosmic_layer/03_orbital_tether_station/04_passenger_terminal
01 Cosmic Layer,03 Orbital Tether Station,Customs Concourse,20,sub_locations/01_cosmic_layer/03_orbital_tether_station/05_customs_concourse
01 Cosmic Layer,03 Orbital Tether Station,Fuel & Repair Depot,20,sub_locations/01_cosmic_layer/03_orbital_tether_station/06_fuel_and_repair_depot
01 Cosmic Layer,03 Orbital Tether Station,Maintenance Spires,20,sub_locations/01_cosmic_layer/03_orbital_tether_station/07_maintenance_spires
01 Cosmic Layer,03 Orbital Tether Station,Shuttle Berths,20,sub_locations/01_cosmic_layer/03_orbital_tether_station/08_shuttle_berths
01 Cosmic Layer,03 Orbital Tether Station,Tether Anchor Array,20,sub_locations/01_cosmic_layer/03_orbital_tether_station/09_tether_anchor_array
01 Cosmic Layer,03 Orbital Tether Station,Power Core Nexus,20,sub_locations/01_cosmic_layer/03_orbital_tether_station/10_power_core_nexus
01 Cosmic Layer,04 Space Elevator,Surface Nexus,20,sub_locations/01_cosmic_layer/04_space_elevator/01_surface_nexus
01 Cosmic Layer,04 Space Elevator,Climber Dock & Launch Bay,20,sub_locations/01_cosmic_layer/04_space_elevator/02_climber_dock_and_launch_bay
01 Cosmic Layer,04 Space Elevator,Emergency Detach Systems,20,sub_locations/01_cosmic_layer/04_space_elevator/03_emergency_detach_systems
01 Cosmic Layer,04 Space Elevator,Tether Control Node,20,sub_locations/01_cosmic_layer/04_space_elevator/04_tether_control_node
01 Cosmic Layer,04 Space Elevator,Climber Loading Bay,20,sub_locations/01_cosmic_layer/04_space_elevator/05_climber_loading_bay
01 Cosmic Layer,04 Space Elevator,Counterweight Platform,20,sub_locations/01_cosmic_layer/04_space_elevator/06_counterweight_platform
01 Cosmic Layer,04 Space Elevator,Stabilizer Arrays,20,sub_locations/01_cosmic_layer/04_space_elevator/07_stabilizer_arrays
01 Cosmic Layer,04 Space Elevator,Maintenance Collar,20,sub_locations/01_cosmic_layer/04_space_elevator/08_maintenance_collar
01 Cosmic Layer,04 Space Elevator,Integrity Monitor Stations,20,sub_locations/01_cosmic_layer/04_space_elevator/09_integrity_monitor_stations
01 Cosmic Layer,04 Space Elevator,Upper Tether Junction,20,sub_locations/01_cosmic_layer/04_space_elevator/10_upper_tether_junction
02 Urban Core,01 The Zenith Spire,Executive Crown,20,sub_locations/02_urban_core/01_the_zenith_spire/01_executive_crown
02 Urban Core,01 The Zenith Spire,Skybridge Decks,20,sub_locations/02_urban_core/01_the_zenith_spire/02_skybridge_decks
02 Urban Core,01 The Zenith Spire,Observation Halo,20,sub_locations/02_urban_core/01_the_zenith_spire/03_observation_halo
02 Urban Core,01 The Zenith Spire,Corporate Council Atrium,20,sub_locations/02_urban_core/01_the_zenith_spire/04_corporate_council_atrium
02 Urban Core,01 The Zenith Spire,Command Nexus,20,sub_locations/02_urban_core/01_the_zenith_spire/05_command_nexus
02 Urban Core,01 The Zenith Spire,Security Ring,20,sub_locations/02_urban_core/01_the_zenith_spire/06_security_ring
02 Urban Core,01 The Zenith Spire,Data Vault Complex,20,sub_locations/02_urban_core/01_the_zenith_spire/07_data_vault_complex
02 Urban Core,01 The Zenith Spire,Transit Lift Core,20,sub_locations/02_urban_core/01_the_zenith_spire/08_transit_lift_core
02 Urban Core,01 The Zenith Spire,Spire Plaza,20,sub_locations/02_urban_core/01_the_zenith_spire/09_spire_plaza
02 Urban Core,01 The Zenith Spire,Maintenance Conduits,20,sub_locations/02_urban_core/01_the_zenith_spire/10_maintenance_conduits
02 Urban Core,01 The Zenith Spire,Power Plant,20,sub_locations/02_urban_core/01_the_zenith_spire/11_power_plant
02 Urban Core,01 The Zenith Spire,Life Support & Recycling,20,sub_locations/02_urban_core/01_the_zenith_spire/12_life_support_and_recycling
02 Urban Core,02 The Provisioning Sectors,Bulk Forges & Fabricators,20,sub_locations/02_urban_core/02_the_provisioning_sectors/01_bulk_forges_and_fabricators
02 Urban Core,02 The Provisioning Sectors,Agri-Domes & Hydro Farms,20,sub_locations/02_urban_core/02_the_provisioning_sectors/02_agri_domes_and_hydro_farms
02 Urban Core,02 The Provisioning Sectors,Logistics Depots,20,sub_locations/02_urban_core/02_the_provisioning_sectors/03_logistics_depots
02 Urban Core,02 The Provisioning Sectors,Ration Houses & Kitchens,20,sub_locations/02_urban_core/02_the_provisioning_sectors/04_ration_houses_and_kitchens
02 Urban Core,02 The Provisioning Sectors,Vendor Lanes,20,sub_locations/02_urban_core/02_the_provisioning_sectors/05_vendor_lanes
02 Urban Core,02 The Provisioning Sectors,Rooftop Bazaars,20,sub_locations/02_urban_core/02_the_provisioning_sectors/06_rooftop_bazaars
02 Urban Core,02 The Provisioning Sectors,Loading Platforms,20,sub_locations/02_urban_core/02_the_provisioning_sectors/07_loading_platforms
02 Urban Core,02 The Provisioning Sectors,Cold Storage Towers,20,sub_locations/02_urban_core/02_the_provisioning_sectors/08_cold_storage_towers
02 Urban Core,02 The Provisioning Sectors,Freight Transfer Courts,20,sub_locations/02_urban_core/02_the_provisioning_sectors/09_freight_transfer_courts
02 Urban Core,02 The Provisioning Sectors,Service Alleys,20,sub_locations/02_urban_core/02_the_provisioning_sectors/10_service_alleys
02 Urban Core,03 The On Demand Arteries,Express Fulfillment Towers,20,sub_locations/02_urban_core/03_the_on_demand_arteries/01_express_fulfillment_towers
02 Urban Core,03 The On Demand Arteries,Flash Manufactories,20,sub_locations/02_urban_core/03_the_on_demand_arteries/02_flash_manufactories
02 Urban Core,03 The On Demand Arteries,Same-Day Foundries,20,sub_locations/02_urban_core/03_the_on_demand_arteries/03_same_day_foundries
02 Urban Core,03 The On Demand Arteries,Adaptive Warehouses,20,sub_locations/02_urban_core/03_the_on_demand_arteries/04_adaptive_warehouses
02 Urban Core,03 The On Demand Arteries,Skyway Exchange Loop,20,sub_locations/02_urban_core/03_the_on_demand_arteries/05_skyway_exchange_loop
02 Urban Core,03 The On Demand Arteries,Mag-Rail Merge,20,sub_locations/02_urban_core/03_the_on_demand_arteries/06_mag_rail_merge
02 Urban Core,03 The On Demand Arteries,Delivery Drone Port,20,sub_locations/02_urban_core/03_the_on_demand_arteries/07_delivery_drone_port
02 Urban Core,03 The On Demand Arteries,Overpass Clash Zone,20,sub_locations/02_urban_core/03_the_on_demand_arteries/08_overpass_clash_zone
02 Urban Core,03 The On Demand Arteries,Transit Ramp Nexus,20,sub_locations/02_urban_core/03_the_on_demand_arteries/09_transit_ramp_nexus
02 Urban Core,03 The On Demand Arteries,Toll Gate Cluster,20,sub_locations/02_urban_core/03_the_on_demand_arteries/10_toll_gate_cluster
02 Urban Core,04 The Raid Rush Choke Points,Barricaded Funnels,20,sub_locations/02_urban_core/04_the_raid_rush_choke_points/01_barricaded_funnels
02 Urban Core,04 The Raid Rush Choke Points,Turret Lines,20,sub_locations/02_urban_core/04_the_raid_rush_choke_points/02_turret_lines
02 Urban Core,04 The Raid Rush Choke Points,Drone Nests,20,sub_locations/02_urban_core/04_the_raid_rush_choke_points/03_drone_nests
02 Urban Core,04 The Raid Rush Choke Points,Kill Corridors,20,sub_locations/02_urban_core/04_the_raid_rush_choke_points/04_kill_corridors
02 Urban Core,04 The Raid Rush Choke Points,Gatehouse Forts,20,sub_locations/02_urban_core/04_the_raid_rush_choke_points/05_gatehouse_forts
02 Urban Core,04 The Raid Rush Choke Points,Tactical Control Bunker,20,sub_locations/02_urban_core/04_the_raid_rush_choke_points/06_tactical_control_bunker
02 Urban Core,04 The Raid Rush Choke Points,Fallback Node,20,sub_locations/02_urban_core/04_the_raid_rush_choke_points/07_fallback_node
02 Urban Core,04 The Raid Rush Choke Points,Siege Ramp Access,20,sub_locations/02_urban_core/04_the_raid_rush_choke_points/08_siege_ramp_access
02 Urban Core,04 The Raid Rush Choke Points,Security Wall Segment,20,sub_locations/02_urban_core/04_the_raid_rush_choke_points/09_security_wall_segment
02 Urban Core,04 The Raid Rush Choke Points,Emergency Med Station,20,sub_locations/02_urban_core/04_the_raid_rush_choke_points/10_emergency_med_station
02 Urban Core,05 The Front Matter Void,Reality Fracture Edge,20,sub_locations/02_urban_core/05_the_front_matter_void/01_reality_fracture_edge
02 Urban Core,05 The Front Matter Void,Blank-Load Terraces,20,sub_locations/02_urban_core/05_the_front_matter_void/02_blank_load_terraces
02 Urban Core,05 The Front Matter Void,Null Plaza,20,sub_locations/02_urban_core/05_the_front_matter_void/03_null_plaza
02 Urban Core,05 The Front Matter Void,Data Tear Corridor,20,sub_locations/02_urban_core/05_the_front_matter_void/04_data_tear_corridor
02 Urban Core,05 The Front Matter Void,Anomaly Plaza,20,sub_locations/02_urban_core/05_the_front_matter_void/05_anomaly_plaza
02 Urban Core,05 The Front Matter Void,Geometry Spill,20,sub_locations/02_urban_core/05_the_front_matter_void/06_geometry_spill
02 Urban Core,05 The Front Matter Void,Static Bridge,20,sub_locations/02_urban_core/05_the_front_matter_void/07_static_bridge
02 Urban Core,05 The Front Matter Void,Voidwatch Platform,20,sub_locations/02_urban_core/05_the_front_matter_void/08_voidwatch_platform
02 Urban Core,05 The Front Matter Void,Fracture Beacon,20,sub_locations/02_urban_core/05_the_front_matter_void/09_fracture_beacon
02 Urban Core,05 The Front Matter Void,Emergency Seal Gate,20,sub_locations/02_urban_core/05_the_front_matter_void/10_emergency_seal_gate
02 Urban Core,06 The Micro Markets,Bazaar Ring,20,sub_locations/02_urban_core/06_the_micro_markets/01_bazaar_ring
02 Urban Core,06 The Micro Markets,Street Bazaar & Stalls,20,sub_locations/02_urban_core/06_the_micro_markets/02_street_bazaar_and_stalls
02 Urban Core,06 The Micro Markets,Black-Market Alleys,20,sub_locations/02_urban_core/06_the_micro_markets/03_black_market_alleys
02 Urban Core,06 The Micro Markets,Pawn Arcades,20,sub_locations/02_urban_core/06_the_micro_markets/04_pawn_arcades
02 Urban Core,06 The Micro Markets,Loot & Gear Bazaars,20,sub_locations/02_urban_core/06_the_micro_markets/05_loot_and_gear_bazaars
02 Urban Core,06 The Micro Markets,Prize Drop Plaza,20,sub_locations/02_urban_core/06_the_micro_markets/06_prize_drop_plaza
02 Urban Core,06 The Micro Markets,Hidden Exchange Court,20,sub_locations/02_urban_core/06_the_micro_markets/07_hidden_exchange_court
02 Urban Core,06 The Micro Markets,Vendor Stack Towers,20,sub_locations/02_urban_core/06_the_micro_markets/08_vendor_stack_towers
02 Urban Core,06 The Micro Markets,Transit Kiosk Row,20,sub_locations/02_urban_core/06_the_micro_markets/09_transit_kiosk_row
02 Urban Core,06 The Micro Markets,Rooftop Safehouse,20,sub_locations/02_urban_core/06_the_micro_markets/10_rooftop_safehouse
03 Western Wastes And Arid Plains,01 The Resonant Peaks,Echo Crown,20,sub_locations/03_western_wastes_and_arid_plains/01_the_resonant_peaks/01_echo_crown
03 Western Wastes And Arid Plains,01 The Resonant Peaks,Summit Causeway,20,sub_locations/03_western_wastes_and_arid_plains/01_the_resonant_peaks/02_summit_causeway
03 Western Wastes And Arid Plains,01 The Resonant Peaks,Harmonic Spire,20,sub_locations/03_western_wastes_and_arid_plains/01_the_resonant_peaks/03_harmonic_spire
03 Western Wastes And Arid Plains,01 The Resonant Peaks,Wind Shrine,20,sub_locations/03_western_wastes_and_arid_plains/01_the_resonant_peaks/04_wind_shrine
03 Western Wastes And Arid Plains,01 The Resonant Peaks,Resonance Basin,20,sub_locations/03_western_wastes_and_arid_plains/01_the_resonant_peaks/05_resonance_basin
03 Western Wastes And Arid Plains,01 The Resonant Peaks,Avalanche Steps,20,sub_locations/03_western_wastes_and_arid_plains/01_the_resonant_peaks/06_avalanche_steps
03 Western Wastes And Arid Plains,01 The Resonant Peaks,Choir Pass,20,sub_locations/03_western_wastes_and_arid_plains/01_the_resonant_peaks/07_choir_pass
03 Western Wastes And Arid Plains,01 The Resonant Peaks,Watcher Ledge,20,sub_locations/03_western_wastes_and_arid_plains/01_the_resonant_peaks/08_watcher_ledge
03 Western Wastes And Arid Plains,01 The Resonant Peaks,Resonance Towers,20,sub_locations/03_western_wastes_and_arid_plains/01_the_resonant_peaks/09_resonance_towers
03 Western Wastes And Arid Plains,01 The Resonant Peaks,Deep Echo Cavern,20,sub_locations/03_western_wastes_and_arid_plains/01_the_resonant_peaks/10_deep_echo_cavern
03 Western Wastes And Arid Plains,02 The Sonic Badlands,Tuning Fork Expanse,20,sub_locations/03_western_wastes_and_arid_plains/02_the_sonic_badlands/01_tuning_fork_expanse
03 Western Wastes And Arid Plains,02 The Sonic Badlands,Standing Wave Gulch,20,sub_locations/03_western_wastes_and_arid_plains/02_the_sonic_badlands/02_standing_wave_gulch
03 Western Wastes And Arid Plains,02 The Sonic Badlands,Resonance Dunes,20,sub_locations/03_western_wastes_and_arid_plains/02_the_sonic_badlands/03_resonance_dunes
03 Western Wastes And Arid Plains,02 The Sonic Badlands,Feedback Basin,20,sub_locations/03_western_wastes_and_arid_plains/02_the_sonic_badlands/04_feedback_basin
03 Western Wastes And Arid Plains,02 The Sonic Badlands,Forkkeeper Outpost,20,sub_locations/03_western_wastes_and_arid_plains/02_the_sonic_badlands/05_forkkeeper_outpost
03 Western Wastes And Arid Plains,02 The Sonic Badlands,Echo Drift,20,sub_locations/03_western_wastes_and_arid_plains/02_the_sonic_badlands/06_echo_drift
03 Western Wastes And Arid Plains,02 The Sonic Badlands,Frequency Wall,20,sub_locations/03_western_wastes_and_arid_plains/02_the_sonic_badlands/07_frequency_wall
03 Western Wastes And Arid Plains,02 The Sonic Badlands,Storm Channel,20,sub_locations/03_western_wastes_and_arid_plains/02_the_sonic_badlands/08_storm_channel
03 Western Wastes And Arid Plains,02 The Sonic Badlands,Buried Speaker Monolith,20,sub_locations/03_western_wastes_and_arid_plains/02_the_sonic_badlands/09_buried_speaker_monolith
03 Western Wastes And Arid Plains,03 The Heavy Chewer Canyons,Pack Run Gorge,20,sub_locations/03_western_wastes_and_arid_plains/03_the_heavy_chewer_canyons/01_pack_run_gorge
03 Western Wastes And Arid Plains,03 The Heavy Chewer Canyons,Bitewheel Den,20,sub_locations/03_western_wastes_and_arid_plains/03_the_heavy_chewer_canyons/02_bitewheel_den
03 Western Wastes And Arid Plains,03 The Heavy Chewer Canyons,Scavenger Gate,20,sub_locations/03_western_wastes_and_arid_plains/03_the_heavy_chewer_canyons/03_scavenger_gate
03 Western Wastes And Arid Plains,03 The Heavy Chewer Canyons,Rift Chasm,20,sub_locations/03_western_wastes_and_arid_plains/03_the_heavy_chewer_canyons/04_rift_chasm
03 Western Wastes And Arid Plains,03 The Heavy Chewer Canyons,Hound Nest Pits,20,sub_locations/03_western_wastes_and_arid_plains/03_the_heavy_chewer_canyons/05_hound_nest_pits
03 Western Wastes And Arid Plains,03 The Heavy Chewer Canyons,Redcliff Overlook,20,sub_locations/03_western_wastes_and_arid_plains/03_the_heavy_chewer_canyons/06_redcliff_overlook
03 Western Wastes And Arid Plains,03 The Heavy Chewer Canyons,Ravine Conveyor,20,sub_locations/03_western_wastes_and_arid_plains/03_the_heavy_chewer_canyons/07_ravine_conveyor
03 Western Wastes And Arid Plains,03 The Heavy Chewer Canyons,Bone-Metal Pass,20,sub_locations/03_western_wastes_and_arid_plains/03_the_heavy_chewer_canyons/08_bone_metal_pass
03 Western Wastes And Arid Plains,03 The Heavy Chewer Canyons,Kill Zone Basin,20,sub_locations/03_western_wastes_and_arid_plains/03_the_heavy_chewer_canyons/09_kill_zone_basin
03 Western Wastes And Arid Plains,04 The Shut Down Academies,War College Court,20,sub_locations/03_western_wastes_and_arid_plains/04_the_shut_down_academies/01_war_college_court
03 Western Wastes And Arid Plains,04 The Shut Down Academies,Simulation Hall,20,sub_locations/03_western_wastes_and_arid_plains/04_the_shut_down_academies/02_simulation_hall
03 Western Wastes And Arid Plains,04 The Shut Down Academies,Command Terrace,20,sub_locations/03_western_wastes_and_arid_plains/04_the_shut_down_academies/03_command_terrace
03 Western Wastes And Arid Plains,04 The Shut Down Academies,Silent Lecture Dome,20,sub_locations/03_western_wastes_and_arid_plains/04_the_shut_down_academies/04_silent_lecture_dome
03 Western Wastes And Arid Plains,04 The Shut Down Academies,Drill Quadrant,20,sub_locations/03_western_wastes_and_arid_plains/04_the_shut_down_academies/05_drill_quadrant
03 Western Wastes And Arid Plains,04 The Shut Down Academies,Dormitory Ruins,20,sub_locations/03_western_wastes_and_arid_plains/04_the_shut_down_academies/06_dormitory_ruins
03 Western Wastes And Arid Plains,04 The Shut Down Academies,Archive Tower,20,sub_locations/03_western_wastes_and_arid_plains/04_the_shut_down_academies/07_archive_tower
03 Western Wastes And Arid Plains,04 The Shut Down Academies,Scholar Gate,20,sub_locations/03_western_wastes_and_arid_plains/04_the_shut_down_academies/08_scholar_gate
03 Western Wastes And Arid Plains,04 The Shut Down Academies,Tactical Overlook,20,sub_locations/03_western_wastes_and_arid_plains/04_the_shut_down_academies/09_tactical_overlook
03 Western Wastes And Arid Plains,05 The Deprecated Repositories,Index Crypt,20,sub_locations/03_western_wastes_and_arid_plains/05_the_deprecated_repositories/01_index_crypt
03 Western Wastes And Arid Plains,05 The Deprecated Repositories,Archive Spine,20,sub_locations/03_western_wastes_and_arid_plains/05_the_deprecated_repositories/02_archive_spine
03 Western Wastes And Arid Plains,05 The Deprecated Repositories,Deprecated Hall,20,sub_locations/03_western_wastes_and_arid_plains/05_the_deprecated_repositories/03_deprecated_hall
03 Western Wastes And Arid Plains,05 The Deprecated Repositories,Memory Cache Vaults,20,sub_locations/03_western_wastes_and_arid_plains/05_the_deprecated_repositories/04_memory_cache_vaults
03 Western Wastes And Arid Plains,05 The Deprecated Repositories,Catalog Rift,20,sub_locations/03_western_wastes_and_arid_plains/05_the_deprecated_repositories/05_catalog_rift
03 Western Wastes And Arid Plains,05 The Deprecated Repositories,Server Ossuary,20,sub_locations/03_western_wastes_and_arid_plains/05_the_deprecated_repositories/06_server_ossuary
03 Western Wastes And Arid Plains,05 The Deprecated Repositories,Quarantine Shelf,20,sub_locations/03_western_wastes_and_arid_plains/05_the_deprecated_repositories/07_quarantine_shelf
03 Western Wastes And Arid Plains,05 The Deprecated Repositories,Retrieval Lift,20,sub_locations/03_western_wastes_and_arid_plains/05_the_deprecated_repositories/08_retrieval_lift
03 Western Wastes And Arid Plains,05 The Deprecated Repositories,Scribes' Catwalks,20,sub_locations/03_western_wastes_and_arid_plains/05_the_deprecated_repositories/09_scribes_catwalks
03 Western Wastes And Arid Plains,06 The Scrap Yard Labyrinth,The Hull Maze,20,sub_locations/03_western_wastes_and_arid_plains/06_the_scrap_yard_labyrinth/01_the_hull_maze
03 Western Wastes And Arid Plains,06 The Scrap Yard Labyrinth,Magnet Spires,20,sub_locations/03_western_wastes_and_arid_plains/06_the_scrap_yard_labyrinth/02_magnet_spires
03 Western Wastes And Arid Plains,06 The Scrap Yard Labyrinth,Salvager Row,20,sub_locations/03_western_wastes_and_arid_plains/06_the_scrap_yard_labyrinth/03_salvager_row
03 Western Wastes And Arid Plains,06 The Scrap Yard Labyrinth,Graveyard Basin,20,sub_locations/03_western_wastes_and_arid_plains/06_the_scrap_yard_labyrinth/04_graveyard_basin
03 Western Wastes And Arid Plains,06 The Scrap Yard Labyrinth,Crane Forest,20,sub_locations/03_western_wastes_and_arid_plains/06_the_scrap_yard_labyrinth/05_crane_forest
03 Western Wastes And Arid Plains,06 The Scrap Yard Labyrinth,Reactor Pit,20,sub_locations/03_western_wastes_and_arid_plains/06_the_scrap_yard_labyrinth/06_reactor_pit
03 Western Wastes And Arid Plains,06 The Scrap Yard Labyrinth,Wreck Gate,20,sub_locations/03_western_wastes_and_arid_plains/06_the_scrap_yard_labyrinth/07_wreck_gate
03 Western Wastes And Arid Plains,06 The Scrap Yard Labyrinth,Compass Jam Sector,20,sub_locations/03_western_wastes_and_arid_plains/06_the_scrap_yard_labyrinth/08_compass_jam_sector
03 Western Wastes And Arid Plains,06 The Scrap Yard Labyrinth,The Iron Maelstrom,20,sub_locations/03_western_wastes_and_arid_plains/06_the_scrap_yard_labyrinth/09_the_iron_maelstrom
03 Western Wastes And Arid Plains,07 The Playa Of Ash,Ash Mirror Flats,20,sub_locations/03_western_wastes_and_arid_plains/07_the_playa_of_ash/01_ash_mirror_flats
03 Western Wastes And Arid Plains,07 The Playa Of Ash,Dustline Camp,20,sub_locations/03_western_wastes_and_arid_plains/07_the_playa_of_ash/02_dustline_camp
03 Western Wastes And Arid Plains,07 The Playa Of Ash,Sculpture Ring,20,sub_locations/03_western_wastes_and_arid_plains/07_the_playa_of_ash/03_sculpture_ring
03 Western Wastes And Arid Plains,07 The Playa Of Ash,Suntrack Road,20,sub_locations/03_western_wastes_and_arid_plains/07_the_playa_of_ash/04_suntrack_road
03 Western Wastes And Arid Plains,07 The Playa Of Ash,Supply Beacon Row,20,sub_locations/03_western_wastes_and_arid_plains/07_the_playa_of_ash/05_supply_beacon_row
03 Western Wastes And Arid Plains,07 The Playa Of Ash,Mirage Yard,20,sub_locations/03_western_wastes_and_arid_plains/07_the_playa_of_ash/06_mirage_yard
03 Western Wastes And Arid Plains,07 The Playa Of Ash,Waystation Halo,20,sub_locations/03_western_wastes_and_arid_plains/07_the_playa_of_ash/07_waystation_halo
03 Western Wastes And Arid Plains,07 The Playa Of Ash,Dry Basin Reach,20,sub_locations/03_western_wastes_and_arid_plains/07_the_playa_of_ash/08_dry_basin_reach
03 Western Wastes And Arid Plains,07 The Playa Of Ash,Bonewind Ridge,20,sub_locations/03_western_wastes_and_arid_plains/07_the_playa_of_ash/09_bonewind_ridge
03 Western Wastes And Arid Plains,08 The Burning Playa,Inferno Circuit,20,sub_locations/03_western_wastes_and_arid_plains/08_the_burning_playa/01_inferno_circuit
03 Western Wastes And Arid Plains,08 The Burning Playa,Ember Camp,20,sub_locations/03_western_wastes_and_arid_plains/08_the_burning_playa/02_ember_camp
03 Western Wastes And Arid Plains,08 The Burning Playa,Pyre Ring,20,sub_locations/03_western_wastes_and_arid_plains/08_the_burning_playa/03_pyre_ring
03 Western Wastes And Arid Plains,08 The Burning Playa,Firewheel Parade Route,20,sub_locations/03_western_wastes_and_arid_plains/08_the_burning_playa/04_firewheel_parade_route
03 Western Wastes And Arid Plains,08 The Burning Playa,Night Basin,20,sub_locations/03_western_wastes_and_arid_plains/08_the_burning_playa/05_night_basin
03 Western Wastes And Arid Plains,08 The Burning Playa,Spark Gate,20,sub_locations/03_western_wastes_and_arid_plains/08_the_burning_playa/06_spark_gate
03 Western Wastes And Arid Plains,08 The Burning Playa,Smoke Towers,20,sub_locations/03_western_wastes_and_arid_plains/08_the_burning_playa/07_smoke_towers
03 Western Wastes And Arid Plains,08 The Burning Playa,Furnace Idol,20,sub_locations/03_western_wastes_and_arid_plains/08_the_burning_playa/08_furnace_idol
03 Western Wastes And Arid Plains,08 The Burning Playa,Saltscar Ridge Lookout,20,sub_locations/03_western_wastes_and_arid_plains/08_the_burning_playa/09_saltscar_ridge_lookout
03 Western Wastes And Arid Plains,09 The Rhyming Labyrinths,Verse Gate,20,sub_locations/03_western_wastes_and_arid_plains/09_the_rhyming_labyrinths/01_verse_gate
03 Western Wastes And Arid Plains,09 The Rhyming Labyrinths,Echo Spiral,20,sub_locations/03_western_wastes_and_arid_plains/09_the_rhyming_labyrinths/02_echo_spiral
03 Western Wastes And Arid Plains,09 The Rhyming Labyrinths,Couplet Court,20,sub_locations/03_western_wastes_and_arid_plains/09_the_rhyming_labyrinths/03_couplet_court
03 Western Wastes And Arid Plains,09 The Rhyming Labyrinths,Meter Walk,20,sub_locations/03_western_wastes_and_arid_plains/09_the_rhyming_labyrinths/04_meter_walk
03 Western Wastes And Arid Plains,09 The Rhyming Labyrinths,Glass Tongue Corridor,20,sub_locations/03_western_wastes_and_arid_plains/09_the_rhyming_labyrinths/05_glass_tongue_corridor
03 Western Wastes And Arid Plains,09 The Rhyming Labyrinths,Stanza Vault,20,sub_locations/03_western_wastes_and_arid_plains/09_the_rhyming_labyrinths/06_stanza_vault
03 Western Wastes And Arid Plains,09 The Rhyming Labyrinths,Rhyme Lock Arch,20,sub_locations/03_western_wastes_and_arid_plains/09_the_rhyming_labyrinths/07_rhyme_lock_arch
03 Western Wastes And Arid Plains,09 The Rhyming Labyrinths,Cadence Well,20,sub_locations/03_western_wastes_and_arid_plains/09_the_rhyming_labyrinths/08_cadence_well
03 Western Wastes And Arid Plains,09 The Rhyming Labyrinths,Sonic Canopy,20,sub_locations/03_western_wastes_and_arid_plains/09_the_rhyming_labyrinths/09_sonic_canopy
03 Western Wastes And Arid Plains,10 The Phonetic Wastes,Consonant Ridge,20,sub_locations/03_western_wastes_and_arid_plains/10_the_phonetic_wastes/01_consonant_ridge
03 Western Wastes And Arid Plains,10 The Phonetic Wastes,Vowel Dunes,20,sub_locations/03_western_wastes_and_arid_plains/10_the_phonetic_wastes/02_vowel_dunes
03 Western Wastes And Arid Plains,10 The Phonetic Wastes,Lexicon Flats,20,sub_locations/03_western_wastes_and_arid_plains/10_the_phonetic_wastes/03_lexicon_flats
03 Western Wastes And Arid Plains,10 The Phonetic Wastes,Syllable Sink,20,sub_locations/03_western_wastes_and_arid_plains/10_the_phonetic_wastes/04_syllable_sink
03 Western Wastes And Arid Plains,10 The Phonetic Wastes,Humming Obelisk,20,sub_locations/03_western_wastes_and_arid_plains/10_the_phonetic_wastes/05_humming_obelisk
03 Western Wastes And Arid Plains,10 The Phonetic Wastes,Accent Basin,20,sub_locations/03_western_wastes_and_arid_plains/10_the_phonetic_wastes/06_accent_basin
03 Western Wastes And Arid Plains,10 The Phonetic Wastes,Glyph Mirage,20,sub_locations/03_western_wastes_and_arid_plains/10_the_phonetic_wastes/07_glyph_mirage
03 Western Wastes And Arid Plains,10 The Phonetic Wastes,Pronunciation Gate,20,sub_locations/03_western_wastes_and_arid_plains/10_the_phonetic_wastes/08_pronunciation_gate
03 Western Wastes And Arid Plains,10 The Phonetic Wastes,Sonic Dust Storm,20,sub_locations/03_western_wastes_and_arid_plains/10_the_phonetic_wastes/09_sonic_dust_storm
03 Western Wastes And Arid Plains,10 The Phonetic Wastes,Echo Forum,20,sub_locations/03_western_wastes_and_arid_plains/10_the_phonetic_wastes/10_echo_forum
04 Eastern Wilds And Ancient Archives,01 The Emerald Canopy Sanctuary,Verdant Spire Roost,20,sub_locations/04_eastern_wilds_and_ancient_archives/01_the_emerald_canopy_sanctuary/01_verdant_spire_roost
04 Eastern Wilds And Ancient Archives,01 The Emerald Canopy Sanctuary,Canopy Arch Bridges,20,sub_locations/04_eastern_wilds_and_ancient_archives/01_the_emerald_canopy_sanctuary/02_canopy_arch_bridges
04 Eastern Wilds And Ancient Archives,01 The Emerald Canopy Sanctuary,Vine Transit Spine,20,sub_locations/04_eastern_wilds_and_ancient_archives/01_the_emerald_canopy_sanctuary/03_vine_transit_spine
04 Eastern Wilds And Ancient Archives,01 The Emerald Canopy Sanctuary,Luminroot Shrine Clearing,20,sub_locations/04_eastern_wilds_and_ancient_archives/01_the_emerald_canopy_sanctuary/04_luminroot_shrine_clearing
04 Eastern Wilds And Ancient Archives,01 The Emerald Canopy Sanctuary,Sanctuary Pools,20,sub_locations/04_eastern_wilds_and_ancient_archives/01_the_emerald_canopy_sanctuary/05_sanctuary_pools
04 Eastern Wilds And Ancient Archives,01 The Emerald Canopy Sanctuary,Beast Battleground Route,20,sub_locations/04_eastern_wilds_and_ancient_archives/01_the_emerald_canopy_sanctuary/06_beast_battleground_route
04 Eastern Wilds And Ancient Archives,01 The Emerald Canopy Sanctuary,Ranger Outpost: Greenwatch,20,sub_locations/04_eastern_wilds_and_ancient_archives/01_the_emerald_canopy_sanctuary/07_ranger_outpost_greenwatch
04 Eastern Wilds And Ancient Archives,01 The Emerald Canopy Sanctuary,Mycelial Commune,20,sub_locations/04_eastern_wilds_and_ancient_archives/01_the_emerald_canopy_sanctuary/08_mycelial_commune
04 Eastern Wilds And Ancient Archives,01 The Emerald Canopy Sanctuary,Titanroot Pass,20,sub_locations/04_eastern_wilds_and_ancient_archives/01_the_emerald_canopy_sanctuary/09_titanroot_pass
04 Eastern Wilds And Ancient Archives,02 The Whispering Glade,Echoing Canopy,20,sub_locations/04_eastern_wilds_and_ancient_archives/02_the_whispering_glade/01_echoing_canopy
04 Eastern Wilds And Ancient Archives,02 The Whispering Glade,Hushbloom Clearing,20,sub_locations/04_eastern_wilds_and_ancient_archives/02_the_whispering_glade/02_hushbloom_clearing
04 Eastern Wilds And Ancient Archives,02 The Whispering Glade,Listening Stones,20,sub_locations/04_eastern_wilds_and_ancient_archives/02_the_whispering_glade/03_listening_stones
04 Eastern Wilds And Ancient Archives,02 The Whispering Glade,Mistbound Pools,20,sub_locations/04_eastern_wilds_and_ancient_archives/02_the_whispering_glade/04_mistbound_pools
04 Eastern Wilds And Ancient Archives,02 The Whispering Glade,Veilwalk Paths,20,sub_locations/04_eastern_wilds_and_ancient_archives/02_the_whispering_glade/05_veilwalk_paths
04 Eastern Wilds And Ancient Archives,02 The Whispering Glade,Scout Perches,20,sub_locations/04_eastern_wilds_and_ancient_archives/02_the_whispering_glade/06_scout_perches
04 Eastern Wilds And Ancient Archives,02 The Whispering Glade,Ambush Clearing,20,sub_locations/04_eastern_wilds_and_ancient_archives/02_the_whispering_glade/07_ambush_clearing
04 Eastern Wilds And Ancient Archives,02 The Whispering Glade,Hollow Archives,20,sub_locations/04_eastern_wilds_and_ancient_archives/02_the_whispering_glade/08_hollow_archives
04 Eastern Wilds And Ancient Archives,02 The Whispering Glade,Silent Bloom Gate,20,sub_locations/04_eastern_wilds_and_ancient_archives/02_the_whispering_glade/09_silent_bloom_gate
04 Eastern Wilds And Ancient Archives,03 The Canopy Portrait Halls,The Vinegate Entrance,20,sub_locations/04_eastern_wilds_and_ancient_archives/03_the_canopy_portrait_halls/01_the_vinegate_entrance
04 Eastern Wilds And Ancient Archives,03 The Canopy Portrait Halls,The Portrait Galleries,20,sub_locations/04_eastern_wilds_and_ancient_archives/03_the_canopy_portrait_halls/02_the_portrait_galleries
04 Eastern Wilds And Ancient Archives,03 The Canopy Portrait Halls,The Echo Balcony,20,sub_locations/04_eastern_wilds_and_ancient_archives/03_the_canopy_portrait_halls/03_the_echo_balcony
04 Eastern Wilds And Ancient Archives,03 The Canopy Portrait Halls,The Pressure-Plate Bridge,20,sub_locations/04_eastern_wilds_and_ancient_archives/03_the_canopy_portrait_halls/04_the_pressure_plate_bridge
04 Eastern Wilds And Ancient Archives,03 The Canopy Portrait Halls,The Collapsed Gallery,20,sub_locations/04_eastern_wilds_and_ancient_archives/03_the_canopy_portrait_halls/05_the_collapsed_gallery
04 Eastern Wilds And Ancient Archives,03 The Canopy Portrait Halls,The Idol Chamber,20,sub_locations/04_eastern_wilds_and_ancient_archives/03_the_canopy_portrait_halls/06_the_idol_chamber
04 Eastern Wilds And Ancient Archives,03 The Canopy Portrait Halls,The Trap-Floor Hall,20,sub_locations/04_eastern_wilds_and_ancient_archives/03_the_canopy_portrait_halls/07_the_trap_floor_hall
04 Eastern Wilds And Ancient Archives,03 The Canopy Portrait Halls,The Forgotten Archives,20,sub_locations/04_eastern_wilds_and_ancient_archives/03_the_canopy_portrait_halls/08_the_forgotten_archives
04 Eastern Wilds And Ancient Archives,03 The Canopy Portrait Halls,The Spirit Ward Balcony,20,sub_locations/04_eastern_wilds_and_ancient_archives/03_the_canopy_portrait_halls/09_the_spirit_ward_balcony
04 Eastern Wilds And Ancient Archives,04 The Infinite Archives,The Axiom Gate,20,sub_locations/04_eastern_wilds_and_ancient_archives/04_the_infinite_archives/01_the_axiom_gate
04 Eastern Wilds And Ancient Archives,04 The Infinite Archives,The Index Chamber,20,sub_locations/04_eastern_wilds_and_ancient_archives/04_the_infinite_archives/02_the_index_chamber
04 Eastern Wilds And Ancient Archives,04 The Infinite Archives,The Rotating Stackways,20,sub_locations/04_eastern_wilds_and_ancient_archives/04_the_infinite_archives/03_the_rotating_stackways
04 Eastern Wilds And Ancient Archives,04 The Infinite Archives,The Memory Vaults,20,sub_locations/04_eastern_wilds_and_ancient_archives/04_the_infinite_archives/04_the_memory_vaults
04 Eastern Wilds And Ancient Archives,04 The Infinite Archives,The Archivist Bridges,20,sub_locations/04_eastern_wilds_and_ancient_archives/04_the_infinite_archives/05_the_archivist_bridges
04 Eastern Wilds And Ancient Archives,04 The Infinite Archives,The Chronicle Spires,20,sub_locations/04_eastern_wilds_and_ancient_archives/04_the_infinite_archives/06_the_chronicle_spires
04 Eastern Wilds And Ancient Archives,04 The Infinite Archives,The Reference Labyrinth,20,sub_locations/04_eastern_wilds_and_ancient_archives/04_the_infinite_archives/07_the_reference_labyrinth
04 Eastern Wilds And Ancient Archives,04 The Infinite Archives,The Protocol Core,20,sub_locations/04_eastern_wilds_and_ancient_archives/04_the_infinite_archives/08_the_protocol_core
04 Eastern Wilds And Ancient Archives,04 The Infinite Archives,The Silent Stacks,20,sub_locations/04_eastern_wilds_and_ancient_archives/04_the_infinite_archives/09_the_silent_stacks
04 Eastern Wilds And Ancient Archives,05 The Voyage Incubator,The Incubation Rings,20,sub_locations/04_eastern_wilds_and_ancient_archives/05_the_voyage_incubator/01_the_incubation_rings
04 Eastern Wilds And Ancient Archives,05 The Voyage Incubator,The Acceleration Lanes,20,sub_locations/04_eastern_wilds_and_ancient_archives/05_the_voyage_incubator/02_the_acceleration_lanes
04 Eastern Wilds And Ancient Archives,05 The Voyage Incubator,The Growth Laboratories,20,sub_locations/04_eastern_wilds_and_ancient_archives/05_the_voyage_incubator/03_the_growth_laboratories
04 Eastern Wilds And Ancient Archives,05 The Voyage Incubator,The Pod Vaults,20,sub_locations/04_eastern_wilds_and_ancient_archives/05_the_voyage_incubator/04_the_pod_vaults
04 Eastern Wilds And Ancient Archives,05 The Voyage Incubator,The Observation Decks,20,sub_locations/04_eastern_wilds_and_ancient_archives/05_the_voyage_incubator/05_the_observation_decks
04 Eastern Wilds And Ancient Archives,05 The Voyage Incubator,The Launch Ramps,20,sub_locations/04_eastern_wilds_and_ancient_archives/05_the_voyage_incubator/06_the_launch_ramps
04 Eastern Wilds And Ancient Archives,05 The Voyage Incubator,The Energy Stabilizers,20,sub_locations/04_eastern_wilds_and_ancient_archives/05_the_voyage_incubator/07_the_energy_stabilizers
04 Eastern Wilds And Ancient Archives,05 The Voyage Incubator,The Transit Conduits,20,sub_locations/04_eastern_wilds_and_ancient_archives/05_the_voyage_incubator/08_the_transit_conduits
04 Eastern Wilds And Ancient Archives,05 The Voyage Incubator,The Calibration Core,20,sub_locations/04_eastern_wilds_and_ancient_archives/05_the_voyage_incubator/09_the_calibration_core
04 Eastern Wilds And Ancient Archives,06 The Lichs Court,The Eternal Throne Ring,20,sub_locations/04_eastern_wilds_and_ancient_archives/06_the_lichs_court/01_the_eternal_throne_ring
04 Eastern Wilds And Ancient Archives,06 The Lichs Court,Hall of Reversed Gravity,20,sub_locations/04_eastern_wilds_and_ancient_archives/06_the_lichs_court/02_hall_of_reversed_gravity
04 Eastern Wilds And Ancient Archives,06 The Lichs Court,The Soul Spires,20,sub_locations/04_eastern_wilds_and_ancient_archives/06_the_lichs_court/03_the_soul_spires
04 Eastern Wilds And Ancient Archives,06 The Lichs Court,The Echoing Galleries,20,sub_locations/04_eastern_wilds_and_ancient_archives/06_the_lichs_court/04_the_echoing_galleries
04 Eastern Wilds And Ancient Archives,06 The Lichs Court,The Chainless Bridges,20,sub_locations/04_eastern_wilds_and_ancient_archives/06_the_lichs_court/05_the_chainless_bridges
04 Eastern Wilds And Ancient Archives,06 The Lichs Court,The Ghostly Menagerie,20,sub_locations/04_eastern_wilds_and_ancient_archives/06_the_lichs_court/06_the_ghostly_menagerie
04 Eastern Wilds And Ancient Archives,06 The Lichs Court,The Necromantic Gardens,20,sub_locations/04_eastern_wilds_and_ancient_archives/06_the_lichs_court/07_the_necromantic_gardens
04 Eastern Wilds And Ancient Archives,06 The Lichs Court,The Rift Sanctum,20,sub_locations/04_eastern_wilds_and_ancient_archives/06_the_lichs_court/08_the_rift_sanctum
04 Eastern Wilds And Ancient Archives,06 The Lichs Court,The Silent Audience,20,sub_locations/04_eastern_wilds_and_ancient_archives/06_the_lichs_court/09_the_silent_audience
04 Eastern Wilds And Ancient Archives,07 The Evolution Arenas,The Central Convergence,20,sub_locations/04_eastern_wilds_and_ancient_archives/07_the_evolution_arenas/01_the_central_convergence
04 Eastern Wilds And Ancient Archives,07 The Evolution Arenas,Shifting Biome Ring,20,sub_locations/04_eastern_wilds_and_ancient_archives/07_the_evolution_arenas/02_shifting_biome_ring
04 Eastern Wilds And Ancient Archives,07 The Evolution Arenas,Transformation Pylons,20,sub_locations/04_eastern_wilds_and_ancient_archives/07_the_evolution_arenas/03_transformation_pylons
04 Eastern Wilds And Ancient Archives,07 The Evolution Arenas,Hazard Cascades,20,sub_locations/04_eastern_wilds_and_ancient_archives/07_the_evolution_arenas/04_hazard_cascades
04 Eastern Wilds And Ancient Archives,07 The Evolution Arenas,Modular Arena Platforms,20,sub_locations/04_eastern_wilds_and_ancient_archives/07_the_evolution_arenas/05_modular_arena_platforms
04 Eastern Wilds And Ancient Archives,07 The Evolution Arenas,Spectator Spires,20,sub_locations/04_eastern_wilds_and_ancient_archives/07_the_evolution_arenas/06_spectator_spires
04 Eastern Wilds And Ancient Archives,07 The Evolution Arenas,Adaptive Combat Zones,20,sub_locations/04_eastern_wilds_and_ancient_archives/07_the_evolution_arenas/07_adaptive_combat_zones
04 Eastern Wilds And Ancient Archives,07 The Evolution Arenas,Evolution Gates,20,sub_locations/04_eastern_wilds_and_ancient_archives/07_the_evolution_arenas/08_evolution_gates
04 Eastern Wilds And Ancient Archives,07 The Evolution Arenas,The Primal Exodus,20,sub_locations/04_eastern_wilds_and_ancient_archives/07_the_evolution_arenas/09_the_primal_exodus
04 Eastern Wilds And Ancient Archives,08 The Pocket Monster Plains,Wild Harbor Ranch,20,sub_locations/04_eastern_wilds_and_ancient_archives/08_the_pocket_monster_plains/01_wild_harbor_ranch
04 Eastern Wilds And Ancient Archives,08 The Pocket Monster Plains,Trainer's Waystation,20,sub_locations/04_eastern_wilds_and_ancient_archives/08_the_pocket_monster_plains/02_trainers_waystation
04 Eastern Wilds And Ancient Archives,08 The Pocket Monster Plains,Battle Circle Delta,20,sub_locations/04_eastern_wilds_and_ancient_archives/08_the_pocket_monster_plains/03_battle_circle_delta
04 Eastern Wilds And Ancient Archives,08 The Pocket Monster Plains,Research Pens Alpha,20,sub_locations/04_eastern_wilds_and_ancient_archives/08_the_pocket_monster_plains/04_research_pens_alpha
04 Eastern Wilds And Ancient Archives,08 The Pocket Monster Plains,Elemental Confluence,20,sub_locations/04_eastern_wilds_and_ancient_archives/08_the_pocket_monster_plains/05_elemental_confluence
04 Eastern Wilds And Ancient Archives,08 The Pocket Monster Plains,Tamer's Gate,20,sub_locations/04_eastern_wilds_and_ancient_archives/08_the_pocket_monster_plains/06_tamers_gate
04 Eastern Wilds And Ancient Archives,08 The Pocket Monster Plains,Hatchling Fields,20,sub_locations/04_eastern_wilds_and_ancient_archives/08_the_pocket_monster_plains/07_hatchling_fields
04 Eastern Wilds And Ancient Archives,08 The Pocket Monster Plains,Ancient Root Grove,20,sub_locations/04_eastern_wilds_and_ancient_archives/08_the_pocket_monster_plains/08_ancient_root_grove
04 Eastern Wilds And Ancient Archives,08 The Pocket Monster Plains,Summit Watch,20,sub_locations/04_eastern_wilds_and_ancient_archives/08_the_pocket_monster_plains/09_summit_watch
04 Eastern Wilds And Ancient Archives,09 The Magma Core Forges,The Crucible Spire,20,sub_locations/04_eastern_wilds_and_ancient_archives/09_the_magma_core_forges/01_the_crucible_spire
04 Eastern Wilds And Ancient Archives,09 The Magma Core Forges,The Hammer Halls,20,sub_locations/04_eastern_wilds_and_ancient_archives/09_the_magma_core_forges/02_the_hammer_halls
04 Eastern Wilds And Ancient Archives,09 The Magma Core Forges,Chain-Lift Depot,20,sub_locations/04_eastern_wilds_and_ancient_archives/09_the_magma_core_forges/03_chain_lift_depot
04 Eastern Wilds And Ancient Archives,09 The Magma Core Forges,The Smelter Towers,20,sub_locations/04_eastern_wilds_and_ancient_archives/09_the_magma_core_forges/04_the_smelter_towers
04 Eastern Wilds And Ancient Archives,09 The Magma Core Forges,Armory Vaults,20,sub_locations/04_eastern_wilds_and_ancient_archives/09_the_magma_core_forges/05_armory_vaults
04 Eastern Wilds And Ancient Archives,09 The Magma Core Forges,Bridge of the Anvils,20,sub_locations/04_eastern_wilds_and_ancient_archives/09_the_magma_core_forges/06_bridge_of_the_anvils
04 Eastern Wilds And Ancient Archives,09 The Magma Core Forges,The Lava Conduits,20,sub_locations/04_eastern_wilds_and_ancient_archives/09_the_magma_core_forges/07_the_lava_conduits
04 Eastern Wilds And Ancient Archives,09 The Magma Core Forges,Geode Vent Fields,20,sub_locations/04_eastern_wilds_and_ancient_archives/09_the_magma_core_forges/08_geode_vent_fields
04 Eastern Wilds And Ancient Archives,09 The Magma Core Forges,Forgeward Gate,20,sub_locations/04_eastern_wilds_and_ancient_archives/09_the_magma_core_forges/09_forgeward_gate
04 Eastern Wilds And Ancient Archives,10 The Reggae Dub Oasis,Roots Gateway,20,sub_locations/04_eastern_wilds_and_ancient_archives/10_the_reggae_dub_oasis/01_roots_gateway
04 Eastern Wilds And Ancient Archives,10 The Reggae Dub Oasis,Bass Tower Groves,20,sub_locations/04_eastern_wilds_and_ancient_archives/10_the_reggae_dub_oasis/02_bass_tower_groves
04 Eastern Wilds And Ancient Archives,10 The Reggae Dub Oasis,Dub Pools,20,sub_locations/04_eastern_wilds_and_ancient_archives/10_the_reggae_dub_oasis/03_dub_pools
04 Eastern Wilds And Ancient Archives,10 The Reggae Dub Oasis,Riddim Circle Plaza,20,sub_locations/04_eastern_wilds_and_ancient_archives/10_the_reggae_dub_oasis/04_riddim_circle_plaza
04 Eastern Wilds And Ancient Archives,10 The Reggae Dub Oasis,Echo Bridges,20,sub_locations/04_eastern_wilds_and_ancient_archives/10_the_reggae_dub_oasis/05_echo_bridges
04 Eastern Wilds And Ancient Archives,10 The Reggae Dub Oasis,Tempo Fields,20,sub_locations/04_eastern_wilds_and_ancient_archives/10_the_reggae_dub_oasis/06_tempo_fields
04 Eastern Wilds And Ancient Archives,10 The Reggae Dub Oasis,Meditation Huts,20,sub_locations/04_eastern_wilds_and_ancient_archives/10_the_reggae_dub_oasis/07_meditation_huts
04 Eastern Wilds And Ancient Archives,10 The Reggae Dub Oasis,Dub Cascades,20,sub_locations/04_eastern_wilds_and_ancient_archives/10_the_reggae_dub_oasis/08_dub_cascades
04 Eastern Wilds And Ancient Archives,10 The Reggae Dub Oasis,The Sub-Bass Sanctum,20,sub_locations/04_eastern_wilds_and_ancient_archives/10_the_reggae_dub_oasis/09_the_sub_bass_sanctum
05 Deep Transit System,01 The Subterranean Grid,Central Transfer Well,20,sub_locations/05_deep_transit_system/01_the_subterranean_grid/01_central_transfer_well
05 Deep Transit System,01 The Subterranean Grid,Platform Cluster Alpha,20,sub_locations/05_deep_transit_system/01_the_subterranean_grid/02_platform_cluster_alpha
05 Deep Transit System,01 The Subterranean Grid,Maintenance Loop,20,sub_locations/05_deep_transit_system/01_the_subterranean_grid/03_maintenance_loop
05 Deep Transit System,01 The Subterranean Grid,Relay Control Station,20,sub_locations/05_deep_transit_system/01_the_subterranean_grid/04_relay_control_station
05 Deep Transit System,01 The Subterranean Grid,Signal Bridge,20,sub_locations/05_deep_transit_system/01_the_subterranean_grid/05_signal_bridge
05 Deep Transit System,01 The Subterranean Grid,Abandoned Siding,20,sub_locations/05_deep_transit_system/01_the_subterranean_grid/06_abandoned_siding
05 Deep Transit System,01 The Subterranean Grid,Freight Vault,20,sub_locations/05_deep_transit_system/01_the_subterranean_grid/07_freight_vault
05 Deep Transit System,01 The Subterranean Grid,Emergency Shelter Platform,20,sub_locations/05_deep_transit_system/01_the_subterranean_grid/08_emergency_shelter_platform
05 Deep Transit System,01 The Subterranean Grid,Deep Terminal Gate,20,sub_locations/05_deep_transit_system/01_the_subterranean_grid/09_deep_terminal_gate
05 Deep Transit System,02 The Private Quarantine,Intake Checkpoint,20,sub_locations/05_deep_transit_system/02_the_private_quarantine/01_intake_checkpoint
05 Deep Transit System,02 The Private Quarantine,Isolation Wing Alpha,20,sub_locations/05_deep_transit_system/02_the_private_quarantine/02_isolation_wing_alpha
05 Deep Transit System,02 The Private Quarantine,Decon Corridor,20,sub_locations/05_deep_transit_system/02_the_private_quarantine/03_decon_corridor
05 Deep Transit System,02 The Private Quarantine,Observation Ring,20,sub_locations/05_deep_transit_system/02_the_private_quarantine/04_observation_ring
05 Deep Transit System,02 The Private Quarantine,Sedation Ward,20,sub_locations/05_deep_transit_system/02_the_private_quarantine/05_sedation_ward
05 Deep Transit System,02 The Private Quarantine,Containment Vaults,20,sub_locations/05_deep_transit_system/02_the_private_quarantine/06_containment_vaults
05 Deep Transit System,02 The Private Quarantine,Quarantine Chapel,20,sub_locations/05_deep_transit_system/02_the_private_quarantine/07_quarantine_chapel
05 Deep Transit System,02 The Private Quarantine,Emergency Purge System,20,sub_locations/05_deep_transit_system/02_the_private_quarantine/08_emergency_purge_system
05 Deep Transit System,02 The Private Quarantine,The Silent Exit,20,sub_locations/05_deep_transit_system/02_the_private_quarantine/09_the_silent_exit
05 Deep Transit System,03 The Revision Labs,Entry Drafting Bay,20,sub_locations/05_deep_transit_system/03_the_revision_labs/01_entry_drafting_bay
05 Deep Transit System,03 The Revision Labs,Revision Engine,20,sub_locations/05_deep_transit_system/03_the_revision_labs/02_revision_engine
05 Deep Transit System,03 The Revision Labs,Echo Chamber,20,sub_locations/05_deep_transit_system/03_the_revision_labs/03_echo_chamber
05 Deep Transit System,03 The Revision Labs,Reset Hall,20,sub_locations/05_deep_transit_system/03_the_revision_labs/04_reset_hall
05 Deep Transit System,03 The Revision Labs,Temporal Scaffold,20,sub_locations/05_deep_transit_system/03_the_revision_labs/05_temporal_scaffold
05 Deep Transit System,03 The Revision Labs,Prototype Theater,20,sub_locations/05_deep_transit_system/03_the_revision_labs/06_prototype_theater
05 Deep Transit System,03 The Revision Labs,Recovery Loop,20,sub_locations/05_deep_transit_system/03_the_revision_labs/07_recovery_loop
05 Deep Transit System,03 The Revision Labs,Observation Catwalk,20,sub_locations/05_deep_transit_system/03_the_revision_labs/08_observation_catwalk
05 Deep Transit System,03 The Revision Labs,Final Reversion Gate,20,sub_locations/05_deep_transit_system/03_the_revision_labs/09_final_reversion_gate
06 Geothermal Abyss,01 The Molten Forge,Crater Gate,20,sub_locations/06_geothermal_abyss/01_the_molten_forge/01_crater_gate
06 Geothermal Abyss,01 The Molten Forge,Chainlift Gantry,20,sub_locations/06_geothermal_abyss/01_the_molten_forge/02_chainlift_gantry
06 Geothermal Abyss,01 The Molten Forge,Main Crucible,20,sub_locations/06_geothermal_abyss/01_the_molten_forge/03_main_crucible
06 Geothermal Abyss,01 The Molten Forge,Slag Spillway,20,sub_locations/06_geothermal_abyss/01_the_molten_forge/04_slag_spillway
06 Geothermal Abyss,01 The Molten Forge,Hammer Floor,20,sub_locations/06_geothermal_abyss/01_the_molten_forge/05_hammer_floor
06 Geothermal Abyss,01 The Molten Forge,Foundry Vault,20,sub_locations/06_geothermal_abyss/01_the_molten_forge/06_foundry_vault
06 Geothermal Abyss,01 The Molten Forge,Heat Sink Towers,20,sub_locations/06_geothermal_abyss/01_the_molten_forge/07_heat_sink_towers
06 Geothermal Abyss,01 The Molten Forge,Ore Switchyard,20,sub_locations/06_geothermal_abyss/01_the_molten_forge/08_ore_switchyard
06 Geothermal Abyss,01 The Molten Forge,Core Anvil,20,sub_locations/06_geothermal_abyss/01_the_molten_forge/09_core_anvil
06 Geothermal Abyss,02 The Abyssal Trench,Surface Lift Dock,20,sub_locations/06_geothermal_abyss/02_the_abyssal_trench/01_surface_lift_dock
06 Geothermal Abyss,02 The Abyssal Trench,Main Observation Dome,20,sub_locations/06_geothermal_abyss/02_the_abyssal_trench/02_main_observation_dome
06 Geothermal Abyss,02 The Abyssal Trench,Pressure Gate,20,sub_locations/06_geothermal_abyss/02_the_abyssal_trench/03_pressure_gate
06 Geothermal Abyss,02 The Abyssal Trench,Coral Laboratory,20,sub_locations/06_geothermal_abyss/02_the_abyssal_trench/04_coral_laboratory
06 Geothermal Abyss,02 The Abyssal Trench,Deepwater Causeway,20,sub_locations/06_geothermal_abyss/02_the_abyssal_trench/05_deepwater_causeway
06 Geothermal Abyss,02 The Abyssal Trench,Ballast Spine,20,sub_locations/06_geothermal_abyss/02_the_abyssal_trench/06_ballast_spine
06 Geothermal Abyss,02 The Abyssal Trench,Trench Window,20,sub_locations/06_geothermal_abyss/02_the_abyssal_trench/07_trench_window
06 Geothermal Abyss,02 The Abyssal Trench,Floodlock Annex,20,sub_locations/06_geothermal_abyss/02_the_abyssal_trench/08_floodlock_annex
06 Geothermal Abyss,02 The Abyssal Trench,The Abyss Crown,20,sub_locations/06_geothermal_abyss/02_the_abyssal_trench/09_the_abyss_crown
06 Geothermal Abyss,03 The Wayfora Archipelago,Arrival Harbor,20,sub_locations/06_geothermal_abyss/03_the_wayfora_archipelago/01_arrival_harbor
06 Geothermal Abyss,03 The Wayfora Archipelago,Waystone Pier,20,sub_locations/06_geothermal_abyss/03_the_wayfora_archipelago/02_waystone_pier
06 Geothermal Abyss,03 The Wayfora Archipelago,Tempest Lookout,20,sub_locations/06_geothermal_abyss/03_the_wayfora_archipelago/03_tempest_lookout
06 Geothermal Abyss,03 The Wayfora Archipelago,Ember Cay,20,sub_locations/06_geothermal_abyss/03_the_wayfora_archipelago/04_ember_cay
06 Geothermal Abyss,03 The Wayfora Archipelago,Tideglass Lagoon,20,sub_locations/06_geothermal_abyss/03_the_wayfora_archipelago/05_tideglass_lagoon
06 Geothermal Abyss,03 The Wayfora Archipelago,Zephyr Bridge,20,sub_locations/06_geothermal_abyss/03_the_wayfora_archipelago/06_zephyr_bridge
06 Geothermal Abyss,03 The Wayfora Archipelago,Elemental Shrine Ring,20,sub_locations/06_geothermal_abyss/03_the_wayfora_archipelago/07_elemental_shrine_ring
06 Geothermal Abyss,03 The Wayfora Archipelago,Transit Beacon,20,sub_locations/06_geothermal_abyss/03_the_wayfora_archipelago/08_transit_beacon
06 Geothermal Abyss,03 The Wayfora Archipelago,Outer Breakwater,20,sub_locations/06_geothermal_abyss/03_the_wayfora_archipelago/09_outer_breakwater
