pack_number,zip,pack_name,class,subclass,specialization,ability,monster,boss,support_npc,weather,terrain,sun_variant,glb_modules,texture_png,audio_wav,config_docs,size_bytes
773,0773_packmaster_heel_heel_strike_combat_magic_upgrade_0773.zip,Packmaster Heel & Heel-Strike Combat Magic Upgrade 0773,Packmaster,Outward Hunter,Coordinated Assault,Heel & Heel-Strike,The Iron-Jaw Hound,The Null Anomaly,The Grand Archivist,snow squall,glass shard soundwave,eclipse violet rim,8,12,5,11,84371
774,0774_orbital_striker_thruster_parry_combat_magic_upgrade_0774.zip,Orbital Striker Thruster Parry Combat Magic Upgrade 0774,Orbital Striker,Orbital Bombardment,Frictionless Dash,Thruster Parry,The Nexus Swarmers,The Ivory Behemoth,Tidespeaker Nami,zero-g starstorm,root snare,storm green cast,8,12,5,11,86796
775,0775_scrap_tek_wrecking_ball_combat_magic_upgrade_0775.zip,Scrap-Tek Wrecking Ball Combat Magic Upgrade 0775,Scrap-Tek,Exo-Brawler,Sentry Defense,Wrecking Ball,The Sylvan Juggernaut,The Ascendant Colossus,Beastmaster Thorne,fog bank,starfield dust,molten red noon,8,12,5,11,94964
776,0776_kinetic_juggernaut_ground_zero_combat_magic_upgrade_0776.zip,Kinetic Juggernaut Ground Zero Combat Magic Upgrade 0776,Kinetic Juggernaut,Counter-Weight,The Stampede,Ground Zero,The Gnarl-Maws,The Resonant Behemoth,Director Vance,tidal surge,glass shard soundwave,deep-water cyan bloom,8,12,5,11,126558
777,0777_phantom_shift_time_dilation_aura_combat_magic_upgrade_0777.zip,Phantom-Shift Time-Dilation Aura Combat Magic Upgrade 0777,Phantom-Shift,Void-Walker,Time-Loop,Time-Dilation Aura,The Aegis Carapace,The Data-Forged Evolvarch,The Grand Archivist,clear dawn,root snare,archive white-gold,8,12,5,11,86809
778,0778_sylvan_warden_master_gardener_combat_magic_upgrade_0778.zip,Sylvan Warden Master Gardener Combat Magic Upgrade 0778,Sylvan Warden,Iron-Bark,Tectonic Roots,Master Gardener,The Tremor-Fiend,The Resonance Maestro,Tidespeaker Nami,amber dusk,starfield dust,void blacklight sun,8,12,5,11,127045
779,0779_flux_caster_frame_trap_decoy_combat_magic_upgrade_0779.zip,Flux-Caster Frame-Trap Decoy Combat Magic Upgrade 0779,Flux-Caster,Aether-Blade,Elemental Ward,Frame-Trap Decoy,The Scrap-Stalker,The Syndicate Lich,Beastmaster Thorne,acid rain,glass shard soundwave,festival magenta sun,8,12,5,11,108587
780,0780_protocol_weaver_system_override_combat_magic_upgrade_0780.zip,Protocol Weaver System Override Combat Magic Upgrade 0780,Protocol Weaver,Front-Matter Architect,Foundation Warding,System Override,The Grid-Rushers,The Apex Chimera,Director Vance,snow squall,root snare,cold blue sunrise,8,12,5,11,110980
781,0781_apex_mutator_the_anomaly_virus_combat_magic_upgrade_0781.zip,Apex Mutator The Anomaly Virus Combat Magic Upgrade 0781,Apex Mutator,Data-Code Deviant,Recursive Evolution,The Anomaly Virus,The Siphon-Ticks,The Astral Sovereign,The Grand Archivist,zero-g starstorm,starfield dust,golden sanctuary sun,8,12,5,11,126119
782,0782_resonant_sub_woofer_slam_combat_magic_upgrade_0782.zip,Resonant Sub-Woofer Slam Combat Magic Upgrade 0782,Resonant,Wakaan Mystic,Acoustic Shielding,Sub-Woofer Slam,The Venom-Spitter,The Null Anomaly,Tidespeaker Nami,fog bank,glass shard soundwave,ash-orange glare,8,12,5,11,108889
783,0783_packmaster_release_the_hound_combat_magic_upgrade_0783.zip,Packmaster Release the Hound Combat Magic Upgrade 0783,Packmaster,Hound-Rider,Territorial Divide,Release the Hound,Nexus Warden,The Ivory Behemoth,Beastmaster Thorne,tidal surge,root snare,eclipse violet rim,8,12,5,11,84146
784,0784_orbital_striker_stratosphere_slam_combat_magic_upgrade_0784.zip,Orbital Striker Stratosphere Slam Combat Magic Upgrade 0784,Orbital Striker,Zero-G Brawler,Repulsion Matrix,Stratosphere Slam,The Void Anomaly,The Ascendant Colossus,Director Vance,clear dawn,starfield dust,storm green cast,8,12,5,11,87243
785,0785_scrap_tek_junkyard_turret_combat_magic_upgrade_0785.zip,Scrap-Tek Junkyard Turret Combat Magic Upgrade 0785,Scrap-Tek,Scavenger,Overcharge,Junkyard Turret,The Scrap-Phalanx,The Resonant Behemoth,The Grand Archivist,amber dusk,glass shard soundwave,molten red noon,8,12,5,11,95179
786,0786_kinetic_juggernaut_crater_drop_combat_magic_upgrade_0786.zip,Kinetic Juggernaut Crater Drop Combat Magic Upgrade 0786,Kinetic Juggernaut,Momentum Engine,Aggro Manipulation,Crater Drop,The Iron-Jaw Hound,The Data-Forged Evolvarch,Tidespeaker Nami,acid rain,root snare,deep-water cyan bloom,8,12,5,11,126751
787,0787_phantom_shift_blink_parry_combat_magic_upgrade_0787.zip,Phantom-Shift Blink-Parry Combat Magic Upgrade 0787,Phantom-Shift,Chrono-Blade,Velocity Scaling,Blink-Parry,The Nexus Swarmers,The Resonance Maestro,Beastmaster Thorne,snow squall,starfield dust,archive white-gold,8,12,5,11,86505
788,0788_sylvan_warden_frame_trap_substitution_combat_magic_upgrade_0788.zip,Sylvan Warden Frame-Trap Substitution Combat Magic Upgrade 0788,Sylvan Warden,Verdant Weaver,Briar-Patch,Frame-Trap Substitution,The Sylvan Juggernaut,The Syndicate Lich,Director Vance,zero-g starstorm,glass shard soundwave,void blacklight sun,8,12,5,11,127357
789,0789_flux_caster_elemental_dive_combat_magic_upgrade_0789.zip,Flux-Caster Elemental Dive Combat Magic Upgrade 0789,Flux-Caster,Storm-Caller,Crystal Carapace,Elemental Dive,The Gnarl-Maws,The Apex Chimera,The Grand Archivist,fog bank,root snare,festival magenta sun,8,12,5,11,109534
790,0790_protocol_weaver_grapple_syntax_combat_magic_upgrade_0790.zip,Protocol Weaver Grapple Syntax Combat Magic Upgrade 0790,Protocol Weaver,Evolutionary Coder,Digital Ascension,Grapple Syntax,The Aegis Carapace,The Astral Sovereign,Tidespeaker Nami,tidal surge,starfield dust,cold blue sunrise,8,12,5,11,109914
791,0791_apex_mutator_assimilation_roar_combat_magic_upgrade_0791.zip,Apex Mutator Assimilation Roar Combat Magic Upgrade 0791,Apex Mutator,Primal Catalyst,Apex Predator,Assimilation Roar,The Tremor-Fiend,The Null Anomaly,Beastmaster Thorne,clear dawn,glass shard soundwave,golden sanctuary sun,8,12,5,11,126687
792,0792_resonant_festival_headliner_combat_magic_upgrade_0792.zip,Resonant Festival Headliner Combat Magic Upgrade 0792,Resonant,Sub-Bass Architect,Low-Frequency Disruption,Festival Headliner,The Scrap-Stalker,The Ivory Behemoth,Director Vance,amber dusk,root snare,ash-orange glare,8,12,5,11,108460
793,0793_packmaster_alpha_s_command_combat_magic_upgrade_0793.zip,Packmaster Alpha's Command Combat Magic Upgrade 0793,Packmaster,Alpha-Handler,Heavy-Chewer Lockdown,Alpha's Command,The Grid-Rushers,The Ascendant Colossus,The Grand Archivist,acid rain,starfield dust,eclipse violet rim,8,12,5,11,83751
794,0794_orbital_striker_hover_dash_combat_magic_upgrade_0794.zip,Orbital Striker Hover-Dash Combat Magic Upgrade 0794,Orbital Striker,Thruster-Junkie,Atmospheric Juggle,Hover-Dash,The Siphon-Ticks,The Resonant Behemoth,Tidespeaker Nami,snow squall,glass shard soundwave,storm green cast,8,12,5,11,86136
795,0795_scrap_tek_hydraulic_piston_combat_magic_upgrade_0795.zip,Scrap-Tek Hydraulic Piston Combat Magic Upgrade 0795,Scrap-Tek,Field-Mechanic,Shrapnel Storm,Hydraulic Piston,The Venom-Spitter,The Data-Forged Evolvarch,Beastmaster Thorne,zero-g starstorm,root snare,molten red noon,8,12,5,11,95038
796,0796_kinetic_juggernaut_release_valve_combat_magic_upgrade_0796.zip,Kinetic Juggernaut Release Valve Combat Magic Upgrade 0796,Kinetic Juggernaut,Seismic Brawler,Release Valve,Release Valve,Nexus Warden,The Resonance Maestro,Director Vance,fog bank,starfield dust,deep-water cyan bloom,8,12,5,11,126341
797,0797_phantom_shift_reality_shatter_combat_magic_upgrade_0797.zip,Phantom-Shift Reality Shatter Combat Magic Upgrade 0797,Phantom-Shift,Neural-Linker,Shadow-Anchor,Reality Shatter,The Void Anomaly,The Syndicate Lich,The Grand Archivist,tidal surge,glass shard soundwave,archive white-gold,8,12,5,11,86155
798,0798_sylvan_warden_vine_pull_combat_magic_upgrade_0798.zip,Sylvan Warden Vine-Pull Combat Magic Upgrade 0798,Sylvan Warden,Apex Flora,Ablative Carapace,Vine-Pull,The Scrap-Phalanx,The Apex Chimera,Tidespeaker Nami,clear dawn,root snare,void blacklight sun,8,12,5,11,127128
799,0799_flux_caster_stance_dance_combat_magic_upgrade_0799.zip,Flux-Caster Stance Dance Combat Magic Upgrade 0799,Flux-Caster,Geo-Mage,Spell-Strike,Stance Dance,The Iron-Jaw Hound,The Astral Sovereign,Beastmaster Thorne,amber dusk,starfield dust,festival magenta sun,8,12,5,11,109750
800,0800_protocol_weaver_structural_rewrite_combat_magic_upgrade_0800.zip,Protocol Weaver Structural Rewrite Combat Magic Upgrade 0800,Protocol Weaver,EPI-Savant,Reality Tearing,Structural Rewrite,The Nexus Swarmers,The Null Anomaly,Director Vance,acid rain,glass shard soundwave,cold blue sunrise,8,12,5,11,110000
801,0801_apex_mutator_dna_siphon_combat_magic_upgrade_0801.zip,Apex Mutator DNA Siphon Combat Magic Upgrade 0801,Apex Mutator,Biomech Beast,Feral Regeneration,DNA Siphon,The Sylvan Juggernaut,The Ivory Behemoth,The Grand Archivist,snow squall,root snare,golden sanctuary sun,8,12,5,11,126223
802,0802_resonant_dual_woofer_slam_combat_magic_upgrade_0802.zip,Resonant Dual-Woofer Slam Combat Magic Upgrade 0802,Resonant,Tempo-Weaver,Halftime Stasis,Dual-Woofer Slam,The Gnarl-Maws,The Ascendant Colossus,Tidespeaker Nami,zero-g starstorm,starfield dust,ash-orange glare,8,12,5,11,108406
803,0803_packmaster_launching_bite_combat_magic_upgrade_0803.zip,Packmaster Launching Bite Combat Magic Upgrade 0803,Packmaster,Feral Vanguard,Pack Mentality,Launching Bite,The Aegis Carapace,The Resonant Behemoth,Beastmaster Thorne,fog bank,glass shard soundwave,eclipse violet rim,8,12,5,11,83151
804,0804_orbital_striker_anti_grav_uppercut_combat_magic_upgrade_0804.zip,Orbital Striker Anti-Grav Uppercut Combat Magic Upgrade 0804,Orbital Striker,Grav-Architect,Singularity Tether,Anti-Grav Uppercut,The Tremor-Fiend,The Data-Forged Evolvarch,Director Vance,tidal surge,root snare,storm green cast,8,12,5,11,85392
805,0805_scrap_tek_magnetic_tether_combat_magic_upgrade_0805.zip,Scrap-Tek Magnetic Tether Combat Magic Upgrade 0805,Scrap-Tek,Shock-Jockey,Static Grid,Magnetic Tether,The Scrap-Stalker,The Resonance Maestro,The Grand Archivist,clear dawn,starfield dust,molten red noon,8,12,5,11,96120
806,0806_kinetic_juggernaut_heavy_handed_combat_magic_upgrade_0806.zip,Kinetic Juggernaut Heavy-Handed Combat Magic Upgrade 0806,Kinetic Juggernaut,Inertia Bastion,Heavy Grapple,Heavy-Handed,The Grid-Rushers,The Syndicate Lich,Tidespeaker Nami,amber dusk,glass shard soundwave,deep-water cyan bloom,8,12,5,11,126285
807,0807_phantom_shift_chrono_collapse_combat_magic_upgrade_0807.zip,Phantom-Shift Chrono-Collapse Combat Magic Upgrade 0807,Phantom-Shift,Glass-Cannon,Sensory Feedback,Chrono-Collapse,The Siphon-Ticks,The Apex Chimera,Beastmaster Thorne,acid rain,root snare,archive white-gold,8,12,5,11,87160
808,0808_sylvan_warden_briar_web_combat_magic_upgrade_0808.zip,Sylvan Warden Briar Web Combat Magic Upgrade 0808,Sylvan Warden,Root-Binder,Photosynthesis,Briar Web,The Venom-Spitter,The Astral Sovereign,Director Vance,snow squall,starfield dust,void blacklight sun,8,12,5,11,127464
809,0809_flux_caster_the_maelstrom_combat_magic_upgrade_0809.zip,Flux-Caster The Maelstrom Combat Magic Upgrade 0809,Flux-Caster,Elemental Weaver,Blizzard,The Maelstrom,Nexus Warden,The Null Anomaly,The Grand Archivist,zero-g starstorm,glass shard soundwave,festival magenta sun,8,12,5,11,108695
810,0810_protocol_weaver_final_revision_combat_magic_upgrade_0810.zip,Protocol Weaver Final Revision Combat Magic Upgrade 0810,Protocol Weaver,Anomaly,Biomechanical Shift,Final Revision,The Void Anomaly,The Ivory Behemoth,Tidespeaker Nami,fog bank,root snare,cold blue sunrise,8,12,5,11,109721
811,0811_apex_mutator_apex_ascendancy_combat_magic_upgrade_0811.zip,Apex Mutator Apex Ascendancy Combat Magic Upgrade 0811,Apex Mutator,Chimera Strand,Earth-Shaker,Apex Ascendancy,The Scrap-Phalanx,The Ascendant Colossus,Beastmaster Thorne,tidal surge,starfield dust,golden sanctuary sun,8,12,5,11,126179
812,0812_resonant_wall_of_sound_combat_magic_upgrade_0812.zip,Resonant Wall of Sound Combat Magic Upgrade 0812,Resonant,Sonic Vanguard,Psychoacoustic Illusion,Wall of Sound,The Iron-Jaw Hound,The Resonant Behemoth,Director Vance,clear dawn,glass shard soundwave,ash-orange glare,8,12,5,11,108478
813,0813_packmaster_the_latch_combat_magic_upgrade_0813.zip,Packmaster The Latch Combat Magic Upgrade 0813,Packmaster,Outward Hunter,Mounted Artillery,The Latch,The Nexus Swarmers,The Data-Forged Evolvarch,The Grand Archivist,amber dusk,root snare,eclipse violet rim,8,12,5,11,84018
814,0814_orbital_striker_thruster_strike_combat_magic_upgrade_0814.zip,Orbital Striker Thruster-Strike Combat Magic Upgrade 0814,Orbital Striker,Orbital Bombardment,Kinetic Rods,Thruster-Strike,The Sylvan Juggernaut,The Resonance Maestro,Tidespeaker Nami,acid rain,starfield dust,storm green cast,8,12,5,11,86096
815,0815_scrap_tek_junkyard_titan_combat_magic_upgrade_0815.zip,Scrap-Tek Junkyard Titan Combat Magic Upgrade 0815,Scrap-Tek,Exo-Brawler,Hydraulic Leap,Junkyard Titan,The Gnarl-Maws,The Syndicate Lich,Beastmaster Thorne,snow squall,glass shard soundwave,molten red noon,8,12,5,11,95332
816,0816_kinetic_juggernaut_dual_release_combat_magic_upgrade_0816.zip,Kinetic Juggernaut Dual Release Combat Magic Upgrade 0816,Kinetic Juggernaut,Counter-Weight,Kinetic Absorption,Dual Release,The Aegis Carapace,The Apex Chimera,Director Vance,zero-g starstorm,root snare,deep-water cyan bloom,8,12,5,11,126151
817,0817_phantom_shift_vaulting_stutter_combat_magic_upgrade_0817.zip,Phantom-Shift Vaulting Stutter Combat Magic Upgrade 0817,Phantom-Shift,Void-Walker,Phase-Shift Assassination,Vaulting Stutter,The Tremor-Fiend,The Astral Sovereign,The Grand Archivist,fog bank,starfield dust,archive white-gold,8,12,5,11,87048
818,0818_sylvan_warden_bramble_slam_combat_magic_upgrade_0818.zip,Sylvan Warden Bramble-Slam Combat Magic Upgrade 0818,Sylvan Warden,Iron-Bark,Thorns & Tethers,Bramble-Slam,The Scrap-Stalker,The Null Anomaly,Tidespeaker Nami,tidal surge,glass shard soundwave,void blacklight sun,8,12,5,11,127567
819,0819_flux_caster_ley_line_pull_combat_magic_upgrade_0819.zip,Flux-Caster Ley-Line Pull Combat Magic Upgrade 0819,Flux-Caster,Aether-Blade,Superconduct,Ley-Line Pull,The Grid-Rushers,The Ivory Behemoth,Beastmaster Thorne,clear dawn,root snare,festival magenta sun,8,12,5,11,109990
820,0820_protocol_weaver_frame_trap_combat_magic_upgrade_0820.zip,Protocol Weaver Frame-Trap Combat Magic Upgrade 0820,Protocol Weaver,Front-Matter Architect,Cognitive Override,Frame-Trap,The Siphon-Ticks,The Ascendant Colossus,Director Vance,amber dusk,starfield dust,cold blue sunrise,8,12,5,11,109406
821,0821_apex_mutator_omega_cleave_combat_magic_upgrade_0821.zip,Apex Mutator Omega Cleave Combat Magic Upgrade 0821,Apex Mutator,Data-Code Deviant,Scrap-Armor,Omega Cleave,The Venom-Spitter,The Resonant Behemoth,The Grand Archivist,acid rain,glass shard soundwave,golden sanctuary sun,8,12,5,11,126889
822,0822_resonant_acoustic_counter_combat_magic_upgrade_0822.zip,Resonant Acoustic Counter Combat Magic Upgrade 0822,Resonant,Wakaan Mystic,Accelerando,Acoustic Counter,Nexus Warden,The Data-Forged Evolvarch,Tidespeaker Nami,snow squall,root snare,ash-orange glare,8,12,5,11,108242
823,0823_packmaster_dual_latch_combat_magic_upgrade_0823.zip,Packmaster Dual-Latch Combat Magic Upgrade 0823,Packmaster,Hound-Rider,Blood-Scent,Dual-Latch,The Void Anomaly,The Resonance Maestro,Beastmaster Thorne,zero-g starstorm,starfield dust,eclipse violet rim,8,12,5,11,83679
824,0824_orbital_striker_the_rod_of_god_combat_magic_upgrade_0824.zip,Orbital Striker The Rod of God Combat Magic Upgrade 0824,Orbital Striker,Zero-G Brawler,Frictionless Dash,The Rod of God,The Scrap-Phalanx,The Syndicate Lich,Director Vance,fog bank,glass shard soundwave,storm green cast,8,12,5,11,86558
825,0825_scrap_tek_emp_grid_combat_magic_upgrade_0825.zip,Scrap-Tek EMP Grid Combat Magic Upgrade 0825,Scrap-Tek,Scavenger,Hunter-Killer Drones,EMP Grid,The Iron-Jaw Hound,The Apex Chimera,The Grand Archivist,tidal surge,root snare,molten red noon,8,12,5,11,95219
826,0826_kinetic_juggernaut_gravity_well_combat_magic_upgrade_0826.zip,Kinetic Juggernaut Gravity Well Combat Magic Upgrade 0826,Kinetic Juggernaut,Momentum Engine,Inertial Mass,Gravity Well,The Nexus Swarmers,The Astral Sovereign,Tidespeaker Nami,clear dawn,starfield dust,deep-water cyan bloom,8,12,5,11,126677
827,0827_phantom_shift_stutter_step_combat_magic_upgrade_0827.zip,Phantom-Shift Stutter-Step Combat Magic Upgrade 0827,Phantom-Shift,Chrono-Blade,Time-Loop,Stutter-Step,The Sylvan Juggernaut,The Null Anomaly,Beastmaster Thorne,amber dusk,glass shard soundwave,archive white-gold,8,12,5,11,87267
828,0828_sylvan_warden_vine_whip_combat_magic_upgrade_0828.zip,Sylvan Warden Vine-Whip Combat Magic Upgrade 0828,Sylvan Warden,Verdant Weaver,Canopy Assault,Vine-Whip,The Gnarl-Maws,The Ivory Behemoth,Director Vance,acid rain,root snare,void blacklight sun,8,12,5,11,127989
829,0829_flux_caster_flux_parry_combat_magic_upgrade_0829.zip,Flux-Caster Flux-Parry Combat Magic Upgrade 0829,Flux-Caster,Storm-Caller,Hurricane,Flux-Parry,The Aegis Carapace,The Ascendant Colossus,The Grand Archivist,snow squall,starfield dust,festival magenta sun,8,12,5,11,108899
830,0830_protocol_weaver_the_red_pen_combat_magic_upgrade_0830.zip,Protocol Weaver The Red Pen Combat Magic Upgrade 0830,Protocol Weaver,Evolutionary Coder,Foundation Warding,The Red Pen,The Tremor-Fiend,The Resonant Behemoth,Tidespeaker Nami,zero-g starstorm,glass shard soundwave,cold blue sunrise,8,12,5,11,110021
831,0831_apex_mutator_beta_trigger_combat_magic_upgrade_0831.zip,Apex Mutator Beta Trigger Combat Magic Upgrade 0831,Apex Mutator,Primal Catalyst,Corrupted File,Beta Trigger,The Scrap-Stalker,The Data-Forged Evolvarch,Beastmaster Thorne,fog bank,root snare,golden sanctuary sun,8,12,5,11,126383
832,0832_resonant_metric_strike_combat_magic_upgrade_0832.zip,Resonant Metric Strike Combat Magic Upgrade 0832,Resonant,Sub-Bass Architect,Reverb Deflection,Metric Strike,The Grid-Rushers,The Resonance Maestro,Director Vance,tidal surge,starfield dust,ash-orange glare,8,12,5,11,108514
833,0833_packmaster_meat_shield_combat_magic_upgrade_0833.zip,Packmaster Meat-Shield Combat Magic Upgrade 0833,Packmaster,Alpha-Handler,Territorial Divide,Meat-Shield,The Siphon-Ticks,The Syndicate Lich,The Grand Archivist,clear dawn,glass shard soundwave,eclipse violet rim,8,12,5,11,83509
834,0834_orbital_striker_the_master_aviator_combat_magic_upgrade_0834.zip,Orbital Striker The Master Aviator Combat Magic Upgrade 0834,Orbital Striker,Thruster-Junkie,Satellite Painting,The Master Aviator,The Venom-Spitter,The Apex Chimera,Tidespeaker Nami,amber dusk,root snare,storm green cast,8,12,5,11,86012
835,0835_scrap_tek_wrecking_ball_combat_magic_upgrade_0835.zip,Scrap-Tek Wrecking Ball Combat Magic Upgrade 0835,Scrap-Tek,Field-Mechanic,Piston-Strike,Wrecking Ball,Nexus Warden,The Astral Sovereign,Beastmaster Thorne,acid rain,starfield dust,molten red noon,8,12,5,11,95233
836,0836_kinetic_juggernaut_vaulting_stomp_combat_magic_upgrade_0836.zip,Kinetic Juggernaut Vaulting Stomp Combat Magic Upgrade 0836,Kinetic Juggernaut,Seismic Brawler,Aggro Manipulation,Vaulting Stomp,The Void Anomaly,The Null Anomaly,Director Vance,snow squall,glass shard soundwave,deep-water cyan bloom,8,12,5,11,125157
837,0837_phantom_shift_singularity_event_combat_magic_upgrade_0837.zip,Phantom-Shift Singularity Event Combat Magic Upgrade 0837,Phantom-Shift,Neural-Linker,Momentum Drift,Singularity Event,The Scrap-Phalanx,The Ivory Behemoth,The Grand Archivist,zero-g starstorm,root snare,archive white-gold,8,12,5,11,86408
838,0838_sylvan_warden_master_gardener_combat_magic_upgrade_0838.zip,Sylvan Warden Master Gardener Combat Magic Upgrade 0838,Sylvan Warden,Apex Flora,The Overgrowth,Master Gardener,The Iron-Jaw Hound,The Ascendant Colossus,Tidespeaker Nami,fog bank,starfield dust,void blacklight sun,8,12,5,11,127679
839,0839_flux_caster_avatar_of_flux_combat_magic_upgrade_0839.zip,Flux-Caster Avatar of Flux Combat Magic Upgrade 0839,Flux-Caster,Geo-Mage,Crystal Carapace,Avatar of Flux,The Nexus Swarmers,The Resonant Behemoth,Beastmaster Thorne,tidal surge,glass shard soundwave,festival magenta sun,8,12,5,11,109223
840,0840_protocol_weaver_syntax_strike_combat_magic_upgrade_0840.zip,Protocol Weaver Syntax Strike Combat Magic Upgrade 0840,Protocol Weaver,EPI-Savant,Structural Revision,Syntax Strike,The Sylvan Juggernaut,The Data-Forged Evolvarch,Director Vance,clear dawn,root snare,cold blue sunrise,8,12,5,11,108843
841,0841_apex_mutator_alpha_trigger_combat_magic_upgrade_0841.zip,Apex Mutator Alpha Trigger Combat Magic Upgrade 0841,Apex Mutator,Biomech Beast,Cyber-Strike,Alpha Trigger,The Gnarl-Maws,The Resonance Maestro,The Grand Archivist,amber dusk,starfield dust,golden sanctuary sun,8,12,5,11,126750
842,0842_resonant_the_soundscape_combat_magic_upgrade_0842.zip,Resonant The Soundscape Combat Magic Upgrade 0842,Resonant,Tempo-Weaver,Low-Frequency Disruption,The Soundscape,The Aegis Carapace,The Syndicate Lich,Tidespeaker Nami,acid rain,glass shard soundwave,ash-orange glare,8,12,5,11,109390
843,0843_packmaster_heel_heel_strike_combat_magic_upgrade_0843.zip,Packmaster Heel & Heel-Strike Combat Magic Upgrade 0843,Packmaster,Feral Vanguard,Coordinated Assault,Heel & Heel-Strike,The Tremor-Fiend,The Apex Chimera,Beastmaster Thorne,snow squall,root snare,eclipse violet rim,8,12,5,11,83632
844,0844_orbital_striker_exosphere_stasis_combat_magic_upgrade_0844.zip,Orbital Striker Exosphere Stasis Combat Magic Upgrade 0844,Orbital Striker,Grav-Architect,Meteor Crash,Exosphere Stasis,The Scrap-Stalker,The Astral Sovereign,Director Vance,zero-g starstorm,starfield dust,storm green cast,8,12,5,11,87051
845,0845_scrap_tek_junkyard_turret_combat_magic_upgrade_0845.zip,Scrap-Tek Junkyard Turret Combat Magic Upgrade 0845,Scrap-Tek,Shock-Jockey,Shrapnel Storm,Junkyard Turret,The Grid-Rushers,The Null Anomaly,The Grand Archivist,fog bank,glass shard soundwave,molten red noon,8,12,5,11,94987
846,0846_kinetic_juggernaut_kinetic_guard_combat_magic_upgrade_0846.zip,Kinetic Juggernaut Kinetic Guard Combat Magic Upgrade 0846,Kinetic Juggernaut,Inertia Bastion,The Stampede,Kinetic Guard,The Siphon-Ticks,The Ivory Behemoth,Tidespeaker Nami,tidal surge,root snare,deep-water cyan bloom,8,12,5,11,125901
847,0847_phantom_shift_time_dilation_aura_combat_magic_upgrade_0847.zip,Phantom-Shift Time-Dilation Aura Combat Magic Upgrade 0847,Phantom-Shift,Glass-Cannon,Temporal Stutter,Time-Dilation Aura,The Venom-Spitter,The Ascendant Colossus,Beastmaster Thorne,clear dawn,starfield dust,archive white-gold,8,12,5,11,86606
848,0848_sylvan_warden_frame_trap_substitution_combat_magic_upgrade_0848.zip,Sylvan Warden Frame-Trap Substitution Combat Magic Upgrade 0848,Sylvan Warden,Root-Binder,Ablative Carapace,Frame-Trap Substitution,Nexus Warden,The Resonant Behemoth,Director Vance,amber dusk,glass shard soundwave,void blacklight sun,8,12,5,11,126989
849,0849_flux_caster_frame_trap_decoy_combat_magic_upgrade_0849.zip,Flux-Caster Frame-Trap Decoy Combat Magic Upgrade 0849,Flux-Caster,Elemental Weaver,Elemental Ward,Frame-Trap Decoy,The Void Anomaly,The Data-Forged Evolvarch,The Grand Archivist,acid rain,root snare,festival magenta sun,8,12,5,11,108807
850,0850_protocol_weaver_system_override_combat_magic_upgrade_0850.zip,Protocol Weaver System Override Combat Magic Upgrade 0850,Protocol Weaver,Anomaly,Timeline Splintering,System Override,The Scrap-Phalanx,The Resonance Maestro,Tidespeaker Nami,snow squall,starfield dust,cold blue sunrise,8,12,5,11,109416
851,0851_apex_mutator_the_anomaly_virus_combat_magic_upgrade_0851.zip,Apex Mutator The Anomaly Virus Combat Magic Upgrade 0851,Apex Mutator,Chimera Strand,Feral Regeneration,The Anomaly Virus,The Iron-Jaw Hound,The Syndicate Lich,Beastmaster Thorne,zero-g starstorm,glass shard soundwave,golden sanctuary sun,8,12,5,11,127194
852,0852_resonant_tectonic_shift_combat_magic_upgrade_0852.zip,Resonant Tectonic Shift Combat Magic Upgrade 0852,Resonant,Sonic Vanguard,Acoustic Shielding,Tectonic Shift,The Nexus Swarmers,The Apex Chimera,Director Vance,fog bank,root snare,ash-orange glare,8,12,5,11,108473
853,0853_packmaster_release_the_hound_combat_magic_upgrade_0853.zip,Packmaster Release the Hound Combat Magic Upgrade 0853,Packmaster,Outward Hunter,Flanking Maneuvers,Release the Hound,The Sylvan Juggernaut,The Astral Sovereign,The Grand Archivist,tidal surge,starfield dust,eclipse violet rim,8,12,5,11,84172
854,0854_orbital_striker_orbital_singularity_combat_magic_upgrade_0854.zip,Orbital Striker Orbital Singularity Combat Magic Upgrade 0854,Orbital Striker,Orbital Bombardment,Singularity Tether,Orbital Singularity,The Gnarl-Maws,The Null Anomaly,Tidespeaker Nami,clear dawn,glass shard soundwave,storm green cast,8,12,5,11,86226
855,0855_scrap_tek_hydraulic_piston_combat_magic_upgrade_0855.zip,Scrap-Tek Hydraulic Piston Combat Magic Upgrade 0855,Scrap-Tek,Exo-Brawler,Overcharge,Hydraulic Piston,The Aegis Carapace,The Ivory Behemoth,Beastmaster Thorne,amber dusk,root snare,molten red noon,8,12,5,11,95526
856,0856_kinetic_juggernaut_the_master_brawler_combat_magic_upgrade_0856.zip,Kinetic Juggernaut The Master Brawler Combat Magic Upgrade 0856,Kinetic Juggernaut,Counter-Weight,Tectonic Slams,The Master Brawler,The Tremor-Fiend,The Ascendant Colossus,Director Vance,acid rain,starfield dust,deep-water cyan bloom,8,12,5,11,125628
857,0857_phantom_shift_blink_parry_combat_magic_upgrade_0857.zip,Phantom-Shift Blink-Parry Combat Magic Upgrade 0857,Phantom-Shift,Void-Walker,Sensory Feedback,Blink-Parry,The Scrap-Stalker,The Resonant Behemoth,The Grand Archivist,snow squall,glass shard soundwave,archive white-gold,8,12,5,11,86371
858,0858_sylvan_warden_vine_pull_combat_magic_upgrade_0858.zip,Sylvan Warden Vine-Pull Combat Magic Upgrade 0858,Sylvan Warden,Iron-Bark,Briar-Patch,Vine-Pull,The Grid-Rushers,The Data-Forged Evolvarch,Tidespeaker Nami,zero-g starstorm,root snare,void blacklight sun,8,12,5,11,128261
859,0859_flux_caster_elemental_dive_combat_magic_upgrade_0859.zip,Flux-Caster Elemental Dive Combat Magic Upgrade 0859,Flux-Caster,Aether-Blade,Magma Flow,Elemental Dive,The Siphon-Ticks,The Resonance Maestro,Beastmaster Thorne,fog bank,starfield dust,festival magenta sun,8,12,5,11,109030
860,0860_protocol_weaver_grapple_syntax_combat_magic_upgrade_0860.zip,Protocol Weaver Grapple Syntax Combat Magic Upgrade 0860,Protocol Weaver,Front-Matter Architect,Biomechanical Shift,Grapple Syntax,The Venom-Spitter,The Syndicate Lich,Director Vance,tidal surge,glass shard soundwave,cold blue sunrise,8,12,5,11,109561
861,0861_apex_mutator_assimilation_roar_combat_magic_upgrade_0861.zip,Apex Mutator Assimilation Roar Combat Magic Upgrade 0861,Apex Mutator,Data-Code Deviant,Apex Predator,Assimilation Roar,Nexus Warden,The Apex Chimera,The Grand Archivist,clear dawn,root snare,golden sanctuary sun,8,12,5,11,125944
862,0862_resonant_the_bass_drop_combat_magic_upgrade_0862.zip,Resonant The Bass Drop Combat Magic Upgrade 0862,Resonant,Wakaan Mystic,Ethereal Resonance,The Bass Drop,The Void Anomaly,The Astral Sovereign,Tidespeaker Nami,amber dusk,starfield dust,ash-orange glare,8,12,5,11,108841
863,0863_packmaster_alpha_s_command_combat_magic_upgrade_0863.zip,Packmaster Alpha's Command Combat Magic Upgrade 0863,Packmaster,Hound-Rider,Mounted Artillery,Alpha's Command,The Scrap-Phalanx,The Null Anomaly,Beastmaster Thorne,acid rain,glass shard soundwave,eclipse violet rim,8,12,5,11,83239
864,0864_orbital_striker_the_grav_lift_combat_magic_upgrade_0864.zip,Orbital Striker The Grav-Lift Combat Magic Upgrade 0864,Orbital Striker,Zero-G Brawler,Atmospheric Juggle,The Grav-Lift,The Iron-Jaw Hound,The Ivory Behemoth,Director Vance,snow squall,root snare,storm green cast,8,12,5,11,87012
865,0865_scrap_tek_magnetic_tether_combat_magic_upgrade_0865.zip,Scrap-Tek Magnetic Tether Combat Magic Upgrade 0865,Scrap-Tek,Scavenger,Magnetic Harvester,Magnetic Tether,The Nexus Swarmers,The Ascendant Colossus,The Grand Archivist,zero-g starstorm,starfield dust,molten red noon,8,12,5,11,96244
866,0866_kinetic_juggernaut_juggernaut_charge_combat_magic_upgrade_0866.zip,Kinetic Juggernaut Juggernaut Charge Combat Magic Upgrade 0866,Kinetic Juggernaut,Momentum Engine,Kinetic Absorption,Juggernaut Charge,The Sylvan Juggernaut,The Resonant Behemoth,Tidespeaker Nami,fog bank,glass shard soundwave,deep-water cyan bloom,8,12,5,11,125330
867,0867_phantom_shift_reality_shatter_combat_magic_upgrade_0867.zip,Phantom-Shift Reality Shatter Combat Magic Upgrade 0867,Phantom-Shift,Chrono-Blade,Shadow-Anchor,Reality Shatter,The Gnarl-Maws,The Data-Forged Evolvarch,Beastmaster Thorne,tidal surge,root snare,archive white-gold,8,12,5,11,86530
868,0868_sylvan_warden_briar_web_combat_magic_upgrade_0868.zip,Sylvan Warden Briar Web Combat Magic Upgrade 0868,Sylvan Warden,Verdant Weaver,Spore-Cloud,Briar Web,The Aegis Carapace,The Resonance Maestro,Director Vance,clear dawn,starfield dust,void blacklight sun,8,12,5,11,127405
869,0869_flux_caster_stance_dance_combat_magic_upgrade_0869.zip,Flux-Caster Stance Dance Combat Magic Upgrade 0869,Flux-Caster,Storm-Caller,Superconduct,Stance Dance,The Tremor-Fiend,The Syndicate Lich,The Grand Archivist,amber dusk,glass shard soundwave,festival magenta sun,8,12,5,11,110038
870,0870_protocol_weaver_structural_rewrite_combat_magic_upgrade_0870.zip,Protocol Weaver Structural Rewrite Combat Magic Upgrade 0870,Protocol Weaver,Evolutionary Coder,Reality Tearing,Structural Rewrite,The Scrap-Stalker,The Apex Chimera,Tidespeaker Nami,acid rain,root snare,cold blue sunrise,8,12,5,11,109347
871,0871_apex_mutator_dna_siphon_combat_magic_upgrade_0871.zip,Apex Mutator DNA Siphon Combat Magic Upgrade 0871,Apex Mutator,Primal Catalyst,Venomous Adaptation,DNA Siphon,The Grid-Rushers,The Astral Sovereign,Beastmaster Thorne,snow squall,starfield dust,golden sanctuary sun,8,12,5,11,126001
872,0872_resonant_flow_arts_evasion_combat_magic_upgrade_0872.zip,Resonant Flow-Arts Evasion Combat Magic Upgrade 0872,Resonant,Sub-Bass Architect,Accelerando,Flow-Arts Evasion,The Siphon-Ticks,The Null Anomaly,Director Vance,zero-g starstorm,glass shard soundwave,ash-orange glare,8,12,5,11,108336
873,0873_packmaster_launching_bite_combat_magic_upgrade_0873.zip,Packmaster Launching Bite Combat Magic Upgrade 0873,Packmaster,Alpha-Handler,Pack Mentality,Launching Bite,The Venom-Spitter,The Ivory Behemoth,The Grand Archivist,fog bank,root snare,eclipse violet rim,8,12,5,11,83980
874,0874_orbital_striker_tractor_grapple_combat_magic_upgrade_0874.zip,Orbital Striker Tractor Grapple Combat Magic Upgrade 0874,Orbital Striker,Thruster-Junkie,Exhaust Burn,Tractor Grapple,Nexus Warden,The Ascendant Colossus,Tidespeaker Nami,tidal surge,starfield dust,storm green cast,8,12,5,11,86518
875,0875_scrap_tek_junkyard_titan_combat_magic_upgrade_0875.zip,Scrap-Tek Junkyard Titan Combat Magic Upgrade 0875,Scrap-Tek,Field-Mechanic,Hunter-Killer Drones,Junkyard Titan,The Void Anomaly,The Resonant Behemoth,Beastmaster Thorne,clear dawn,glass shard soundwave,molten red noon,8,12,5,11,95304
876,0876_kinetic_juggernaut_the_haymaker_combat_magic_upgrade_0876.zip,Kinetic Juggernaut The Haymaker Combat Magic Upgrade 0876,Kinetic Juggernaut,Seismic Brawler,Heavy Grapple,The Haymaker,The Scrap-Phalanx,The Data-Forged Evolvarch,Director Vance,amber dusk,root snare,deep-water cyan bloom,8,12,5,11,125983
877,0877_phantom_shift_chrono_collapse_combat_magic_upgrade_0877.zip,Phantom-Shift Chrono-Collapse Combat Magic Upgrade 0877,Phantom-Shift,Neural-Linker,Synaptic Overload,Chrono-Collapse,The Iron-Jaw Hound,The Resonance Maestro,The Grand Archivist,acid rain,starfield dust,archive white-gold,8,12,5,11,87560
878,0878_sylvan_warden_bramble_slam_combat_magic_upgrade_0878.zip,Sylvan Warden Bramble-Slam Combat Magic Upgrade 0878,Sylvan Warden,Apex Flora,Canopy Assault,Bramble-Slam,The Nexus Swarmers,The Syndicate Lich,Tidespeaker Nami,snow squall,glass shard soundwave,void blacklight sun,8,12,5,11,127769
879,0879_flux_caster_the_maelstrom_combat_magic_upgrade_0879.zip,Flux-Caster The Maelstrom Combat Magic Upgrade 0879,Flux-Caster,Geo-Mage,Blizzard,The Maelstrom,The Sylvan Juggernaut,The Apex Chimera,Beastmaster Thorne,zero-g starstorm,root snare,festival magenta sun,8,12,5,11,109193
880,0880_protocol_weaver_final_revision_combat_magic_upgrade_0880.zip,Protocol Weaver Final Revision Combat Magic Upgrade 0880,Protocol Weaver,EPI-Savant,Lethal Formatting,Final Revision,The Gnarl-Maws,The Astral Sovereign,Director Vance,fog bank,starfield dust,cold blue sunrise,8,12,5,11,109387
881,0881_apex_mutator_apex_ascendancy_combat_magic_upgrade_0881.zip,Apex Mutator Apex Ascendancy Combat Magic Upgrade 0881,Apex Mutator,Biomech Beast,Corrupted File,Apex Ascendancy,The Aegis Carapace,The Null Anomaly,The Grand Archivist,tidal surge,glass shard soundwave,golden sanctuary sun,8,12,5,11,127081
882,0882_resonant_the_master_mixer_combat_magic_upgrade_0882.zip,Resonant The Master Mixer Combat Magic Upgrade 0882,Resonant,Tempo-Weaver,Psychoacoustic Illusion,The Master Mixer,The Tremor-Fiend,The Ivory Behemoth,Tidespeaker Nami,clear dawn,root snare,ash-orange glare,8,12,5,11,108257
883,0883_packmaster_the_latch_combat_magic_upgrade_0883.zip,Packmaster The Latch Combat Magic Upgrade 0883,Packmaster,Feral Vanguard,The Stampede,The Latch,The Scrap-Stalker,The Ascendant Colossus,Beastmaster Thorne,amber dusk,starfield dust,eclipse violet rim,8,12,5,11,83445
884,0884_orbital_striker_thruster_parry_combat_magic_upgrade_0884.zip,Orbital Striker Thruster Parry Combat Magic Upgrade 0884,Orbital Striker,Grav-Architect,Satellite Painting,Thruster Parry,The Grid-Rushers,The Resonant Behemoth,Director Vance,acid rain,glass shard soundwave,storm green cast,8,12,5,11,86481
885,0885_scrap_tek_emp_grid_combat_magic_upgrade_0885.zip,Scrap-Tek EMP Grid Combat Magic Upgrade 0885,Scrap-Tek,Shock-Jockey,Hydraulic Leap,EMP Grid,The Siphon-Ticks,The Data-Forged Evolvarch,The Grand Archivist,snow squall,root snare,molten red noon,8,12,5,11,95373
886,0886_kinetic_juggernaut_perfect_deflection_combat_magic_upgrade_0886.zip,Kinetic Juggernaut Perfect Deflection Combat Magic Upgrade 0886,Kinetic Juggernaut,Inertia Bastion,Reactive Armor,Perfect Deflection,The Venom-Spitter,The Resonance Maestro,Tidespeaker Nami,zero-g starstorm,starfield dust,deep-water cyan bloom,8,12,5,11,126576
887,0887_phantom_shift_vaulting_stutter_combat_magic_upgrade_0887.zip,Phantom-Shift Vaulting Stutter Combat Magic Upgrade 0887,Phantom-Shift,Glass-Cannon,Momentum Drift,Vaulting Stutter,Nexus Warden,The Syndicate Lich,Beastmaster Thorne,fog bank,glass shard soundwave,archive white-gold,8,12,5,11,86427
888,0888_sylvan_warden_vine_whip_combat_magic_upgrade_0888.zip,Sylvan Warden Vine-Whip Combat Magic Upgrade 0888,Sylvan Warden,Root-Binder,Thorns & Tethers,Vine-Whip,The Void Anomaly,The Apex Chimera,Director Vance,tidal surge,root snare,void blacklight sun,8,12,5,11,127208
889,0889_flux_caster_ley_line_pull_combat_magic_upgrade_0889.zip,Flux-Caster Ley-Line Pull Combat Magic Upgrade 0889,Flux-Caster,Elemental Weaver,Thermal Shock,Ley-Line Pull,The Scrap-Phalanx,The Astral Sovereign,The Grand Archivist,clear dawn,starfield dust,festival magenta sun,8,12,5,11,108992
890,0890_protocol_weaver_frame_trap_combat_magic_upgrade_0890.zip,Protocol Weaver Frame-Trap Combat Magic Upgrade 0890,Protocol Weaver,Anomaly,Structural Revision,Frame-Trap,The Iron-Jaw Hound,The Null Anomaly,Tidespeaker Nami,amber dusk,glass shard soundwave,cold blue sunrise,8,12,5,11,109624
891,0891_apex_mutator_omega_cleave_combat_magic_upgrade_0891.zip,Apex Mutator Omega Cleave Combat Magic Upgrade 0891,Apex Mutator,Chimera Strand,Scrap-Armor,Omega Cleave,The Nexus Swarmers,The Ivory Behemoth,Beastmaster Thorne,acid rain,root snare,golden sanctuary sun,8,12,5,11,126899
892,0892_resonant_frame_trap_combat_magic_upgrade_0892.zip,Resonant Frame-Trap Combat Magic Upgrade 0892,Resonant,Sonic Vanguard,Kinetic Amplification,Frame-Trap,The Sylvan Juggernaut,The Ascendant Colossus,Director Vance,snow squall,starfield dust,ash-orange glare,8,12,5,11,108297
893,0893_packmaster_dual_latch_combat_magic_upgrade_0893.zip,Packmaster Dual-Latch Combat Magic Upgrade 0893,Packmaster,Outward Hunter,Coordinated Assault,Dual-Latch,The Gnarl-Maws,The Resonant Behemoth,The Grand Archivist,zero-g starstorm,glass shard soundwave,eclipse violet rim,8,12,5,11,82906
894,0894_orbital_striker_stratosphere_slam_combat_magic_upgrade_0894.zip,Orbital Striker Stratosphere Slam Combat Magic Upgrade 0894,Orbital Striker,Orbital Bombardment,Frictionless Dash,Stratosphere Slam,The Aegis Carapace,The Data-Forged Evolvarch,Tidespeaker Nami,fog bank,root snare,storm green cast,8,12,5,11,87268
895,0895_scrap_tek_wrecking_ball_combat_magic_upgrade_0895.zip,Scrap-Tek Wrecking Ball Combat Magic Upgrade 0895,Scrap-Tek,Exo-Brawler,Sentry Defense,Wrecking Ball,The Tremor-Fiend,The Resonance Maestro,Beastmaster Thorne,tidal surge,starfield dust,molten red noon,8,12,5,11,95612
896,0896_kinetic_juggernaut_the_asteroid_combat_magic_upgrade_0896.zip,Kinetic Juggernaut The Asteroid Combat Magic Upgrade 0896,Kinetic Juggernaut,Counter-Weight,The Stampede,The Asteroid,The Scrap-Stalker,The Syndicate Lich,Director Vance,clear dawn,glass shard soundwave,deep-water cyan bloom,8,12,5,11,126058
897,0897_phantom_shift_stutter_step_combat_magic_upgrade_0897.zip,Phantom-Shift Stutter-Step Combat Magic Upgrade 0897,Phantom-Shift,Void-Walker,Time-Loop,Stutter-Step,The Grid-Rushers,The Apex Chimera,The Grand Archivist,amber dusk,root snare,archive white-gold,8,12,5,11,87131
898,0898_sylvan_warden_master_gardener_combat_magic_upgrade_0898.zip,Sylvan Warden Master Gardener Combat Magic Upgrade 0898,Sylvan Warden,Iron-Bark,Tectonic Roots,Master Gardener,The Siphon-Ticks,The Astral Sovereign,Tidespeaker Nami,acid rain,starfield dust,void blacklight sun,8,12,5,11,126948
899,0899_flux_caster_flux_parry_combat_magic_upgrade_0899.zip,Flux-Caster Flux-Parry Combat Magic Upgrade 0899,Flux-Caster,Aether-Blade,Elemental Ward,Flux-Parry,The Venom-Spitter,The Null Anomaly,Beastmaster Thorne,snow squall,glass shard soundwave,festival magenta sun,8,12,5,11,110186
900,0900_protocol_weaver_the_red_pen_combat_magic_upgrade_0900.zip,Protocol Weaver The Red Pen Combat Magic Upgrade 0900,Protocol Weaver,Front-Matter Architect,Foundation Warding,The Red Pen,Nexus Warden,The Ivory Behemoth,Director Vance,zero-g starstorm,root snare,cold blue sunrise,8,12,5,11,109346
901,0901_apex_mutator_beta_trigger_combat_magic_upgrade_0901.zip,Apex Mutator Beta Trigger Combat Magic Upgrade 0901,Apex Mutator,Data-Code Deviant,Recursive Evolution,Beta Trigger,The Void Anomaly,The Ascendant Colossus,The Grand Archivist,fog bank,starfield dust,golden sanctuary sun,8,12,5,11,127113
902,0902_resonant_tremor_vault_combat_magic_upgrade_0902.zip,Resonant Tremor Vault Combat Magic Upgrade 0902,Resonant,Wakaan Mystic,Acoustic Shielding,Tremor Vault,The Scrap-Phalanx,The Resonant Behemoth,Tidespeaker Nami,tidal surge,glass shard soundwave,ash-orange glare,8,12,5,11,108896
903,0903_packmaster_meat_shield_combat_magic_upgrade_0903.zip,Packmaster Meat-Shield Combat Magic Upgrade 0903,Packmaster,Hound-Rider,Territorial Divide,Meat-Shield,The Iron-Jaw Hound,The Data-Forged Evolvarch,Beastmaster Thorne,clear dawn,root snare,eclipse violet rim,8,12,5,11,84399
904,0904_orbital_striker_hover_dash_combat_magic_upgrade_0904.zip,Orbital Striker Hover-Dash Combat Magic Upgrade 0904,Orbital Striker,Zero-G Brawler,Repulsion Matrix,Hover-Dash,The Nexus Swarmers,The Resonance Maestro,Director Vance,amber dusk,starfield dust,storm green cast,8,12,5,11,86103
905,0905_scrap_tek_junkyard_turret_combat_magic_upgrade_0905.zip,Scrap-Tek Junkyard Turret Combat Magic Upgrade 0905,Scrap-Tek,Scavenger,Overcharge,Junkyard Turret,The Sylvan Juggernaut,The Syndicate Lich,The Grand Archivist,acid rain,glass shard soundwave,molten red noon,8,12,5,11,94777
906,0906_kinetic_juggernaut_ground_zero_combat_magic_upgrade_0906.zip,Kinetic Juggernaut Ground Zero Combat Magic Upgrade 0906,Kinetic Juggernaut,Momentum Engine,Aggro Manipulation,Ground Zero,The Gnarl-Maws,The Apex Chimera,Tidespeaker Nami,snow squall,root snare,deep-water cyan bloom,8,12,5,11,127362
907,0907_phantom_shift_singularity_event_combat_magic_upgrade_0907.zip,Phantom-Shift Singularity Event Combat Magic Upgrade 0907,Phantom-Shift,Chrono-Blade,Velocity Scaling,Singularity Event,The Aegis Carapace,The Astral Sovereign,Beastmaster Thorne,zero-g starstorm,starfield dust,archive white-gold,8,12,5,11,86882
908,0908_sylvan_warden_frame_trap_substitution_combat_magic_upgrade_0908.zip,Sylvan Warden Frame-Trap Substitution Combat Magic Upgrade 0908,Sylvan Warden,Verdant Weaver,Briar-Patch,Frame-Trap Substitution,The Tremor-Fiend,The Null Anomaly,Director Vance,fog bank,glass shard soundwave,void blacklight sun,8,12,5,11,126481
909,0909_flux_caster_avatar_of_flux_combat_magic_upgrade_0909.zip,Flux-Caster Avatar of Flux Combat Magic Upgrade 0909,Flux-Caster,Storm-Caller,Crystal Carapace,Avatar of Flux,The Scrap-Stalker,The Ivory Behemoth,The Grand Archivist,tidal surge,root snare,festival magenta sun,8,12,5,11,109718
910,0910_protocol_weaver_syntax_strike_combat_magic_upgrade_0910.zip,Protocol Weaver Syntax Strike Combat Magic Upgrade 0910,Protocol Weaver,Evolutionary Coder,Digital Ascension,Syntax Strike,The Grid-Rushers,The Ascendant Colossus,Tidespeaker Nami,clear dawn,starfield dust,cold blue sunrise,8,12,5,11,109341
911,0911_apex_mutator_alpha_trigger_combat_magic_upgrade_0911.zip,Apex Mutator Alpha Trigger Combat Magic Upgrade 0911,Apex Mutator,Primal Catalyst,Apex Predator,Alpha Trigger,The Siphon-Ticks,The Resonant Behemoth,Beastmaster Thorne,amber dusk,glass shard soundwave,golden sanctuary sun,8,12,5,11,126231
912,0912_resonant_sub_woofer_slam_combat_magic_upgrade_0912.zip,Resonant Sub-Woofer Slam Combat Magic Upgrade 0912,Resonant,Sub-Bass Architect,Low-Frequency Disruption,Sub-Woofer Slam,The Venom-Spitter,The Data-Forged Evolvarch,Director Vance,acid rain,root snare,ash-orange glare,8,12,5,11,109569
913,0913_packmaster_heel_heel_strike_combat_magic_upgrade_0913.zip,Packmaster Heel & Heel-Strike Combat Magic Upgrade 0913,Packmaster,Alpha-Handler,Heavy-Chewer Lockdown,Heel & Heel-Strike,Nexus Warden,The Resonance Maestro,The Grand Archivist,snow squall,starfield dust,eclipse violet rim,8,12,5,11,84330
914,0914_orbital_striker_anti_grav_uppercut_combat_magic_upgrade_0914.zip,Orbital Striker Anti-Grav Uppercut Combat Magic Upgrade 0914,Orbital Striker,Thruster-Junkie,Atmospheric Juggle,Anti-Grav Uppercut,The Void Anomaly,The Syndicate Lich,Tidespeaker Nami,zero-g starstorm,glass shard soundwave,storm green cast,8,12,5,11,86319
915,0915_scrap_tek_hydraulic_piston_combat_magic_upgrade_0915.zip,Scrap-Tek Hydraulic Piston Combat Magic Upgrade 0915,Scrap-Tek,Field-Mechanic,Shrapnel Storm,Hydraulic Piston,The Scrap-Phalanx,The Apex Chimera,Beastmaster Thorne,fog bank,root snare,molten red noon,8,12,5,11,95627
916,0916_kinetic_juggernaut_crater_drop_combat_magic_upgrade_0916.zip,Kinetic Juggernaut Crater Drop Combat Magic Upgrade 0916,Kinetic Juggernaut,Seismic Brawler,Release Valve,Crater Drop,The Iron-Jaw Hound,The Astral Sovereign,Director Vance,tidal surge,starfield dust,deep-water cyan bloom,8,12,5,11,126586
917,0917_phantom_shift_time_dilation_aura_combat_magic_upgrade_0917.zip,Phantom-Shift Time-Dilation Aura Combat Magic Upgrade 0917,Phantom-Shift,Neural-Linker,Shadow-Anchor,Time-Dilation Aura,The Nexus Swarmers,The Null Anomaly,The Grand Archivist,clear dawn,glass shard soundwave,archive white-gold,8,12,5,11,87043
918,0918_sylvan_warden_vine_pull_combat_magic_upgrade_0918.zip,Sylvan Warden Vine-Pull Combat Magic Upgrade 0918,Sylvan Warden,Apex Flora,Ablative Carapace,Vine-Pull,The Sylvan Juggernaut,The Ivory Behemoth,Tidespeaker Nami,amber dusk,root snare,void blacklight sun,8,12,5,11,127207
919,0919_flux_caster_frame_trap_decoy_combat_magic_upgrade_0919.zip,Flux-Caster Frame-Trap Decoy Combat Magic Upgrade 0919,Flux-Caster,Geo-Mage,Spell-Strike,Frame-Trap Decoy,The Gnarl-Maws,The Ascendant Colossus,Beastmaster Thorne,acid rain,starfield dust,festival magenta sun,8,12,5,11,109643
920,0920_protocol_weaver_system_override_combat_magic_upgrade_0920.zip,Protocol Weaver System Override Combat Magic Upgrade 0920,Protocol Weaver,EPI-Savant,Reality Tearing,System Override,The Aegis Carapace,The Resonant Behemoth,Director Vance,snow squall,glass shard soundwave,cold blue sunrise,8,12,5,11,110091
921,0921_apex_mutator_the_anomaly_virus_combat_magic_upgrade_0921.zip,Apex Mutator The Anomaly Virus Combat Magic Upgrade 0921,Apex Mutator,Biomech Beast,Feral Regeneration,The Anomaly Virus,The Tremor-Fiend,The Data-Forged Evolvarch,The Grand Archivist,zero-g starstorm,root snare,golden sanctuary sun,8,12,5,11,125918
922,0922_resonant_festival_headliner_combat_magic_upgrade_0922.zip,Resonant Festival Headliner Combat Magic Upgrade 0922,Resonant,Tempo-Weaver,Halftime Stasis,Festival Headliner,The Scrap-Stalker,The Resonance Maestro,Tidespeaker Nami,fog bank,starfield dust,ash-orange glare,8,12,5,11,108741
