item_id,item_name,uniqueness_type,godly_set,required_level,rarity,rarity_rank,item_power,item_category,slot,gear_family,armor_weight_class,weapon_speed,min_damage,max_damage,armor_value,shield_value,health_bonus,primary_stat,secondary_stat,tertiary_stat,class_affinity,combat_hook,affix_or_unique_effect,source_type,source_detail,world_location,source_origin,drop_weight,salvage_output,trade_rule,economy_note,design_note
DF-N-0150,Tuned Subterranean Grid Tinplate Asteroid Cloak of Aerial Juggle,Standard / Non-Godly,,3,Uncommon,2,38,Armor,Back,Cloak,Light,,0,0,11,1,11,Threat Control,Shield Break,Flux Charge Gain,Kinetic Juggernaut,Aerial Juggle,Standard affix: modest Aerial Juggle bonus appropriate for level 3.,Faction Vendor,Faction vendor item unlocked by reputation in Subterranean Grid; non-Godly and trade-limited.,The Subterranean Grid,Faction Vendor,2600,Refined Alloy / Greenhide Thread,Tradeable until equipped,Baseline leveling gear.,Level 3 armor tuned for early band enemies; source never requires fighting above the item level.
DF-N-0187,Tuned Pachyderm Sanctuaries Aether-Wood Scrap Chestplate of Dream Memory,Standard / Non-Godly,,4,Uncommon,2,47,Armor,Chest,Chestplate,Light,,0,0,45,3,13,Stagger Damage,Fortitude,Stagger Damage,Scrap-Tek,Dream Memory,Standard affix: modest Dream Memory bonus appropriate for level 4.,Faction Vendor,Faction vendor item unlocked by reputation in Pachyderm Sanctuaries; non-Godly and trade-limited.,The Pachyderm Sanctuaries,Faction Vendor,2600,Refined Alloy / Greenhide Thread,Tradeable until equipped,Baseline leveling gear.,Level 4 armor tuned for early band enemies; source never requires fighting above the item level.
DF-N-0208,Tuned Emerald Canopy Sanctuary Gridglass Ironbark Mask of Dawnforge Resolve,Standard / Non-Godly,,5,Uncommon,2,47,Armor,Head,Mask,Light,,0,0,17,1,13,Stagger Damage,Aether,Flux Charge Gain,Sylvan Warden,Dawnforge Resolve,Standard affix: modest Dawnforge Resolve bonus appropriate for level 5.,Faction Vendor,Faction vendor item unlocked by reputation in Emerald Canopy Sanctuary; non-Godly and trade-limited.,The Emerald Canopy Sanctuary,Faction Vendor,2600,Refined Alloy / Greenhide Thread,Tradeable until equipped,Baseline leveling gear.,Level 5 armor tuned for early band enemies; source never requires fighting above the item level.
DF-N-0250,Hardened Pachyderm Sanctuaries Aether-Wood Aether-Edit Legwraps of Afterimage Echo,Standard / Non-Godly,,5,Rare,3,58,Armor,Legs,Legwraps,Light,,0,0,25,2,16,Flux Charge Gain,Threat Control,Protocol Rating,Protocol Weaver,Afterimage Echo,Standard affix: modest Afterimage Echo bonus appropriate for level 5.,Faction Vendor,Faction vendor item unlocked by reputation in Pachyderm Sanctuaries; non-Godly and trade-limited.,The Pachyderm Sanctuaries,Faction Vendor,900,Aether Filament / Blue Tempered Core,Tradeable until equipped,Baseline leveling gear.,Level 5 armor tuned for early band enemies; source never requires fighting above the item level.
DF-N-0266,Tuned Emerald Canopy Sanctuary Cottonweave Root Coat of Briar Binding,Standard / Non-Godly,,6,Uncommon,2,54,Armor,Chest,Coat,Light,,0,0,35,2,15,Evolution Point Gain,Altitude Charge Gain,Verdant Point Gain,Sylvan Warden,Briar Binding,Standard affix: modest Briar Binding bonus appropriate for level 6.,Faction Vendor,Faction vendor item unlocked by reputation in Emerald Canopy Sanctuary; non-Godly and trade-limited.,The Emerald Canopy Sanctuary,Faction Vendor,2600,Refined Alloy / Greenhide Thread,Tradeable until equipped,Baseline leveling gear.,Level 6 armor tuned for early band enemies; source never requires fighting above the item level.
DF-N-0308,Tuned Pachyderm Sanctuaries Cloudhook Brass Sub-Bass Aegis Shield of Aerial Juggle,Standard / Non-Godly,,7,Uncommon,2,63,Armor,Shield,Aegis Shield,Medium,,0,0,47,3,18,Protocol Rating,Protocol Rating,Protocol Rating,Resonant,Aerial Juggle,Standard affix: modest Aerial Juggle bonus appropriate for level 7.,Faction Vendor,Faction vendor item unlocked by reputation in Pachyderm Sanctuaries; non-Godly and trade-limited.,The Pachyderm Sanctuaries,Faction Vendor,2600,Refined Alloy / Greenhide Thread,Tradeable until equipped,Baseline leveling gear.,Level 7 armor tuned for early band enemies; source never requires fighting above the item level.
DF-N-0350,Hardened Whispering Glade Gridglass Zero-G Greatsword of Scrap Magnetism,Standard / Non-Godly,,7,Rare,3,80,Weapon,Two-Hand Weapon,Greatsword,None,Slow,34,52,0,0,10,Resonance,Aether,Agility,Orbital Striker,Scrap Magnetism,Standard affix: modest Scrap Magnetism bonus appropriate for level 7.,Faction Vendor,Faction vendor item unlocked by reputation in Whispering Glade; non-Godly and trade-limited.,The Whispering Glade,Faction Vendor,900,Aether Filament / Blue Tempered Core,Tradeable until equipped,Baseline leveling gear.,Level 7 weapon tuned for early band enemies; source never requires fighting above the item level.
DF-N-0366,Tuned Evolution Arenas Civic Iron Reverb Visor of Evolution Charge,Standard / Non-Godly,,8,Uncommon,2,70,Armor,Head,Visor,Light,,0,0,24,2,20,Might,Critical Chance,Kinetic Charge,Resonant,Evolution Charge,Standard affix: modest Evolution Charge bonus appropriate for level 8.,Faction Vendor,Faction vendor item unlocked by reputation in Evolution Arenas; non-Godly and trade-limited.,The Evolution Arenas,Faction Vendor,2600,Refined Alloy / Greenhide Thread,Tradeable until equipped,Baseline leveling gear.,Level 8 armor tuned for early band enemies; source never requires fighting above the item level.
DF-N-0408,Tuned Whispering Glade Tinplate Haymaker Sonic Maul of Afterimage Echo,Standard / Non-Godly,,9,Uncommon,2,83,Weapon,Two-Hand Weapon,Sonic Maul,None,Slow,33,50,0,0,10,Threat Control,Scrap Charge Gain,Agility,Kinetic Juggernaut,Afterimage Echo,Standard affix: modest Afterimage Echo bonus appropriate for level 9.,Faction Vendor,Faction vendor item unlocked by reputation in Whispering Glade; non-Godly and trade-limited.,The Whispering Glade,Faction Vendor,2600,Refined Alloy / Greenhide Thread,Tradeable until equipped,Baseline leveling gear.,Level 9 weapon tuned for early band enemies; source never requires fighting above the item level.
DF-N-0450,Hardened Micro-Transaction Markets Cloudhook Brass Thorn Crossbow of Low-Gravity Lift,Standard / Non-Godly,,9,Rare,3,98,Weapon,Ranged Weapon,Crossbow,None,Medium,33,52,0,0,12,Combo Decay Resistance,Protocol Rating,Shield Break,Sylvan Warden,Low-Gravity Lift,Standard affix: modest Low-Gravity Lift bonus appropriate for level 9.,Faction Vendor,Faction vendor item unlocked by reputation in Micro-Transaction Markets; non-Godly and trade-limited.,The Micro-Transaction Markets,Faction Vendor,900,Aether Filament / Blue Tempered Core,Tradeable until equipped,Baseline leveling gear.,Level 9 weapon tuned for early band enemies; source never requires fighting above the item level.
DF-N-0466,Tuned Heavy-Chewer Canyons Ash-Tanned Guard Magnetic Grapple Gauntlet of Vault Momentum,Standard / Non-Godly,,10,Uncommon,2,91,Weapon,Arm Weapon,Magnetic Grapple Gauntlet,None,Fast,27,40,0,0,11,Critical Chance,Cooldown Recovery,Might,Kinetic Juggernaut,Vault Momentum,Standard affix: modest Vault Momentum bonus appropriate for level 10.,Faction Vendor,Faction vendor item unlocked by reputation in Heavy-Chewer Canyons; non-Godly and trade-limited.,The Heavy-Chewer Canyons,Faction Vendor,2600,Refined Alloy / Greenhide Thread,Tradeable until equipped,Baseline leveling gear.,Level 10 weapon tuned for early band enemies; source never requires fighting above the item level.
DF-N-0486,Prismatic Heavy-Chewer Canyons Cottonweave Asteroid Glaive of Starwell Sync,Standard / Non-Godly,,10,Very Rare,4,118,Weapon,Two-Hand Weapon,Glaive,None,Medium,42,67,0,0,14,Verdant Point Gain,Critical Chance,Armor Pierce,Kinetic Juggernaut,Starwell Sync,Very Rare affix: improved Starwell Sync stat budget and one utility roll.,Faction Vendor,Faction vendor item unlocked by reputation in Heavy-Chewer Canyons; non-Godly and trade-limited.,The Heavy-Chewer Canyons,Faction Vendor,275,Prismatic Scale / Violet Circuit,Tradeable until equipped,Baseline leveling gear.,Level 10 weapon tuned for early band enemies; source never requires fighting above the item level.
DF-N-0492,Hardened Heavy-Chewer Canyons Civic Iron Tempo Coat of Combo Grace,Standard / Non-Godly,,10,Rare,3,92,Armor,Chest,Coat,Medium,,0,0,60,4,26,Cooldown Recovery,Fortitude,Verdant Point Gain,Resonant,Combo Grace,Standard affix: modest Combo Grace bonus appropriate for level 10.,Faction Vendor,Faction vendor item unlocked by reputation in Heavy-Chewer Canyons; non-Godly and trade-limited.,The Heavy-Chewer Canyons,Faction Vendor,900,Aether Filament / Blue Tempered Core,Tradeable until equipped,Baseline leveling gear.,Level 10 armor tuned for early band enemies; source never requires fighting above the item level.
DF-N-0508,Tuned On-Demand Arteries Pressure-Sealed Front-Matter Briar Bow of Scrap Magnetism,Standard / Non-Godly,,11,Uncommon,2,99,Weapon,Ranged Weapon,Briar Bow,None,Medium,32,49,0,0,12,Flux Charge Gain,Stagger Damage,Shield Break,Protocol Weaver,Scrap Magnetism,Standard affix: modest Scrap Magnetism bonus appropriate for level 11.,Faction Vendor,Faction vendor item unlocked by reputation in On-Demand Arteries; non-Godly and trade-limited.,The On-Demand Arteries,Faction Vendor,2600,Refined Alloy / Greenhide Thread,Tradeable until equipped,Baseline leveling gear.,Level 11 weapon tuned for mid band enemies; source never requires fighting above the item level.
DF-N-0550,Hardened Molten Forge Greenfire Acoustic Mantle of Dawnforge Resolve,Standard / Non-Godly,,11,Rare,3,100,Armor,Shoulders,Mantle,Light,,0,0,43,3,28,Scrap Charge Gain,Scrap Charge Gain,Scrap Charge Gain,Resonant,Dawnforge Resolve,Standard affix: modest Dawnforge Resolve bonus appropriate for level 11.,Faction Vendor,Faction vendor item unlocked by reputation in Molten Forge; non-Godly and trade-limited.,The Molten Forge,Faction Vendor,900,Aether Filament / Blue Tempered Core,Tradeable until equipped,Baseline leveling gear.,Level 11 armor tuned for mid band enemies; source never requires fighting above the item level.
DF-N-0566,Tuned Playa of Ash Cindervale Steel Lexicon Warhammer of Phase-Step,Standard / Non-Godly,,12,Uncommon,2,107,Weapon,Two-Hand Weapon,Warhammer,None,Slow,48,73,0,0,13,Kinetic Charge,Might,Armor Pierce,Protocol Weaver,Phase-Step,Standard affix: modest Phase-Step bonus appropriate for level 12.,Faction Vendor,Faction vendor item unlocked by reputation in Playa of Ash; non-Godly and trade-limited.,The Playa of Ash,Faction Vendor,2600,Refined Alloy / Greenhide Thread,Tradeable until equipped,Baseline leveling gear.,Level 12 weapon tuned for mid band enemies; source never requires fighting above the item level.
DF-N-0586,Prismatic Micro-Transaction Markets Null-Iron Aether-Edit Command Whistle of Combo Grace,Standard / Non-Godly,,12,Very Rare,4,127,Weapon,Handler Focus,Command Whistle,None,Medium,29,46,0,0,15,Fortitude,Cooldown Recovery,Altitude Charge Gain,Protocol Weaver,Combo Grace,Very Rare affix: improved Combo Grace stat budget and one utility roll.,Faction Vendor,Faction vendor item unlocked by reputation in Micro-Transaction Markets; non-Godly and trade-limited.,The Micro-Transaction Markets,Faction Vendor,275,Prismatic Scale / Violet Circuit,Tradeable until equipped,Baseline leveling gear.,Level 12 weapon tuned for mid band enemies; source never requires fighting above the item level.
DF-N-0592,Hardened Playa of Ash Leviathan Pearl Asteroid Visor of Kinetic Absorption,Standard / Non-Godly,,12,Rare,3,109,Armor,Head,Visor,Light,,0,0,37,2,31,Altitude Charge Gain,Evolution Point Gain,Kinetic Charge,Kinetic Juggernaut,Kinetic Absorption,Standard affix: modest Kinetic Absorption bonus appropriate for level 12.,Faction Vendor,Faction vendor item unlocked by reputation in Playa of Ash; non-Godly and trade-limited.,The Playa of Ash,Faction Vendor,900,Aether Filament / Blue Tempered Core,Tradeable until equipped,Baseline leveling gear.,Level 12 armor tuned for mid band enemies; source never requires fighting above the item level.
DF-N-0608,Tuned Playa of Ash Moon-Silver Orbital Belt of Low-Gravity Lift,Standard / Non-Godly,,13,Uncommon,2,111,Armor,Waist,Belt,Light,,0,0,34,2,31,Resonance,Combo Decay Resistance,Scrap Charge Gain,Orbital Striker,Low-Gravity Lift,Standard affix: modest Low-Gravity Lift bonus appropriate for level 13.,Faction Vendor,Faction vendor item unlocked by reputation in Playa of Ash; non-Godly and trade-limited.,The Playa of Ash,Faction Vendor,2600,Refined Alloy / Greenhide Thread,Tradeable until equipped,Baseline leveling gear.,Level 13 armor tuned for mid band enemies; source never requires fighting above the item level.
DF-N-0634,Hardened Burning Playa Pressure-Sealed EPI Protocol Blade of Projectile Reversal,Standard / Non-Godly,,13,Rare,3,123,Weapon,Main Hand,Protocol Blade,None,Medium,41,63,0,0,15,Command Point Gain,Resonance,Agility,Protocol Weaver,Projectile Reversal,Standard affix: modest Projectile Reversal bonus appropriate for level 13.,Faction Vendor,Faction vendor item unlocked by reputation in Burning Playa; non-Godly and trade-limited.,The Burning Playa,Faction Vendor,900,Aether Filament / Blue Tempered Core,Tradeable until equipped,Baseline leveling gear.,Level 13 weapon tuned for mid band enemies; source never requires fighting above the item level.
DF-N-0666,Tuned Burning Playa Sapglass Altitude Boots of Hound Latch,Standard / Non-Godly,,14,Uncommon,2,119,Armor,Feet,Boots,Medium,,0,0,48,3,33,Perfect Parry Window,Fortitude,Altitude Charge Gain,Orbital Striker,Hound Latch,Standard affix: modest Hound Latch bonus appropriate for level 14.,Faction Vendor,Faction vendor item unlocked by reputation in Burning Playa; non-Godly and trade-limited.,The Burning Playa,Faction Vendor,2600,Refined Alloy / Greenhide Thread,Tradeable until equipped,Baseline leveling gear.,Level 14 armor tuned for mid band enemies; source never requires fighting above the item level.
DF-N-0681,Prismatic Molten Forge Pressure-Sealed Maelstrom Aegis Shield of Projectile Reversal,Standard / Non-Godly,,14,Very Rare,4,143,Armor,Shield,Aegis Shield,Heavy,,0,0,106,17,40,Flux Charge Gain,Verdant Point Gain,Scrap Charge Gain,Flux-Caster,Projectile Reversal,Very Rare affix: improved Projectile Reversal stat budget and one utility roll.,Faction Vendor,Faction vendor item unlocked by reputation in Molten Forge; non-Godly and trade-limited.,The Molten Forge,Faction Vendor,275,Prismatic Scale / Violet Circuit,Tradeable until equipped,Baseline leveling gear.,Level 14 armor tuned for mid band enemies; source never requires fighting above the item level.
DF-N-0687,Hardened Burning Playa Moon-Silver Hydraulic Belt of Dream Memory,Standard / Non-Godly,,14,Rare,3,128,Armor,Waist,Belt,Light,,0,0,40,3,36,Combo Decay Resistance,Focus,Protocol Rating,Scrap-Tek,Dream Memory,Standard affix: modest Dream Memory bonus appropriate for level 14.,Faction Vendor,Faction vendor item unlocked by reputation in Burning Playa; non-Godly and trade-limited.,The Burning Playa,Faction Vendor,900,Aether Filament / Blue Tempered Core,Tradeable until equipped,Baseline leveling gear.,Level 14 armor tuned for mid band enemies; source never requires fighting above the item level.
DF-N-0692,Hardened Sonic Badlands Cindervale Steel Aether-Edit Twin Daggers of Protocol Revision,Standard / Non-Godly,,14,Rare,3,131,Weapon,Dual Weapon,Twin Daggers,None,Very Fast,34,52,0,0,16,Focus,Verdant Point Gain,Might,Protocol Weaver,Protocol Revision,Standard affix: modest Protocol Revision bonus appropriate for level 14.,Faction Vendor,Faction vendor item unlocked by reputation in Sonic Badlands; non-Godly and trade-limited.,The Sonic Badlands,Faction Vendor,900,Aether Filament / Blue Tempered Core,Tradeable until equipped,Baseline leveling gear.,Level 14 weapon tuned for mid band enemies; source never requires fighting above the item level.
DF-N-0708,Tuned Burning Playa Mirror-Glass Root Gloves of Dawnforge Resolve,Standard / Non-Godly,,15,Uncommon,2,127,Armor,Hands,Gloves,Light,,0,0,43,3,36,Combo Decay Resistance,Agility,Resonance,Sylvan Warden,Dawnforge Resolve,Standard affix: modest Dawnforge Resolve bonus appropriate for level 15.,Faction Vendor,Faction vendor item unlocked by reputation in Burning Playa; non-Godly and trade-limited.,The Burning Playa,Faction Vendor,2600,Refined Alloy / Greenhide Thread,Tradeable until equipped,Baseline leveling gear.,Level 15 armor tuned for mid band enemies; source never requires fighting above the item level.
DF-N-0734,Hardened Wayfora Archipelago Moon-Silver Grav-Lift Sonic Maul of Dream Memory,Standard / Non-Godly,,15,Rare,3,140,Weapon,Two-Hand Weapon,Sonic Maul,None,Slow,54,84,0,0,17,Agility,Command Point Gain,Shield Break,Orbital Striker,Dream Memory,Standard affix: modest Dream Memory bonus appropriate for level 15.,Faction Vendor,Faction vendor item unlocked by reputation in Wayfora Archipelago; non-Godly and trade-limited.,The Wayfora Archipelago,Faction Vendor,900,Aether Filament / Blue Tempered Core,Tradeable until equipped,Baseline leveling gear.,Level 15 weapon tuned for mid band enemies; source never requires fighting above the item level.
DF-N-0766,Tuned Sonic Badlands Null-Iron World-Tree Greaves of Briar Binding,Standard / Non-Godly,,16,Uncommon,2,135,Armor,Legs,Greaves,Medium,,0,0,84,5,38,Verdant Point Gain,Evolution Point Gain,Fortitude,Sylvan Warden,Briar Binding,Standard affix: modest Briar Binding bonus appropriate for level 16.,Faction Vendor,Faction vendor item unlocked by reputation in Sonic Badlands; non-Godly and trade-limited.,The Sonic Badlands,Faction Vendor,2600,Refined Alloy / Greenhide Thread,Tradeable until equipped,Baseline leveling gear.,Level 16 armor tuned for mid band enemies; source never requires fighting above the item level.
DF-N-0781,Prismatic Resonant Peaks Moon-Silver Pack Battleaxe of Dream Memory,Standard / Non-Godly,,16,Very Rare,4,167,Weapon,Two-Hand Weapon,Battleaxe,None,Slow,67,107,0,0,20,Resonance,Armor Pierce,Resonance,Packmaster,Dream Memory,Very Rare affix: improved Dream Memory stat budget and one utility roll.,Faction Vendor,Faction vendor item unlocked by reputation in Resonant Peaks; non-Godly and trade-limited.,The Resonant Peaks,Faction Vendor,275,Prismatic Scale / Violet Circuit,Tradeable until equipped,Baseline leveling gear.,Level 16 weapon tuned for mid band enemies; source never requires fighting above the item level.
DF-N-0787,Hardened Sonic Badlands Mirror-Glass Maelstrom Gloves of Critical Timing,Standard / Non-Godly,,16,Rare,3,145,Armor,Hands,Gloves,Medium,,0,0,49,3,41,Scrap Charge Gain,Kinetic Charge,Agility,Flux-Caster,Critical Timing,Standard affix: modest Critical Timing bonus appropriate for level 16.,Faction Vendor,Faction vendor item unlocked by reputation in Sonic Badlands; non-Godly and trade-limited.,The Sonic Badlands,Faction Vendor,900,Aether Filament / Blue Tempered Core,Tradeable until equipped,Baseline leveling gear.,Level 16 armor tuned for mid band enemies; source never requires fighting above the item level.
DF-N-0792,Hardened Phonetic Wastes Sapglass Zero-G Magnetic Grapple Gauntlet of EMP Resistance,Standard / Non-Godly,,16,Rare,3,148,Weapon,Arm Weapon,Magnetic Grapple Gauntlet,None,Fast,43,67,0,0,18,Armor Pierce,Armor Pierce,Armor Pierce,Orbital Striker,EMP Resistance,Standard affix: modest EMP Resistance bonus appropriate for level 16.,Faction Vendor,Faction vendor item unlocked by reputation in Phonetic Wastes; non-Godly and trade-limited.,The Phonetic Wastes,Faction Vendor,900,Aether Filament / Blue Tempered Core,Tradeable until equipped,Baseline leveling gear.,Level 16 weapon tuned for mid band enemies; source never requires fighting above the item level.
DF-N-0808,Tuned Playa of Ash Greenfire Reverb Mantle of Aerial Juggle,Standard / Non-Godly,,17,Uncommon,2,143,Armor,Shoulders,Mantle,Medium,,0,0,62,4,40,Scrap Charge Gain,Resonance,Threat Control,Resonant,Aerial Juggle,Standard affix: modest Aerial Juggle bonus appropriate for level 17.,Faction Vendor,Faction vendor item unlocked by reputation in Playa of Ash; non-Godly and trade-limited.,The Playa of Ash,Faction Vendor,2600,Refined Alloy / Greenhide Thread,Tradeable until equipped,Baseline leveling gear.,Level 17 armor tuned for mid band enemies; source never requires fighting above the item level.
DF-N-0823,Prismatic Wayfora Archipelago Sapglass Flux Bracers of Mirror Deflection,Standard / Non-Godly,,17,Very Rare,4,173,Armor,Wrists,Bracers,Medium,,0,0,59,10,48,Fortitude,Flux Charge Gain,Might,Phantom-Shift,Mirror Deflection,Very Rare affix: improved Mirror Deflection stat budget and one utility roll.,Faction Vendor,Faction vendor item unlocked by reputation in Wayfora Archipelago; non-Godly and trade-limited.,The Wayfora Archipelago,Faction Vendor,275,Prismatic Scale / Violet Circuit,Tradeable until equipped,Baseline leveling gear.,Level 17 armor tuned for mid band enemies; source never requires fighting above the item level.
DF-N-0834,Hardened Resonant Peaks Mirror-Glass Sylvan Belt of Critical Timing,Standard / Non-Godly,,17,Rare,3,154,Armor,Waist,Belt,Medium,,0,0,48,3,43,Stagger Damage,Flux Charge Gain,Scrap Charge Gain,Sylvan Warden,Critical Timing,Standard affix: modest Critical Timing bonus appropriate for level 17.,Faction Vendor,Faction vendor item unlocked by reputation in Resonant Peaks; non-Godly and trade-limited.,The Resonant Peaks,Faction Vendor,900,Aether Filament / Blue Tempered Core,Tradeable until equipped,Baseline leveling gear.,Level 17 armor tuned for mid band enemies; source never requires fighting above the item level.
DF-N-0850,Hardened Wayfora Archipelago Mirror-Glass Exosphere Briar Bow of Scrap Magnetism,Standard / Non-Godly,,17,Rare,3,157,Weapon,Ranged Weapon,Briar Bow,None,Medium,51,79,0,0,19,Command Point Gain,Agility,Stagger Damage,Orbital Striker,Scrap Magnetism,Standard affix: modest Scrap Magnetism bonus appropriate for level 17.,Faction Vendor,Faction vendor item unlocked by reputation in Wayfora Archipelago; non-Godly and trade-limited.,The Wayfora Archipelago,Faction Vendor,900,Aether Filament / Blue Tempered Core,Tradeable until equipped,Baseline leveling gear.,Level 17 weapon tuned for mid band enemies; source never requires fighting above the item level.
DF-N-0855,Supercharged Rhyming Labyrinths Greenfire Adaptive Gloves of Aerial Juggle,Standard / Non-Godly,,18,Super,5,212,Armor,Hands,Gloves,Medium,,0,0,72,12,59,Stagger Damage,Verdant Point Gain,Command Point Gain,Apex Mutator,Aerial Juggle,Super affix: minor Aerial Juggle trigger after a perfect parry or vault.,Faction Vendor,Faction vendor item unlocked by reputation in Rhyming Labyrinths; non-Godly and trade-limited.,The Rhyming Labyrinths,Faction Vendor,80,Superdense Aether Lattice,Tradeable until equipped,Baseline leveling gear.,Level 18 armor tuned for mid band enemies; source never requires fighting above the item level.
DF-N-0866,Tuned Wayfora Archipelago Leviathan Pearl Resonant Bracers of Evolution Charge,Standard / Non-Godly,,18,Uncommon,2,151,Armor,Wrists,Bracers,Medium,,0,0,51,3,42,Fortitude,Verdant Point Gain,Perfect Parry Window,Resonant,Evolution Charge,Standard affix: modest Evolution Charge bonus appropriate for level 18.,Faction Vendor,Faction vendor item unlocked by reputation in Wayfora Archipelago; non-Godly and trade-limited.,The Wayfora Archipelago,Faction Vendor,2600,Refined Alloy / Greenhide Thread,Tradeable until equipped,Baseline leveling gear.,Level 18 armor tuned for mid band enemies; source never requires fighting above the item level.
DF-N-0881,Prismatic Abyssal Trench Mirror-Glass Afterimage Thermal Scepter of Critical Timing,Standard / Non-Godly,,18,Very Rare,4,187,Weapon,Caster Weapon,Thermal Scepter,None,Medium,61,96,0,0,22,Combo Decay Resistance,Perfect Parry Window,Threat Control,Phantom-Shift,Critical Timing,Very Rare affix: improved Critical Timing stat budget and one utility roll.,Faction Vendor,Faction vendor item unlocked by reputation in Abyssal Trench; non-Godly and trade-limited.,The Abyssal Trench,Faction Vendor,275,Prismatic Scale / Violet Circuit,Tradeable until equipped,Baseline leveling gear.,Level 18 weapon tuned for mid band enemies; source never requires fighting above the item level.
DF-N-0887,Hardened Reggae-Dub Oasis Greenfire Pack Mantle of Leviathan Pressure,Standard / Non-Godly,,18,Rare,3,163,Armor,Shoulders,Mantle,Medium,,0,0,71,5,46,Aether,Altitude Charge Gain,Shield Break,Packmaster,Leviathan Pressure,Standard affix: modest Leviathan Pressure bonus appropriate for level 18.,Faction Vendor,Faction vendor item unlocked by reputation in Reggae-Dub Oasis; non-Godly and trade-limited.,The Reggae-Dub Oasis,Faction Vendor,900,Aether Filament / Blue Tempered Core,Tradeable until equipped,Baseline leveling gear.,Level 18 armor tuned for mid band enemies; source never requires fighting above the item level.
DF-N-0892,Hardened Playa of Ash Null-Iron Thorn Boots of Starwell Sync,Standard / Non-Godly,,18,Rare,3,162,Armor,Feet,Boots,Medium,,0,0,65,4,45,Evolution Point Gain,Perfect Parry Window,Altitude Charge Gain,Sylvan Warden,Starwell Sync,Standard affix: modest Starwell Sync bonus appropriate for level 18.,Faction Vendor,Faction vendor item unlocked by reputation in Playa of Ash; non-Godly and trade-limited.,The Playa of Ash,Faction Vendor,900,Aether Filament / Blue Tempered Core,Tradeable until equipped,Baseline leveling gear.,Level 18 armor tuned for mid band enemies; source never requires fighting above the item level.
DF-N-0908,Tuned Abyssal Trench Pressure-Sealed Guard Battleaxe of Afterimage Echo,Standard / Non-Godly,,19,Uncommon,2,164,Weapon,Two-Hand Weapon,Battleaxe,None,Slow,68,103,0,0,20,Aether,Command Point Gain,Stagger Damage,Kinetic Juggernaut,Afterimage Echo,Standard affix: modest Afterimage Echo bonus appropriate for level 19.,Faction Vendor,Faction vendor item unlocked by reputation in Abyssal Trench; non-Godly and trade-limited.,The Abyssal Trench,Faction Vendor,2600,Refined Alloy / Greenhide Thread,Tradeable until equipped,Baseline leveling gear.,Level 19 weapon tuned for mid band enemies; source never requires fighting above the item level.
DF-N-0923,Prismatic Wayfora Archipelago Null-Iron Chimera Gauntlets of Flow Retention,Standard / Non-Godly,,19,Very Rare,4,193,Armor,Hands,Gauntlets,Medium,,0,0,90,14,54,Cooldown Recovery,Shield Break,Armor Pierce,Apex Mutator,Flow Retention,Very Rare affix: improved Flow Retention stat budget and one utility roll.,Faction Vendor,Faction vendor item unlocked by reputation in Wayfora Archipelago; non-Godly and trade-limited.,The Wayfora Archipelago,Faction Vendor,275,Prismatic Scale / Violet Circuit,Tradeable until equipped,Baseline leveling gear.,Level 19 armor tuned for mid band enemies; source never requires fighting above the item level.
DF-N-0934,Hardened Anomaly Ward Greenfire Tempo Gloves of Leviathan Pressure,Standard / Non-Godly,,19,Rare,3,171,Armor,Hands,Gloves,Medium,,0,0,58,4,48,Protocol Rating,Shield Break,Resonance,Resonant,Leviathan Pressure,Standard affix: modest Leviathan Pressure bonus appropriate for level 19.,Faction Vendor,Faction vendor item unlocked by reputation in Anomaly Ward; non-Godly and trade-limited.,The Anomaly Ward,Faction Vendor,900,Aether Filament / Blue Tempered Core,Tradeable until equipped,Baseline leveling gear.,Level 19 armor tuned for mid band enemies; source never requires fighting above the item level.
DF-N-0950,Hardened Abyssal Trench Greenfire Ironbark Rail Rifle of Low-Gravity Lift,Standard / Non-Godly,,19,Rare,3,174,Weapon,Ranged Weapon,Rail Rifle,None,Slow,70,108,0,0,21,Agility,Resonance,Command Point Gain,Sylvan Warden,Low-Gravity Lift,Standard affix: modest Low-Gravity Lift bonus appropriate for level 19.,Faction Vendor,Faction vendor item unlocked by reputation in Abyssal Trench; non-Godly and trade-limited.,The Abyssal Trench,Faction Vendor,900,Aether Filament / Blue Tempered Core,Tradeable until equipped,Baseline leveling gear.,Level 19 weapon tuned for mid band enemies; source never requires fighting above the item level.
DF-N-0955,Hardened Anomaly Ward Pressure-Sealed Magnetic Mantle of Afterimage Echo,Standard / Non-Godly,,20,Rare,3,182,Armor,Shoulders,Mantle,Medium,,0,0,79,5,51,Protocol Rating,Armor Pierce,Aether,Scrap-Tek,Afterimage Echo,Standard affix: modest Afterimage Echo bonus appropriate for level 20.,Faction Vendor,Faction vendor item unlocked by reputation in Anomaly Ward; non-Godly and trade-limited.,The Anomaly Ward,Faction Vendor,900,Aether Filament / Blue Tempered Core,Tradeable until equipped,Baseline leveling gear.,Level 20 armor tuned for mid band enemies; source never requires fighting above the item level.
DF-N-0966,Hardened Anomaly Ward Cindervale Steel Inertia Pulse Pistols of Vault Momentum,Standard / Non-Godly,,20,Rare,3,186,Weapon,Dual Ranged,Pulse Pistols,None,Fast,50,78,0,0,22,Cooldown Recovery,Armor Pierce,Critical Chance,Kinetic Juggernaut,Vault Momentum,Standard affix: modest Vault Momentum bonus appropriate for level 20.,Faction Vendor,Faction vendor item unlocked by reputation in Anomaly Ward; non-Godly and trade-limited.,The Anomaly Ward,Faction Vendor,900,Aether Filament / Blue Tempered Core,Tradeable until equipped,Baseline leveling gear.,Level 20 weapon tuned for mid band enemies; source never requires fighting above the item level.
DF-N-0971,Supercharged Anomaly Ward Pressure-Sealed Data-Code Cloak of Siphon Guard,Standard / Non-Godly,,20,Super,5,233,Armor,Back,Cloak,Medium,,0,0,65,10,65,Agility,Fortitude,Protocol Rating,Apex Mutator,Siphon Guard,Super affix: minor Siphon Guard trigger after a perfect parry or vault.,Faction Vendor,Faction vendor item unlocked by reputation in Anomaly Ward; non-Godly and trade-limited.,The Anomaly Ward,Faction Vendor,80,Superdense Aether Lattice,Tradeable until equipped,Baseline leveling gear.,Level 20 armor tuned for mid band enemies; source never requires fighting above the item level.
DF-N-1008,Hardened EPI-Center Moon-Silver Lexicon Thermal Scepter of Scrap Magnetism,Standard / Non-Godly,,21,Rare,3,196,Weapon,Caster Weapon,Thermal Scepter,None,Medium,65,100,0,0,24,Shield Break,Flux Charge Gain,Command Point Gain,Protocol Weaver,Scrap Magnetism,Standard affix: modest Scrap Magnetism bonus appropriate for level 21.,Faction Vendor,Faction vendor item unlocked by reputation in EPI-Center; non-Godly and trade-limited.,The EPI-Center,Faction Vendor,900,Aether Filament / Blue Tempered Core,Tradeable until equipped,Post-20 item; high rarities remain scarce and do not replace farming loops.,Level 21 weapon tuned for mid band enemies; source never requires fighting above the item level.
DF-N-1013,Hardened Anomaly Ward Cindervale Steel EMP Bracers of Vault Momentum,Standard / Non-Godly,,21,Rare,3,191,Armor,Wrists,Bracers,Medium,,0,0,65,4,53,Might,Agility,Focus,Scrap-Tek,Vault Momentum,Standard affix: modest Vault Momentum bonus appropriate for level 21.,Faction Vendor,Faction vendor item unlocked by reputation in Anomaly Ward; non-Godly and trade-limited.,The Anomaly Ward,Faction Vendor,900,Aether Filament / Blue Tempered Core,Tradeable until equipped,Post-20 item; high rarities remain scarce and do not replace farming loops.,Level 21 armor tuned for mid band enemies; source never requires fighting above the item level.
DF-N-1029,Tuned Wayfora Archipelago Cindervale Steel Chimera Helm of Sevenfold Counter,Standard / Non-Godly,,21,Uncommon,2,174,Armor,Head,Helm,Medium,,0,0,81,5,49,Armor Pierce,Scrap Charge Gain,Kinetic Charge,Apex Mutator,Sevenfold Counter,Standard affix: modest Sevenfold Counter bonus appropriate for level 21.,Faction Vendor,Faction vendor item unlocked by reputation in Wayfora Archipelago; non-Godly and trade-limited.,The Wayfora Archipelago,Faction Vendor,2600,Refined Alloy / Greenhide Thread,Tradeable until equipped,Post-20 item; high rarities remain scarce and do not replace farming loops.,Level 21 armor tuned for mid band enemies; source never requires fighting above the item level.
DF-N-1039,Prismatic Anomaly Ward Leviathan Pearl Apex Boots of Combo Grace,Standard / Non-Godly,,21,Very Rare,4,211,Armor,Feet,Boots,Medium,,0,0,85,14,59,Fortitude,Command Point Gain,Critical Chance,Apex Mutator,Combo Grace,Very Rare affix: improved Combo Grace stat budget and one utility roll.,Faction Vendor,Faction vendor item unlocked by reputation in Anomaly Ward; non-Godly and trade-limited.,The Anomaly Ward,Faction Vendor,275,Prismatic Scale / Violet Circuit,Tradeable until equipped,Post-20 item; high rarities remain scarce and do not replace farming loops.,Level 21 armor tuned for mid band enemies; source never requires fighting above the item level.
DF-N-1044,Prismatic Abyssal Trench Greenfire Haymaker Chestplate of Low-Gravity Lift,Standard / Non-Godly,,21,Very Rare,4,210,Armor,Chest,Chestplate,Heavy,,0,0,202,33,59,Command Point Gain,Combo Decay Resistance,Protocol Rating,Kinetic Juggernaut,Low-Gravity Lift,Very Rare affix: improved Low-Gravity Lift stat budget and one utility roll.,Faction Vendor,Faction vendor item unlocked by reputation in Abyssal Trench; non-Godly and trade-limited.,The Abyssal Trench,Faction Vendor,275,Prismatic Scale / Violet Circuit,Tradeable until equipped,Post-20 item; high rarities remain scarce and do not replace farming loops.,Level 21 armor tuned for mid band enemies; source never requires fighting above the item level.
DF-N-1050,Legend-Wrought Anomaly Ward Pressure-Sealed Sub-Bass Cloak of Dawnforge Resolve,Standard / Non-Godly,,21,Legend,6,286,Armor,Back,Cloak,Medium,,0,0,80,13,80,Stagger Damage,Command Point Gain,Aether,Resonant,Dawnforge Resolve,High-tier non-unique affix: +3 Dawnforge Resolve stack(s) after a 25-hit combo; cannot exceed Godly unique mechanics.,Faction Vendor,Faction vendor item unlocked by reputation in Anomaly Ward; non-Godly and trade-limited.,The Anomaly Ward,Faction Vendor,18,Legend Shard,Bind on pickup / limited trade window,Post-20 item; high rarities remain scarce and do not replace farming loops.,Level 21 armor tuned for mid band enemies; source never requires fighting above the item level.
DF-N-1055,Hardened Deprecated Repositories Moon-Silver Thermal Protocol Blade of Scrap Magnetism,Standard / Non-Godly,,22,Rare,3,204,Weapon,Main Hand,Protocol Blade,None,Medium,67,104,0,0,24,Threat Control,Perfect Parry Window,Combo Decay Resistance,Flux-Caster,Scrap Magnetism,Standard affix: modest Scrap Magnetism bonus appropriate for level 22.,Faction Vendor,Faction vendor item unlocked by reputation in Deprecated Repositories; non-Godly and trade-limited.,The Deprecated Repositories,Faction Vendor,900,Aether Filament / Blue Tempered Core,Tradeable until equipped,Post-20 item; high rarities remain scarce and do not replace farming loops.,Level 22 weapon tuned for mid band enemies; source never requires fighting above the item level.
DF-N-1066,Hardened EPI-Center Sapglass Red-Pen Glaive of Phase-Step,Standard / Non-Godly,,22,Rare,3,204,Weapon,Two-Hand Weapon,Glaive,None,Medium,74,115,0,0,24,Altitude Charge Gain,Perfect Parry Window,Evolution Point Gain,Protocol Weaver,Phase-Step,Standard affix: modest Phase-Step bonus appropriate for level 22.,Faction Vendor,Faction vendor item unlocked by reputation in EPI-Center; non-Godly and trade-limited.,The EPI-Center,Faction Vendor,900,Aether Filament / Blue Tempered Core,Tradeable until equipped,Post-20 item; high rarities remain scarce and do not replace farming loops.,Level 22 weapon tuned for mid band enemies; source never requires fighting above the item level.
DF-N-1071,Supercharged Deprecated Repositories Moon-Silver Scrap Legwraps of Null Ward,Standard / Non-Godly,,22,Super,5,255,Armor,Legs,Legwraps,Heavy,,0,0,111,18,71,Stagger Damage,Evolution Point Gain,Agility,Scrap-Tek,Null Ward,Super affix: minor Null Ward trigger after a perfect parry or vault.,Faction Vendor,Faction vendor item unlocked by reputation in Deprecated Repositories; non-Godly and trade-limited.,The Deprecated Repositories,Faction Vendor,80,Superdense Aether Lattice,Tradeable until equipped,Post-20 item; high rarities remain scarce and do not replace farming loops.,Level 22 armor tuned for mid band enemies; source never requires fighting above the item level.
DF-N-1086,Prismatic Shut-Down Academies Leviathan Pearl Syntax Magnetic Grapple Gauntlet of Combo Grace,Standard / Non-Godly,,22,Very Rare,4,225,Weapon,Arm Weapon,Magnetic Grapple Gauntlet,None,Fast,64,102,0,0,27,Evolution Point Gain,Armor Pierce,Focus,Protocol Weaver,Combo Grace,Very Rare affix: improved Combo Grace stat budget and one utility roll.,Faction Vendor,Faction vendor item unlocked by reputation in Shut-Down Academies; non-Godly and trade-limited.,The Shut-Down Academies,Faction Vendor,275,Prismatic Scale / Violet Circuit,Tradeable until equipped,Post-20 item; high rarities remain scarce and do not replace farming loops.,Level 22 weapon tuned for mid band enemies; source never requires fighting above the item level.
DF-N-1108,Hardened Anomaly Ward Mirror-Glass Altitude Mask of Low-Gravity Lift,Standard / Non-Godly,,23,Rare,3,209,Armor,Head,Mask,Medium,,0,0,78,5,59,Command Point Gain,Shield Break,Aether,Orbital Striker,Low-Gravity Lift,Standard affix: modest Low-Gravity Lift bonus appropriate for level 23.,Faction Vendor,Faction vendor item unlocked by reputation in Anomaly Ward; non-Godly and trade-limited.,The Anomaly Ward,Faction Vendor,900,Aether Filament / Blue Tempered Core,Tradeable until equipped,Post-20 item; high rarities remain scarce and do not replace farming loops.,Level 23 armor tuned for mid band enemies; source never requires fighting above the item level.
DF-N-1113,Hardened Shut-Down Academies Sapglass Crucible Twin Daggers of Phase-Step,Standard / Non-Godly,,23,Rare,3,212,Weapon,Dual Weapon,Twin Daggers,None,Very Fast,54,84,0,0,25,Critical Chance,Resonance,Cooldown Recovery,Flux-Caster,Phase-Step,Standard affix: modest Phase-Step bonus appropriate for level 23.,Faction Vendor,Faction vendor item unlocked by reputation in Shut-Down Academies; non-Godly and trade-limited.,The Shut-Down Academies,Faction Vendor,900,Aether Filament / Blue Tempered Core,Tradeable until equipped,Post-20 item; high rarities remain scarce and do not replace farming loops.,Level 23 weapon tuned for mid band enemies; source never requires fighting above the item level.
DF-N-1129,Tuned Pocket-Monster Data Plains Sapglass Hydraulic Cape of Thermal Shock,Standard / Non-Godly,,23,Uncommon,2,190,Armor,Back,Cape,Medium,,0,0,49,3,53,Evolution Point Gain,Stagger Damage,Might,Scrap-Tek,Thermal Shock,Standard affix: modest Thermal Shock bonus appropriate for level 23.,Faction Vendor,Faction vendor item unlocked by reputation in Pocket-Monster Data Plains; non-Godly and trade-limited.,The Pocket-Monster Data Plains,Faction Vendor,2600,Refined Alloy / Greenhide Thread,Tradeable until equipped,Post-20 item; high rarities remain scarce and do not replace farming loops.,Level 23 armor tuned for mid band enemies; source never requires fighting above the item level.
DF-N-1139,Prismatic Deprecated Repositories Cindervale Steel Junkyard Greaves of Kinetic Absorption,Standard / Non-Godly,,23,Very Rare,4,231,Armor,Legs,Greaves,Heavy,,0,0,143,23,65,Cooldown Recovery,Flux Charge Gain,Evolution Point Gain,Scrap-Tek,Kinetic Absorption,Very Rare affix: improved Kinetic Absorption stat budget and one utility roll.,Faction Vendor,Faction vendor item unlocked by reputation in Deprecated Repositories; non-Godly and trade-limited.,The Deprecated Repositories,Faction Vendor,275,Prismatic Scale / Violet Circuit,Tradeable until equipped,Post-20 item; high rarities remain scarce and do not replace farming loops.,Level 23 armor tuned for mid band enemies; source never requires fighting above the item level.
DF-N-1144,Prismatic Anomaly Ward Pressure-Sealed Front-Matter Briar Bow of Dawnforge Resolve,Standard / Non-Godly,,23,Very Rare,4,234,Weapon,Ranged Weapon,Briar Bow,None,Medium,74,118,0,0,28,Agility,Agility,Agility,Protocol Weaver,Dawnforge Resolve,Very Rare affix: improved Dawnforge Resolve stat budget and one utility roll.,Faction Vendor,Faction vendor item unlocked by reputation in Anomaly Ward; non-Godly and trade-limited.,The Anomaly Ward,Faction Vendor,275,Prismatic Scale / Violet Circuit,Tradeable until equipped,Post-20 item; high rarities remain scarce and do not replace farming loops.,Level 23 weapon tuned for mid band enemies; source never requires fighting above the item level.
DF-N-1150,Legend-Wrought Voyage Incubator Moon-Silver Haymaker Legwraps of Aerial Juggle,Standard / Non-Godly,,23,Legend,6,312,Armor,Legs,Legwraps,Heavy,,0,0,135,22,87,Protocol Rating,Flux Charge Gain,Combo Decay Resistance,Kinetic Juggernaut,Aerial Juggle,High-tier non-unique affix: +3 Aerial Juggle stack(s) after a 25-hit combo; cannot exceed Godly unique mechanics.,Faction Vendor,Faction vendor item unlocked by reputation in Voyage Incubator; non-Godly and trade-limited.,The Voyage Incubator,Faction Vendor,18,Legend Shard,Bind on pickup / limited trade window,Post-20 item; high rarities remain scarce and do not replace farming loops.,Level 23 armor tuned for mid band enemies; source never requires fighting above the item level.
DF-N-1155,Hardened Shut-Down Academies Mirror-Glass Latch Sonic Maul of Low-Gravity Lift,Standard / Non-Godly,,24,Rare,3,221,Weapon,Two-Hand Weapon,Sonic Maul,None,Slow,86,133,0,0,27,Flux Charge Gain,Focus,Flux Charge Gain,Packmaster,Low-Gravity Lift,Standard affix: modest Low-Gravity Lift bonus appropriate for level 24.,Faction Vendor,Faction vendor item unlocked by reputation in Shut-Down Academies; non-Godly and trade-limited.,The Shut-Down Academies,Faction Vendor,900,Aether Filament / Blue Tempered Core,Tradeable until equipped,Post-20 item; high rarities remain scarce and do not replace farming loops.,Level 24 weapon tuned for mid band enemies; source never requires fighting above the item level.
DF-N-1166,Hardened Anomaly Ward Null-Iron Tether Coat of Hound Latch,Standard / Non-Godly,,24,Rare,3,217,Armor,Chest,Coat,Heavy,,0,0,141,9,61,Focus,Focus,Focus,Orbital Striker,Hound Latch,Standard affix: modest Hound Latch bonus appropriate for level 24.,Faction Vendor,Faction vendor item unlocked by reputation in Anomaly Ward; non-Godly and trade-limited.,The Anomaly Ward,Faction Vendor,900,Aether Filament / Blue Tempered Core,Tradeable until equipped,Post-20 item; high rarities remain scarce and do not replace farming loops.,Level 24 armor tuned for mid band enemies; source never requires fighting above the item level.
DF-N-1171,Supercharged EPI-Center Mirror-Glass Glacial Belt of Armor Sunder,Standard / Non-Godly,,24,Super,5,278,Armor,Waist,Belt,Medium,,0,0,86,14,78,Protocol Rating,Verdant Point Gain,Shield Break,Flux-Caster,Armor Sunder,Super affix: minor Armor Sunder trigger after a perfect parry or vault.,Faction Vendor,Faction vendor item unlocked by reputation in EPI-Center; non-Godly and trade-limited.,The EPI-Center,Faction Vendor,80,Superdense Aether Lattice,Tradeable until equipped,Post-20 item; high rarities remain scarce and do not replace farming loops.,Level 24 armor tuned for mid band enemies; source never requires fighting above the item level.
DF-N-1186,Prismatic Urban Sprawl Cindervale Steel Exosphere Boots of Kinetic Absorption,Standard / Non-Godly,,24,Very Rare,4,240,Armor,Feet,Boots,Medium,,0,0,97,16,67,Might,Perfect Parry Window,Cooldown Recovery,Orbital Striker,Kinetic Absorption,Very Rare affix: improved Kinetic Absorption stat budget and one utility roll.,Faction Vendor,Faction vendor item unlocked by reputation in Urban Sprawl; non-Godly and trade-limited.,The Urban Sprawl,Faction Vendor,275,Prismatic Scale / Violet Circuit,Tradeable until equipped,Post-20 item; high rarities remain scarce and do not replace farming loops.,Level 24 armor tuned for mid band enemies; source never requires fighting above the item level.
DF-N-1208,Hardened EPI-Center Greenfire World-Tree Aegis Shield of Dawnforge Resolve,Standard / Non-Godly,,25,Rare,3,216,Armor,Shield,Aegis Shield,Heavy,,0,0,161,10,60,Agility,Threat Control,Combo Decay Resistance,Sylvan Warden,Dawnforge Resolve,Standard affix: modest Dawnforge Resolve bonus appropriate for level 25.,Faction Vendor,Faction vendor item unlocked by reputation in EPI-Center; non-Godly and trade-limited.,The EPI-Center,Faction Vendor,900,Aether Filament / Blue Tempered Core,Tradeable until equipped,Post-20 item; high rarities remain scarce and do not replace farming loops.,Level 25 armor tuned for mid band enemies; source never requires fighting above the item level.
DF-N-1213,Hardened Anomaly Ward Null-Iron Hound Magnetic Grapple Gauntlet of Hound Latch,Standard / Non-Godly,,25,Rare,3,230,Weapon,Arm Weapon,Magnetic Grapple Gauntlet,None,Fast,67,103,0,0,28,Kinetic Charge,Command Point Gain,Verdant Point Gain,Packmaster,Hound Latch,Standard affix: modest Hound Latch bonus appropriate for level 25.,Faction Vendor,Faction vendor item unlocked by reputation in Anomaly Ward; non-Godly and trade-limited.,The Anomaly Ward,Faction Vendor,900,Aether Filament / Blue Tempered Core,Tradeable until equipped,Post-20 item; high rarities remain scarce and do not replace farming loops.,Level 25 weapon tuned for mid band enemies; source never requires fighting above the item level.
DF-N-1229,Tuned Voyage Incubator Null-Iron Maelstrom Boots of Mirror Deflection,Standard / Non-Godly,,25,Uncommon,2,206,Armor,Feet,Boots,Medium,,0,0,83,5,58,Might,Combo Decay Resistance,Armor Pierce,Flux-Caster,Mirror Deflection,Standard affix: modest Mirror Deflection bonus appropriate for level 25.,Faction Vendor,Faction vendor item unlocked by reputation in Voyage Incubator; non-Godly and trade-limited.,The Voyage Incubator,Faction Vendor,2600,Refined Alloy / Greenhide Thread,Tradeable until equipped,Post-20 item; high rarities remain scarce and do not replace farming loops.,Level 25 armor tuned for mid band enemies; source never requires fighting above the item level.
DF-N-1239,Prismatic Raid-Rush Choke Points Sapglass Aether Bracers of Protocol Revision,Standard / Non-Godly,,25,Very Rare,4,251,Armor,Wrists,Bracers,Medium,,0,0,86,14,70,Altitude Charge Gain,Shield Break,Focus,Flux-Caster,Protocol Revision,Very Rare affix: improved Protocol Revision stat budget and one utility roll.,Faction Vendor,Faction vendor item unlocked by reputation in Raid-Rush Choke Points; non-Godly and trade-limited.,The Raid-Rush Choke Points,Faction Vendor,275,Prismatic Scale / Violet Circuit,Tradeable until equipped,Post-20 item; high rarities remain scarce and do not replace farming loops.,Level 25 armor tuned for mid band enemies; source never requires fighting above the item level.
DF-N-1244,Prismatic Shut-Down Academies Moon-Silver Orbital Rail Rifle of Aerial Juggle,Standard / Non-Godly,,25,Very Rare,4,254,Weapon,Ranged Weapon,Rail Rifle,None,Slow,100,160,0,0,30,Stagger Damage,Resonance,Shield Break,Orbital Striker,Aerial Juggle,Very Rare affix: improved Aerial Juggle stat budget and one utility roll.,Faction Vendor,Faction vendor item unlocked by reputation in Shut-Down Academies; non-Godly and trade-limited.,The Shut-Down Academies,Faction Vendor,275,Prismatic Scale / Violet Circuit,Tradeable until equipped,Post-20 item; high rarities remain scarce and do not replace farming loops.,Level 25 weapon tuned for mid band enemies; source never requires fighting above the item level.
DF-N-1255,Hardened Lunar Readiness Base Starwell Alloy Phantom Mask of Dawnforge Resolve,Standard / Non-Godly,,26,Rare,3,224,Armor,Head,Mask,Medium,,0,0,83,5,63,Resonance,Kinetic Charge,Protocol Rating,Phantom-Shift,Dawnforge Resolve,Standard affix: modest Dawnforge Resolve bonus appropriate for level 26.,Faction Vendor,Faction vendor item unlocked by reputation in Lunar Readiness Base; non-Godly and trade-limited.,The Lunar Readiness Base,Faction Vendor,900,Aether Filament / Blue Tempered Core,Tradeable until equipped,Post-20 item; high rarities remain scarce and do not replace farming loops.,Level 26 armor tuned for late band enemies; source never requires fighting above the item level.
DF-N-1266,Hardened Zenith Spire Dawnforge Tempered Briar Visor of Briar Binding,Standard / Non-Godly,,26,Rare,3,224,Armor,Head,Visor,Medium,,0,0,76,5,63,Armor Pierce,Kinetic Charge,Cooldown Recovery,Sylvan Warden,Briar Binding,Standard affix: modest Briar Binding bonus appropriate for level 26.,Faction Vendor,Faction vendor item unlocked by reputation in Zenith Spire; non-Godly and trade-limited.,The Zenith Spire,Faction Vendor,900,Aether Filament / Blue Tempered Core,Tradeable until equipped,Post-20 item; high rarities remain scarce and do not replace farming loops.,Level 26 armor tuned for late band enemies; source never requires fighting above the item level.
DF-N-1271,Supercharged Anomaly Ward Starwell Alloy Handler Briar Bow of Hydraulic Burst,Standard / Non-Godly,,26,Super,5,304,Weapon,Ranged Weapon,Briar Bow,None,Medium,95,155,0,0,36,Threat Control,Armor Pierce,Scrap Charge Gain,Packmaster,Hydraulic Burst,Super affix: minor Hydraulic Burst trigger after a perfect parry or vault.,Faction Vendor,Faction vendor item unlocked by reputation in Anomaly Ward; non-Godly and trade-limited.,The Anomaly Ward,Faction Vendor,80,Superdense Aether Lattice,Tradeable until equipped,Post-20 item; high rarities remain scarce and do not replace farming loops.,Level 26 weapon tuned for late band enemies; source never requires fighting above the item level.
DF-N-1276,Supercharged Syndicate Spire Prismatic Data Sylvan Cape of Mirror Deflection,Standard / Non-Godly,,26,Super,5,299,Armor,Back,Cape,Medium,,0,0,78,13,84,Fortitude,Fortitude,Fortitude,Sylvan Warden,Mirror Deflection,Super affix: minor Mirror Deflection trigger after a perfect parry or vault.,Faction Vendor,Faction vendor item unlocked by reputation in Syndicate Spire; non-Godly and trade-limited.,The Syndicate Spire,Faction Vendor,80,Superdense Aether Lattice,Tradeable until equipped,Post-20 item; high rarities remain scarce and do not replace farming loops.,Level 26 armor tuned for late band enemies; source never requires fighting above the item level.
DF-N-1286,Prismatic Alternating Archives Dreamglass Ironbark Greaves of Protocol Revision,Standard / Non-Godly,,26,Very Rare,4,260,Armor,Legs,Greaves,Heavy,,0,0,161,26,73,Critical Chance,Focus,Verdant Point Gain,Sylvan Warden,Protocol Revision,Very Rare affix: improved Protocol Revision stat budget and one utility roll.,Faction Vendor,Faction vendor item unlocked by reputation in Alternating Archives; non-Godly and trade-limited.,The Alternating Archives,Faction Vendor,275,Prismatic Scale / Violet Circuit,Tradeable until equipped,Post-20 item; high rarities remain scarce and do not replace farming loops.,Level 26 armor tuned for late band enemies; source never requires fighting above the item level.
DF-N-1308,Hardened Zenith Spire Ancient Ironbark Resonant Cloak of Aerial Juggle,Standard / Non-Godly,,27,Rare,3,233,Armor,Back,Cloak,Medium,,0,0,65,4,65,Stagger Damage,Aether,Flux Charge Gain,Resonant,Aerial Juggle,Standard affix: modest Aerial Juggle bonus appropriate for level 27.,Faction Vendor,Faction vendor item unlocked by reputation in Zenith Spire; non-Godly and trade-limited.,The Zenith Spire,Faction Vendor,900,Aether Filament / Blue Tempered Core,Tradeable until equipped,Post-20 item; high rarities remain scarce and do not replace farming loops.,Level 27 armor tuned for late band enemies; source never requires fighting above the item level.
DF-N-1313,Hardened Raid-Rush Choke Points Dawnforge Tempered Stutter Coat of Briar Binding,Standard / Non-Godly,,27,Rare,3,232,Armor,Chest,Coat,Heavy,,0,0,151,10,65,Perfect Parry Window,Flux Charge Gain,Kinetic Charge,Phantom-Shift,Briar Binding,Standard affix: modest Briar Binding bonus appropriate for level 27.,Faction Vendor,Faction vendor item unlocked by reputation in Raid-Rush Choke Points; non-Godly and trade-limited.,The Raid-Rush Choke Points,Faction Vendor,900,Aether Filament / Blue Tempered Core,Tradeable until equipped,Post-20 item; high rarities remain scarce and do not replace farming loops.,Level 27 armor tuned for late band enemies; source never requires fighting above the item level.
DF-N-1329,Tuned Urban Sprawl Dawnforge Tempered Pack Warhammer of Flow Retention,Standard / Non-Godly,,27,Uncommon,2,226,Weapon,Two-Hand Weapon,Warhammer,None,Slow,101,153,0,0,27,Critical Chance,Agility,Altitude Charge Gain,Packmaster,Flow Retention,Standard affix: modest Flow Retention bonus appropriate for level 27.,Faction Vendor,Faction vendor item unlocked by reputation in Urban Sprawl; non-Godly and trade-limited.,The Urban Sprawl,Faction Vendor,2600,Refined Alloy / Greenhide Thread,Tradeable until equipped,Post-20 item; high rarities remain scarce and do not replace farming loops.,Level 27 weapon tuned for late band enemies; source never requires fighting above the item level.
DF-N-1339,Prismatic EPI-Center Prismatic Data Den Aether Focus of EMP Resistance,Standard / Non-Godly,,27,Very Rare,4,274,Weapon,Off Hand Focus,Aether Focus,None,Medium,64,102,0,0,33,Focus,Threat Control,Cooldown Recovery,Packmaster,EMP Resistance,Very Rare affix: improved EMP Resistance stat budget and one utility roll.,Faction Vendor,Faction vendor item unlocked by reputation in EPI-Center; non-Godly and trade-limited.,The EPI-Center,Faction Vendor,275,Prismatic Scale / Violet Circuit,Tradeable until equipped,Post-20 item; high rarities remain scarce and do not replace farming loops.,Level 27 weapon tuned for late band enemies; source never requires fighting above the item level.
DF-N-1344,Prismatic Syndicate Spire Void-Touched Root Cloak of Afterimage Echo,Standard / Non-Godly,,27,Very Rare,4,269,Armor,Back,Cloak,Medium,,0,0,75,12,75,Protocol Rating,Command Point Gain,Scrap Charge Gain,Sylvan Warden,Afterimage Echo,Very Rare affix: improved Afterimage Echo stat budget and one utility roll.,Faction Vendor,Faction vendor item unlocked by reputation in Syndicate Spire; non-Godly and trade-limited.,The Syndicate Spire,Faction Vendor,275,Prismatic Scale / Violet Circuit,Tradeable until equipped,Post-20 item; high rarities remain scarce and do not replace farming loops.,Level 27 armor tuned for late band enemies; source never requires fighting above the item level.
DF-N-1355,Hardened Anomaly Ward Ancient Ironbark Alpha Aegis Shield of Aerial Juggle,Standard / Non-Godly,,28,Rare,3,241,Armor,Shield,Aegis Shield,Heavy,,0,0,179,12,67,Combo Decay Resistance,Altitude Charge Gain,Agility,Apex Mutator,Aerial Juggle,Standard affix: modest Aerial Juggle bonus appropriate for level 28.,Faction Vendor,Faction vendor item unlocked by reputation in Anomaly Ward; non-Godly and trade-limited.,The Anomaly Ward,Faction Vendor,900,Aether Filament / Blue Tempered Core,Tradeable until equipped,Post-20 item; high rarities remain scarce and do not replace farming loops.,Level 28 armor tuned for late band enemies; source never requires fighting above the item level.
DF-N-1366,Hardened Lunar Readiness Base Eclipse-Hardened Tuning Helm of Evolution Charge,Standard / Non-Godly,,28,Rare,3,241,Armor,Head,Helm,Heavy,,0,0,112,7,67,Evolution Point Gain,Altitude Charge Gain,Verdant Point Gain,Resonant,Evolution Charge,Standard affix: modest Evolution Charge bonus appropriate for level 28.,Faction Vendor,Faction vendor item unlocked by reputation in Lunar Readiness Base; non-Godly and trade-limited.,The Lunar Readiness Base,Faction Vendor,900,Aether Filament / Blue Tempered Core,Tradeable until equipped,Post-20 item; high rarities remain scarce and do not replace farming loops.,Level 28 armor tuned for late band enemies; source never requires fighting above the item level.
DF-N-1371,Supercharged Urban Sprawl Ancient Ironbark Flux Rail Rifle of Sonic Reverb,Standard / Non-Godly,,28,Super,5,315,Weapon,Ranged Weapon,Rail Rifle,None,Slow,123,200,0,0,38,Flux Charge Gain,Perfect Parry Window,Resonance,Phantom-Shift,Sonic Reverb,Super affix: minor Sonic Reverb trigger after a perfect parry or vault.,Faction Vendor,Faction vendor item unlocked by reputation in Urban Sprawl; non-Godly and trade-limited.,The Urban Sprawl,Faction Vendor,80,Superdense Aether Lattice,Tradeable until equipped,Post-20 item; high rarities remain scarce and do not replace farming loops.,Level 28 weapon tuned for late band enemies; source never requires fighting above the item level.
DF-N-1376,Supercharged Zenith Spire Dawnforge Tempered Tempo Boots of Flow Retention,Standard / Non-Godly,,28,Super,5,321,Armor,Feet,Boots,Heavy,,0,0,129,21,90,Cooldown Recovery,Evolution Point Gain,Perfect Parry Window,Resonant,Flow Retention,Super affix: minor Flow Retention trigger after a perfect parry or vault.,Faction Vendor,Faction vendor item unlocked by reputation in Zenith Spire; non-Godly and trade-limited.,The Zenith Spire,Faction Vendor,80,Superdense Aether Lattice,Tradeable until equipped,Post-20 item; high rarities remain scarce and do not replace farming loops.,Level 28 armor tuned for late band enemies; source never requires fighting above the item level.
DF-N-1386,Prismatic EPI-Center Prismatic Data Sub-Bass Bracers of EMP Resistance,Standard / Non-Godly,,28,Very Rare,4,280,Armor,Wrists,Bracers,Medium,,0,0,95,15,78,Kinetic Charge,Kinetic Charge,Kinetic Charge,Resonant,EMP Resistance,Very Rare affix: improved EMP Resistance stat budget and one utility roll.,Faction Vendor,Faction vendor item unlocked by reputation in EPI-Center; non-Godly and trade-limited.,The EPI-Center,Faction Vendor,275,Prismatic Scale / Violet Circuit,Tradeable until equipped,Post-20 item; high rarities remain scarce and do not replace farming loops.,Level 28 armor tuned for late band enemies; source never requires fighting above the item level.
DF-N-1408,Hardened Planet Defense Perimeter Astral Bone Inertia Gravity Lance of Afterimage Echo,Standard / Non-Godly,,29,Rare,3,255,Weapon,Two-Hand Weapon,Gravity Lance,None,Medium,94,146,0,0,31,Protocol Rating,Protocol Rating,Protocol Rating,Kinetic Juggernaut,Afterimage Echo,Standard affix: modest Afterimage Echo bonus appropriate for level 29.,Faction Vendor,Faction vendor item unlocked by reputation in Planet Defense Perimeter; non-Godly and trade-limited.,The Planet Defense Perimeter,Faction Vendor,900,Aether Filament / Blue Tempered Core,Tradeable until equipped,Post-20 item; high rarities remain scarce and do not replace farming loops.,Level 29 weapon tuned for late band enemies; source never requires fighting above the item level.
DF-N-1413,Hardened Raid-Rush Choke Points Eclipse-Hardened Data-Code Visor of Evolution Charge,Standard / Non-Godly,,29,Rare,3,250,Armor,Head,Visor,Medium,,0,0,85,6,70,Verdant Point Gain,Shield Break,Might,Apex Mutator,Evolution Charge,Standard affix: modest Evolution Charge bonus appropriate for level 29.,Faction Vendor,Faction vendor item unlocked by reputation in Raid-Rush Choke Points; non-Godly and trade-limited.,The Raid-Rush Choke Points,Faction Vendor,900,Aether Filament / Blue Tempered Core,Tradeable until equipped,Post-20 item; high rarities remain scarce and do not replace farming loops.,Level 29 armor tuned for late band enemies; source never requires fighting above the item level.
DF-N-1429,Tuned EPI-Center Eclipse-Hardened Afterimage Void Chakrams of Tempo Control,Standard / Non-Godly,,29,Uncommon,2,231,Weapon,Thrown Weapon,Void Chakrams,None,Fast,70,105,0,0,28,Kinetic Charge,Resonance,Fortitude,Phantom-Shift,Tempo Control,Standard affix: modest Tempo Control bonus appropriate for level 29.,Faction Vendor,Faction vendor item unlocked by reputation in EPI-Center; non-Godly and trade-limited.,The EPI-Center,Faction Vendor,2600,Refined Alloy / Greenhide Thread,Tradeable until equipped,Post-20 item; high rarities remain scarce and do not replace farming loops.,Level 29 weapon tuned for late band enemies; source never requires fighting above the item level.
DF-N-1439,Prismatic Urban Sprawl Dawnforge Tempered Chrono Twin Daggers of Starwell Sync,Standard / Non-Godly,,29,Very Rare,4,294,Weapon,Dual Weapon,Twin Daggers,None,Very Fast,74,118,0,0,35,Armor Pierce,Aether,Verdant Point Gain,Phantom-Shift,Starwell Sync,Very Rare affix: improved Starwell Sync stat budget and one utility roll.,Faction Vendor,Faction vendor item unlocked by reputation in Urban Sprawl; non-Godly and trade-limited.,The Urban Sprawl,Faction Vendor,275,Prismatic Scale / Violet Circuit,Tradeable until equipped,Post-20 item; high rarities remain scarce and do not replace farming loops.,Level 29 weapon tuned for late band enemies; source never requires fighting above the item level.
DF-N-1444,Prismatic Canceled Supabase Starwell Alloy Reverb Legwraps of Scrap Magnetism,Standard / Non-Godly,,29,Very Rare,4,289,Armor,Legs,Legwraps,Heavy,,0,0,125,20,81,Threat Control,Flux Charge Gain,Resonance,Resonant,Scrap Magnetism,Very Rare affix: improved Scrap Magnetism stat budget and one utility roll.,Faction Vendor,Faction vendor item unlocked by reputation in Canceled Supabase; non-Godly and trade-limited.,The Canceled Supabase,Faction Vendor,275,Prismatic Scale / Violet Circuit,Tradeable until equipped,Post-20 item; high rarities remain scarce and do not replace farming loops.,Level 29 armor tuned for late band enemies; source never requires fighting above the item level.
DF-N-1460,Prismatic EPI-Center Eclipse-Hardened Protocol Coat of Evolution Charge,Standard / Non-Godly,,30,Very Rare,4,291,Armor,Chest,Coat,Heavy,,0,0,189,31,81,Armor Pierce,Focus,Altitude Charge Gain,Protocol Weaver,Evolution Charge,Very Rare affix: improved Evolution Charge stat budget and one utility roll.,Faction Vendor,Faction vendor item unlocked by reputation in EPI-Center; non-Godly and trade-limited.,The EPI-Center,Faction Vendor,275,Prismatic Scale / Violet Circuit,Tradeable until equipped,Post-20 item; high rarities remain scarce and do not replace farming loops.,Level 30 armor tuned for late band enemies; source never requires fighting above the item level.
DF-N-1465,Prismatic Front-Matter Void Ancient Ironbark Hydraulic Belt of Sonic Reverb,Standard / Non-Godly,,30,Very Rare,4,290,Armor,Waist,Belt,Medium,,0,0,90,14,81,Threat Control,Verdant Point Gain,Aether,Scrap-Tek,Sonic Reverb,Very Rare affix: improved Sonic Reverb stat budget and one utility roll.,Faction Vendor,Faction vendor item unlocked by reputation in Front-Matter Void; non-Godly and trade-limited.,The Front-Matter Void,Faction Vendor,275,Prismatic Scale / Violet Circuit,Tradeable until equipped,Post-20 item; high rarities remain scarce and do not replace farming loops.,Level 30 armor tuned for late band enemies; source never requires fighting above the item level.
DF-N-1471,Hardened Orbital Tether Station Astral Bone Chimera Exo-Rig of Siphon Guard,Standard / Non-Godly,,30,Rare,3,258,Armor,Chest,Exo-Rig,Heavy,,0,0,208,13,72,Resonance,Focus,Threat Control,Apex Mutator,Siphon Guard,Standard affix: modest Siphon Guard bonus appropriate for level 30.,Faction Vendor,Faction vendor item unlocked by reputation in Orbital Tether Station; non-Godly and trade-limited.,The Orbital Tether Station,Faction Vendor,900,Aether Filament / Blue Tempered Core,Tradeable until equipped,Post-20 item; high rarities remain scarce and do not replace farming loops.,Level 30 armor tuned for late band enemies; source never requires fighting above the item level.
DF-N-1492,Supercharged Anomaly Ward Eclipse-Hardened Sub-Bass Visor of Combo Grace,Standard / Non-Godly,,30,Super,5,342,Armor,Head,Visor,Heavy,,0,0,117,19,96,Fortitude,Might,Cooldown Recovery,Resonant,Combo Grace,Super affix: minor Combo Grace trigger after a perfect parry or vault.,Faction Vendor,Faction vendor item unlocked by reputation in Anomaly Ward; non-Godly and trade-limited.,The Anomaly Ward,Faction Vendor,80,Superdense Aether Lattice,Tradeable until equipped,Post-20 item; high rarities remain scarce and do not replace farming loops.,Level 30 armor tuned for late band enemies; source never requires fighting above the item level.
DF-N-1502,Prismatic Orbital Tether Station Astral Bone Tether Aegis Shield of Afterimage Echo,Standard / Non-Godly,,31,Very Rare,4,302,Armor,Shield,Aegis Shield,Heavy,,0,0,225,36,85,Stagger Damage,Threat Control,Resonance,Orbital Striker,Afterimage Echo,Very Rare affix: improved Afterimage Echo stat budget and one utility roll.,Faction Vendor,Faction vendor item unlocked by reputation in Orbital Tether Station; non-Godly and trade-limited.,The Orbital Tether Station,Faction Vendor,275,Prismatic Scale / Violet Circuit,Tradeable until equipped,Post-20 item; high rarities remain scarce and do not replace farming loops.,Level 31 armor tuned for late band enemies; source never requires fighting above the item level.
DF-N-1507,Prismatic Deprecated Repositories Eclipse-Hardened Glacial Magnetic Grapple Gauntlet of Evolution Charge,Standard / Non-Godly,,31,Very Rare,4,305,Weapon,Arm Weapon,Magnetic Grapple Gauntlet,None,Fast,87,138,0,0,37,Perfect Parry Window,Command Point Gain,Perfect Parry Window,Flux-Caster,Evolution Charge,Very Rare affix: improved Evolution Charge stat budget and one utility roll.,Faction Vendor,Faction vendor item unlocked by reputation in Deprecated Repositories; non-Godly and trade-limited.,The Deprecated Repositories,Faction Vendor,275,Prismatic Scale / Violet Circuit,Tradeable until equipped,Post-20 item; high rarities remain scarce and do not replace farming loops.,Level 31 weapon tuned for late band enemies; source never requires fighting above the item level.
DF-N-1529,Hardened Infinite Archives Dreamglass Mutagen Gauntlets of Sevenfold Counter,Standard / Non-Godly,,31,Rare,3,266,Armor,Hands,Gauntlets,Heavy,,0,0,124,8,74,Perfect Parry Window,Command Point Gain,Perfect Parry Window,Apex Mutator,Sevenfold Counter,Standard affix: modest Sevenfold Counter bonus appropriate for level 31.,Faction Vendor,Faction vendor item unlocked by reputation in Infinite Archives; non-Godly and trade-limited.,The Infinite Archives,Faction Vendor,900,Aether Filament / Blue Tempered Core,Tradeable until equipped,Post-20 item; high rarities remain scarce and do not replace farming loops.,Level 31 armor tuned for late band enemies; source never requires fighting above the item level.
DF-N-1534,Hardened Lunar Readiness Base Astral Bone Kinetic Cloak of Vine Pull,Standard / Non-Godly,,31,Rare,3,265,Armor,Back,Cloak,Medium,,0,0,74,5,74,Aether,Combo Decay Resistance,Flux Charge Gain,Kinetic Juggernaut,Vine Pull,Standard affix: modest Vine Pull bonus appropriate for level 31.,Faction Vendor,Faction vendor item unlocked by reputation in Lunar Readiness Base; non-Godly and trade-limited.,The Lunar Readiness Base,Faction Vendor,900,Aether Filament / Blue Tempered Core,Tradeable until equipped,Post-20 item; high rarities remain scarce and do not replace farming loops.,Level 31 armor tuned for late band enemies; source never requires fighting above the item level.
DF-N-1550,Ancient Rhyming Labyrinths Astral Bone Reverb Exo-Rig of Dawnforge Resolve,Standard / Non-Godly,,31,Ancient,7,486,Armor,Chest,Exo-Rig,Heavy,,0,0,392,63,136,Combo Decay Resistance,Protocol Rating,Shield Break,Resonant,Dawnforge Resolve,High-tier non-unique affix: +4 Dawnforge Resolve stack(s) after a 25-hit combo; cannot exceed Godly unique mechanics.,Faction Vendor,Faction vendor item unlocked by reputation in Rhyming Labyrinths; non-Godly and trade-limited.,The Rhyming Labyrinths,Faction Vendor,6,Ancient Memory-Iron,Bind on pickup / limited trade window,Post-20 item; high rarities remain scarce and do not replace farming loops.,Level 31 armor tuned for late band enemies; source never requires fighting above the item level.
DF-N-1560,Prismatic Infinite Archives Dreamglass Thruster Visor of Vault Momentum,Standard / Non-Godly,,32,Very Rare,4,311,Armor,Head,Visor,Heavy,,0,0,106,17,87,Evolution Point Gain,Kinetic Charge,Fortitude,Orbital Striker,Vault Momentum,Very Rare affix: improved Vault Momentum stat budget and one utility roll.,Faction Vendor,Faction vendor item unlocked by reputation in Infinite Archives; non-Godly and trade-limited.,The Infinite Archives,Faction Vendor,275,Prismatic Scale / Violet Circuit,Tradeable until equipped,Post-20 item; high rarities remain scarce and do not replace farming loops.,Level 32 armor tuned for late band enemies; source never requires fighting above the item level.
DF-N-1565,Prismatic Lunar Readiness Base Astral Bone Maelstrom Briar Bow of Siphon Guard,Standard / Non-Godly,,32,Very Rare,4,314,Weapon,Ranged Weapon,Briar Bow,None,Medium,100,159,0,0,38,Flux Charge Gain,Armor Pierce,Combo Decay Resistance,Flux-Caster,Siphon Guard,Very Rare affix: improved Siphon Guard stat budget and one utility roll.,Faction Vendor,Faction vendor item unlocked by reputation in Lunar Readiness Base; non-Godly and trade-limited.,The Lunar Readiness Base,Faction Vendor,275,Prismatic Scale / Violet Circuit,Tradeable until equipped,Post-20 item; high rarities remain scarce and do not replace farming loops.,Level 32 weapon tuned for late band enemies; source never requires fighting above the item level.
DF-N-1571,Hardened Pocket-Monster Data Plains Void-Touched Hydraulic Chestplate of Null Ward,Standard / Non-Godly,,32,Rare,3,275,Armor,Chest,Chestplate,Heavy,,0,0,264,17,77,Combo Decay Resistance,Kinetic Charge,Stagger Damage,Scrap-Tek,Null Ward,Standard affix: modest Null Ward bonus appropriate for level 32.,Faction Vendor,Faction vendor item unlocked by reputation in Pocket-Monster Data Plains; non-Godly and trade-limited.,The Pocket-Monster Data Plains,Faction Vendor,900,Aether Filament / Blue Tempered Core,Tradeable until equipped,Post-20 item; high rarities remain scarce and do not replace farming loops.,Level 32 armor tuned for late band enemies; source never requires fighting above the item level.
DF-N-1592,Supercharged Alternating Archives Dreamglass Haymaker Helm of Kinetic Absorption,Standard / Non-Godly,,32,Super,5,354,Armor,Head,Helm,Heavy,,0,0,165,27,99,Cooldown Recovery,Fortitude,Verdant Point Gain,Kinetic Juggernaut,Kinetic Absorption,Super affix: minor Kinetic Absorption trigger after a perfect parry or vault.,Faction Vendor,Faction vendor item unlocked by reputation in Alternating Archives; non-Godly and trade-limited.,The Alternating Archives,Faction Vendor,80,Superdense Aether Lattice,Tradeable until equipped,Post-20 item; high rarities remain scarce and do not replace farming loops.,Level 32 armor tuned for late band enemies; source never requires fighting above the item level.
DF-N-1602,Prismatic Pocket-Monster Data Plains Void-Touched Briar Cloak of Scrap Magnetism,Standard / Non-Godly,,33,Very Rare,4,321,Armor,Back,Cloak,Medium,,0,0,90,14,90,Protocol Rating,Aether,Threat Control,Sylvan Warden,Scrap Magnetism,Very Rare affix: improved Scrap Magnetism stat budget and one utility roll.,Faction Vendor,Faction vendor item unlocked by reputation in Pocket-Monster Data Plains; non-Godly and trade-limited.,The Pocket-Monster Data Plains,Faction Vendor,275,Prismatic Scale / Violet Circuit,Tradeable until equipped,Post-20 item; high rarities remain scarce and do not replace farming loops.,Level 33 armor tuned for late band enemies; source never requires fighting above the item level.
DF-N-1607,Prismatic Front-Matter Void Dreamglass Handler Coat of Vault Momentum,Standard / Non-Godly,,33,Very Rare,4,320,Armor,Chest,Coat,Heavy,,0,0,208,34,90,Verdant Point Gain,Flux Charge Gain,Critical Chance,Packmaster,Vault Momentum,Very Rare affix: improved Vault Momentum stat budget and one utility roll.,Faction Vendor,Faction vendor item unlocked by reputation in Front-Matter Void; non-Godly and trade-limited.,The Front-Matter Void,Faction Vendor,275,Prismatic Scale / Violet Circuit,Tradeable until equipped,Post-20 item; high rarities remain scarce and do not replace farming loops.,Level 33 armor tuned for late band enemies; source never requires fighting above the item level.
DF-N-1629,Hardened Infinite Archives Prismatic Data Scavenger Pauldrons of Thermal Shock,Standard / Non-Godly,,33,Rare,3,284,Armor,Shoulders,Pauldrons,Heavy,,0,0,167,11,80,Verdant Point Gain,Flux Charge Gain,Critical Chance,Scrap-Tek,Thermal Shock,Standard affix: modest Thermal Shock bonus appropriate for level 33.,Faction Vendor,Faction vendor item unlocked by reputation in Infinite Archives; non-Godly and trade-limited.,The Infinite Archives,Faction Vendor,900,Aether Filament / Blue Tempered Core,Tradeable until equipped,Post-20 item; high rarities remain scarce and do not replace farming loops.,Level 33 armor tuned for late band enemies; source never requires fighting above the item level.
DF-N-1634,Supercharged Marlowe Editing Protocol Void-Touched Syntax Crossbow of Projectile Reversal,Standard / Non-Godly,,33,Super,5,369,Weapon,Ranged Weapon,Crossbow,None,Medium,121,198,0,0,44,Shield Break,Agility,Protocol Rating,Protocol Weaver,Projectile Reversal,Super affix: minor Projectile Reversal trigger after a perfect parry or vault.,Faction Vendor,Faction vendor item unlocked by reputation in Marlowe Editing Protocol; non-Godly and trade-limited.,The Marlowe Editing Protocol,Faction Vendor,80,Superdense Aether Lattice,Tradeable until equipped,Post-20 item; high rarities remain scarce and do not replace farming loops.,Level 33 weapon tuned for late band enemies; source never requires fighting above the item level.
DF-N-1650,Ancient Lich's Court Void-Touched Guard Chestplate of Aerial Juggle,Standard / Non-Godly,,33,Ancient,7,505,Armor,Chest,Chestplate,Heavy,,0,0,485,78,141,Scrap Charge Gain,Scrap Charge Gain,Scrap Charge Gain,Kinetic Juggernaut,Aerial Juggle,High-tier non-unique affix: +4 Aerial Juggle stack(s) after a 25-hit combo; cannot exceed Godly unique mechanics.,Faction Vendor,Faction vendor item unlocked by reputation in Lich's Court; non-Godly and trade-limited.,The Lich's Court,Faction Vendor,6,Ancient Memory-Iron,Bind on pickup / limited trade window,Post-20 item; high rarities remain scarce and do not replace farming loops.,Level 33 armor tuned for late band enemies; source never requires fighting above the item level.
DF-N-1660,Prismatic Canceled Supabase Prismatic Data Verdant Helm of Phase-Step,Standard / Non-Godly,,34,Very Rare,4,330,Armor,Head,Helm,Heavy,,0,0,153,25,92,Might,Altitude Charge Gain,Perfect Parry Window,Sylvan Warden,Phase-Step,Very Rare affix: improved Phase-Step stat budget and one utility roll.,Faction Vendor,Faction vendor item unlocked by reputation in Canceled Supabase; non-Godly and trade-limited.,The Canceled Supabase,Faction Vendor,275,Prismatic Scale / Violet Circuit,Tradeable until equipped,Post-20 item; high rarities remain scarce and do not replace farming loops.,Level 34 armor tuned for late band enemies; source never requires fighting above the item level.
DF-N-1665,Prismatic Rhyming Labyrinths Void-Touched Pack Rail Rifle of Null Ward,Standard / Non-Godly,,34,Very Rare,4,334,Weapon,Ranged Weapon,Rail Rifle,None,Slow,132,210,0,0,40,Resonance,Perfect Parry Window,Flux Charge Gain,Packmaster,Null Ward,Very Rare affix: improved Null Ward stat budget and one utility roll.,Faction Vendor,Faction vendor item unlocked by reputation in Rhyming Labyrinths; non-Godly and trade-limited.,The Rhyming Labyrinths,Faction Vendor,275,Prismatic Scale / Violet Circuit,Tradeable until equipped,Post-20 item; high rarities remain scarce and do not replace farming loops.,Level 34 weapon tuned for late band enemies; source never requires fighting above the item level.
DF-N-1687,Hardened Canceled Supabase Starwell Alloy Junkyard Gloves of Dream Memory,Standard / Non-Godly,,34,Rare,3,292,Armor,Hands,Gloves,Medium,,0,0,100,6,82,Resonance,Perfect Parry Window,Flux Charge Gain,Scrap-Tek,Dream Memory,Standard affix: modest Dream Memory bonus appropriate for level 34.,Faction Vendor,Faction vendor item unlocked by reputation in Canceled Supabase; non-Godly and trade-limited.,The Canceled Supabase,Faction Vendor,900,Aether Filament / Blue Tempered Core,Tradeable until equipped,Post-20 item; high rarities remain scarce and do not replace farming loops.,Level 34 armor tuned for late band enemies; source never requires fighting above the item level.
DF-N-1692,Supercharged Rhyming Labyrinths Prismatic Data Front-Matter Scrap Cannon of Protocol Revision,Standard / Non-Godly,,34,Super,5,380,Weapon,Heavy Ranged,Scrap Cannon,None,Slow,158,257,0,0,46,Altitude Charge Gain,Evolution Point Gain,Kinetic Charge,Protocol Weaver,Protocol Revision,Super affix: minor Protocol Revision trigger after a perfect parry or vault.,Faction Vendor,Faction vendor item unlocked by reputation in Rhyming Labyrinths; non-Godly and trade-limited.,The Rhyming Labyrinths,Faction Vendor,80,Superdense Aether Lattice,Tradeable until equipped,Post-20 item; high rarities remain scarce and do not replace farming loops.,Level 34 weapon tuned for late band enemies; source never requires fighting above the item level.
DF-N-1697,Supercharged Emerald Canopy Sanctuary Void-Touched Magnetic Exo-Rig of Aerial Juggle,Standard / Non-Godly,,34,Super,5,375,Armor,Chest,Exo-Rig,Heavy,,0,0,302,49,105,Stagger Damage,Cooldown Recovery,Threat Control,Scrap-Tek,Aerial Juggle,Super affix: minor Aerial Juggle trigger after a perfect parry or vault.,Faction Vendor,Faction vendor item unlocked by reputation in Emerald Canopy Sanctuary; non-Godly and trade-limited.,The Emerald Canopy Sanctuary,Faction Vendor,80,Superdense Aether Lattice,Tradeable until equipped,Post-20 item; high rarities remain scarce and do not replace farming loops.,Level 34 armor tuned for late band enemies; source never requires fighting above the item level.
DF-N-1707,Prismatic Lich's Court Prismatic Data Flux Visor of Phase-Step,Standard / Non-Godly,,35,Very Rare,4,340,Armor,Head,Visor,Heavy,,0,0,116,19,95,Fortitude,Shield Break,Evolution Point Gain,Phantom-Shift,Phase-Step,Very Rare affix: improved Phase-Step stat budget and one utility roll.,Faction Vendor,Faction vendor item unlocked by reputation in Lich's Court; non-Godly and trade-limited.,The Lich's Court,Faction Vendor,275,Prismatic Scale / Violet Circuit,Tradeable until equipped,Post-20 item; high rarities remain scarce and do not replace farming loops.,Level 35 armor tuned for late band enemies; source never requires fighting above the item level.
DF-N-1718,Prismatic Rhyming Labyrinths Starwell Alloy Sylvan Chestplate of Armor Sunder,Standard / Non-Godly,,35,Very Rare,4,340,Armor,Chest,Chestplate,Heavy,,0,0,327,53,95,Stagger Damage,Shield Break,Combo Decay Resistance,Sylvan Warden,Armor Sunder,Very Rare affix: improved Armor Sunder stat budget and one utility roll.,Faction Vendor,Faction vendor item unlocked by reputation in Rhyming Labyrinths; non-Godly and trade-limited.,The Rhyming Labyrinths,Faction Vendor,275,Prismatic Scale / Violet Circuit,Tradeable until equipped,Post-20 item; high rarities remain scarce and do not replace farming loops.,Level 35 armor tuned for late band enemies; source never requires fighting above the item level.
DF-N-1723,Prismatic Lich's Court Prismatic Data Heavy-Chewer Void Chakrams of Thermal Shock,Standard / Non-Godly,,35,Very Rare,4,343,Weapon,Thrown Weapon,Void Chakrams,None,Fast,100,159,0,0,41,Perfect Parry Window,Resonance,Verdant Point Gain,Packmaster,Thermal Shock,Very Rare affix: improved Thermal Shock stat budget and one utility roll.,Faction Vendor,Faction vendor item unlocked by reputation in Lich's Court; non-Godly and trade-limited.,The Lich's Court,Faction Vendor,275,Prismatic Scale / Violet Circuit,Tradeable until equipped,Post-20 item; high rarities remain scarce and do not replace farming loops.,Level 35 weapon tuned for late band enemies; source never requires fighting above the item level.
DF-N-1729,Hardened Alternating Archives Dawnforge Tempered Ignition Coat of Mirror Deflection,Standard / Non-Godly,,35,Rare,3,301,Armor,Chest,Coat,Heavy,,0,0,196,13,84,Fortitude,Shield Break,Evolution Point Gain,Flux-Caster,Mirror Deflection,Standard affix: modest Mirror Deflection bonus appropriate for level 35.,Faction Vendor,Faction vendor item unlocked by reputation in Alternating Archives; non-Godly and trade-limited.,The Alternating Archives,Faction Vendor,900,Aether Filament / Blue Tempered Core,Tradeable until equipped,Post-20 item; high rarities remain scarce and do not replace farming loops.,Level 35 armor tuned for late band enemies; source never requires fighting above the item level.
DF-N-1734,Hardened Rhyming Labyrinths Starwell Alloy Exosphere Gravity Lance of Dream Memory,Standard / Non-Godly,,35,Rare,3,304,Weapon,Two-Hand Weapon,Gravity Lance,None,Medium,112,174,0,0,36,Command Point Gain,Resonance,Agility,Orbital Striker,Dream Memory,Standard affix: modest Dream Memory bonus appropriate for level 35.,Faction Vendor,Faction vendor item unlocked by reputation in Rhyming Labyrinths; non-Godly and trade-limited.,The Rhyming Labyrinths,Faction Vendor,900,Aether Filament / Blue Tempered Core,Tradeable until equipped,Post-20 item; high rarities remain scarce and do not replace farming loops.,Level 35 weapon tuned for late band enemies; source never requires fighting above the item level.
DF-N-1760,Prismatic Planet Defense Perimeter Dawnforge Tempered Wub Aether Focus of Hound Latch,Standard / Non-Godly,,36,Very Rare,4,354,Weapon,Off Hand Focus,Aether Focus,None,Medium,83,131,0,0,42,Critical Chance,Critical Chance,Critical Chance,Resonant,Hound Latch,Very Rare affix: improved Hound Latch stat budget and one utility roll.,Faction Vendor,Faction vendor item unlocked by reputation in Planet Defense Perimeter; non-Godly and trade-limited.,The Planet Defense Perimeter,Faction Vendor,275,Prismatic Scale / Violet Circuit,Tradeable until equipped,Post-20 item; high rarities remain scarce and do not replace farming loops.,Level 36 weapon tuned for late band enemies; source never requires fighting above the item level.
DF-N-1765,Prismatic Infinite Archives Starwell Alloy Afterimage Exo-Rig of Armor Sunder,Standard / Non-Godly,,36,Very Rare,4,349,Armor,Chest,Exo-Rig,Heavy,,0,0,281,45,98,Combo Decay Resistance,Focus,Protocol Rating,Phantom-Shift,Armor Sunder,Very Rare affix: improved Armor Sunder stat budget and one utility roll.,Faction Vendor,Faction vendor item unlocked by reputation in Infinite Archives; non-Godly and trade-limited.,The Infinite Archives,Faction Vendor,275,Prismatic Scale / Violet Circuit,Tradeable until equipped,Post-20 item; high rarities remain scarce and do not replace farming loops.,Level 36 armor tuned for late band enemies; source never requires fighting above the item level.
DF-N-1787,Hardened Rhyming Labyrinths Ancient Ironbark Aether Mantle of Critical Timing,Standard / Non-Godly,,36,Rare,3,310,Armor,Shoulders,Mantle,Heavy,,0,0,135,9,87,Combo Decay Resistance,Focus,Protocol Rating,Flux-Caster,Critical Timing,Standard affix: modest Critical Timing bonus appropriate for level 36.,Faction Vendor,Faction vendor item unlocked by reputation in Rhyming Labyrinths; non-Godly and trade-limited.,The Rhyming Labyrinths,Faction Vendor,900,Aether Filament / Blue Tempered Core,Tradeable until equipped,Post-20 item; high rarities remain scarce and do not replace farming loops.,Level 36 armor tuned for late band enemies; source never requires fighting above the item level.
DF-N-1792,Supercharged Front-Matter Void Dawnforge Tempered Orbital Aether Focus of EMP Resistance,Standard / Non-Godly,,36,Super,5,402,Weapon,Off Hand Focus,Aether Focus,None,Medium,92,151,0,0,48,Focus,Verdant Point Gain,Might,Orbital Striker,EMP Resistance,Super affix: minor EMP Resistance trigger after a perfect parry or vault.,Faction Vendor,Faction vendor item unlocked by reputation in Front-Matter Void; non-Godly and trade-limited.,The Front-Matter Void,Faction Vendor,80,Superdense Aether Lattice,Tradeable until equipped,Post-20 item; high rarities remain scarce and do not replace farming loops.,Level 36 weapon tuned for late band enemies; source never requires fighting above the item level.
DF-N-1797,Supercharged Lunar Readiness Base Starwell Alloy Thermal Chestplate of Afterimage Echo,Standard / Non-Godly,,36,Super,5,397,Armor,Chest,Chestplate,Heavy,,0,0,382,62,111,Protocol Rating,Might,Stagger Damage,Flux-Caster,Afterimage Echo,Super affix: minor Afterimage Echo trigger after a perfect parry or vault.,Faction Vendor,Faction vendor item unlocked by reputation in Lunar Readiness Base; non-Godly and trade-limited.,The Lunar Readiness Base,Faction Vendor,80,Superdense Aether Lattice,Tradeable until equipped,Post-20 item; high rarities remain scarce and do not replace farming loops.,Level 36 armor tuned for late band enemies; source never requires fighting above the item level.
DF-N-1807,Prismatic Infinite Archives Dawnforge Tempered Chimera Helm of Hound Latch,Standard / Non-Godly,,37,Very Rare,4,359,Armor,Head,Helm,Heavy,,0,0,167,27,101,Cooldown Recovery,Threat Control,Focus,Apex Mutator,Hound Latch,Very Rare affix: improved Hound Latch stat budget and one utility roll.,Faction Vendor,Faction vendor item unlocked by reputation in Infinite Archives; non-Godly and trade-limited.,The Infinite Archives,Faction Vendor,275,Prismatic Scale / Violet Circuit,Tradeable until equipped,Post-20 item; high rarities remain scarce and do not replace farming loops.,Level 37 armor tuned for late band enemies; source never requires fighting above the item level.
DF-N-1818,Prismatic Resonant Peaks Ancient Ironbark Tempo Mask of Hydraulic Burst,Standard / Non-Godly,,37,Very Rare,4,359,Armor,Head,Mask,Heavy,,0,0,134,22,101,Protocol Rating,Threat Control,Flux Charge Gain,Resonant,Hydraulic Burst,Very Rare affix: improved Hydraulic Burst stat budget and one utility roll.,Faction Vendor,Faction vendor item unlocked by reputation in Resonant Peaks; non-Godly and trade-limited.,The Resonant Peaks,Faction Vendor,275,Prismatic Scale / Violet Circuit,Tradeable until equipped,Post-20 item; high rarities remain scarce and do not replace farming loops.,Level 37 armor tuned for late band enemies; source never requires fighting above the item level.
DF-N-1823,Prismatic Emerald Canopy Sanctuary Dawnforge Tempered Blink Gauntlets of Mirror Deflection,Standard / Non-Godly,,37,Very Rare,4,358,Armor,Hands,Gauntlets,Heavy,,0,0,166,27,100,Verdant Point Gain,Command Point Gain,Kinetic Charge,Phantom-Shift,Mirror Deflection,Very Rare affix: improved Mirror Deflection stat budget and one utility roll.,Faction Vendor,Faction vendor item unlocked by reputation in Emerald Canopy Sanctuary; non-Godly and trade-limited.,The Emerald Canopy Sanctuary,Faction Vendor,275,Prismatic Scale / Violet Circuit,Tradeable until equipped,Post-20 item; high rarities remain scarce and do not replace farming loops.,Level 37 armor tuned for late band enemies; source never requires fighting above the item level.
DF-N-1829,Hardened Emerald Canopy Sanctuary Eclipse-Hardened Heavy-Chewer Glaive of Flow Retention,Standard / Non-Godly,,37,Rare,3,323,Weapon,Two-Hand Weapon,Glaive,None,Medium,117,181,0,0,39,Cooldown Recovery,Threat Control,Focus,Packmaster,Flow Retention,Standard affix: modest Flow Retention bonus appropriate for level 37.,Faction Vendor,Faction vendor item unlocked by reputation in Emerald Canopy Sanctuary; non-Godly and trade-limited.,The Emerald Canopy Sanctuary,Faction Vendor,900,Aether Filament / Blue Tempered Core,Tradeable until equipped,Post-20 item; high rarities remain scarce and do not replace farming loops.,Level 37 weapon tuned for late band enemies; source never requires fighting above the item level.
DF-N-1834,Hardened Front-Matter Void Ancient Ironbark Ironbark Gloves of Critical Timing,Standard / Non-Godly,,37,Rare,3,318,Armor,Hands,Gloves,Heavy,,0,0,108,7,89,Agility,Command Point Gain,Shield Break,Sylvan Warden,Critical Timing,Standard affix: modest Critical Timing bonus appropriate for level 37.,Faction Vendor,Faction vendor item unlocked by reputation in Front-Matter Void; non-Godly and trade-limited.,The Front-Matter Void,Faction Vendor,900,Aether Filament / Blue Tempered Core,Tradeable until equipped,Post-20 item; high rarities remain scarce and do not replace farming loops.,Level 37 armor tuned for late band enemies; source never requires fighting above the item level.
DF-N-1860,Prismatic Central Pillar Eclipse-Hardened Counterweight Twin Daggers of Briar Binding,Standard / Non-Godly,,38,Very Rare,4,374,Weapon,Dual Weapon,Twin Daggers,None,Very Fast,95,150,0,0,45,Kinetic Charge,Cooldown Recovery,Evolution Point Gain,Kinetic Juggernaut,Briar Binding,Very Rare affix: improved Briar Binding stat budget and one utility roll.,Faction Vendor,Faction vendor item unlocked by reputation in Central Pillar; non-Godly and trade-limited.,The Central Pillar / Star-Elevator Core,Faction Vendor,275,Prismatic Scale / Violet Circuit,Tradeable until equipped,Post-20 item; high rarities remain scarce and do not replace farming loops.,Level 38 weapon tuned for late band enemies; source never requires fighting above the item level.
DF-N-1865,Prismatic Lunar Readiness Base Ancient Ironbark Mutagen Chestplate of Hydraulic Burst,Standard / Non-Godly,,38,Very Rare,4,369,Armor,Chest,Chestplate,Heavy,,0,0,355,57,103,Scrap Charge Gain,Kinetic Charge,Agility,Apex Mutator,Hydraulic Burst,Very Rare affix: improved Hydraulic Burst stat budget and one utility roll.,Faction Vendor,Faction vendor item unlocked by reputation in Lunar Readiness Base; non-Godly and trade-limited.,The Lunar Readiness Base,Faction Vendor,275,Prismatic Scale / Violet Circuit,Tradeable until equipped,Post-20 item; high rarities remain scarce and do not replace farming loops.,Level 38 armor tuned for late band enemies; source never requires fighting above the item level.
DF-N-1887,Hardened Front-Matter Void Astral Bone Den Exo-Rig of Leviathan Pressure,Standard / Non-Godly,,38,Rare,3,327,Armor,Chest,Exo-Rig,Heavy,,0,0,264,17,92,Scrap Charge Gain,Kinetic Charge,Agility,Packmaster,Leviathan Pressure,Standard affix: modest Leviathan Pressure bonus appropriate for level 38.,Faction Vendor,Faction vendor item unlocked by reputation in Front-Matter Void; non-Godly and trade-limited.,The Front-Matter Void,Faction Vendor,900,Aether Filament / Blue Tempered Core,Tradeable until equipped,Post-20 item; high rarities remain scarce and do not replace farming loops.,Level 38 armor tuned for late band enemies; source never requires fighting above the item level.
DF-N-1892,Supercharged Front-Matter Void Eclipse-Hardened Root Greaves of Starwell Sync,Standard / Non-Godly,,38,Super,5,421,Armor,Legs,Greaves,Heavy,,0,0,261,42,118,Armor Pierce,Armor Pierce,Armor Pierce,Sylvan Warden,Starwell Sync,Super affix: minor Starwell Sync trigger after a perfect parry or vault.,Faction Vendor,Faction vendor item unlocked by reputation in Front-Matter Void; non-Godly and trade-limited.,The Front-Matter Void,Faction Vendor,80,Superdense Aether Lattice,Tradeable until equipped,Post-20 item; high rarities remain scarce and do not replace farming loops.,Level 38 armor tuned for late band enemies; source never requires fighting above the item level.
DF-N-1897,Supercharged Urban Sprawl Ancient Ironbark Latch Mask of Scrap Magnetism,Standard / Non-Godly,,38,Super,5,420,Armor,Head,Mask,Heavy,,0,0,156,25,118,Threat Control,Fortitude,Command Point Gain,Packmaster,Scrap Magnetism,Super affix: minor Scrap Magnetism trigger after a perfect parry or vault.,Faction Vendor,Faction vendor item unlocked by reputation in Urban Sprawl; non-Godly and trade-limited.,The Urban Sprawl,Faction Vendor,80,Superdense Aether Lattice,Tradeable until equipped,Post-20 item; high rarities remain scarce and do not replace farming loops.,Level 38 armor tuned for late band enemies; source never requires fighting above the item level.
DF-N-1907,Prismatic Urban Sprawl Eclipse-Hardened Hydraulic One-Hand Sword of Briar Binding,Standard / Non-Godly,,39,Very Rare,4,383,Weapon,Main Hand,One-Hand Sword,None,Medium,124,198,0,0,46,Altitude Charge Gain,Aether,Cooldown Recovery,Scrap-Tek,Briar Binding,Very Rare affix: improved Briar Binding stat budget and one utility roll.,Faction Vendor,Faction vendor item unlocked by reputation in Urban Sprawl; non-Godly and trade-limited.,The Urban Sprawl,Faction Vendor,275,Prismatic Scale / Violet Circuit,Tradeable until equipped,Post-20 item; high rarities remain scarce and do not replace farming loops.,Level 39 weapon tuned for late band enemies; source never requires fighting above the item level.
DF-N-1918,Prismatic Front-Matter Void Astral Bone Asteroid Sonic Maul of Sonic Reverb,Standard / Non-Godly,,39,Very Rare,4,383,Weapon,Two-Hand Weapon,Sonic Maul,None,Slow,147,233,0,0,46,Threat Control,Aether,Protocol Rating,Kinetic Juggernaut,Sonic Reverb,Very Rare affix: improved Sonic Reverb stat budget and one utility roll.,Faction Vendor,Faction vendor item unlocked by reputation in Front-Matter Void; non-Godly and trade-limited.,The Front-Matter Void,Faction Vendor,275,Prismatic Scale / Violet Circuit,Tradeable until equipped,Post-20 item; high rarities remain scarce and do not replace farming loops.,Level 39 weapon tuned for late band enemies; source never requires fighting above the item level.
DF-N-1923,Prismatic Lich's Court Eclipse-Hardened Apex Pauldrons of Flow Retention,Standard / Non-Godly,,39,Very Rare,4,378,Armor,Shoulders,Pauldrons,Heavy,,0,0,223,36,106,Fortitude,Flux Charge Gain,Might,Apex Mutator,Flow Retention,Very Rare affix: improved Flow Retention stat budget and one utility roll.,Faction Vendor,Faction vendor item unlocked by reputation in Lich's Court; non-Godly and trade-limited.,The Lich's Court,Faction Vendor,275,Prismatic Scale / Violet Circuit,Tradeable until equipped,Post-20 item; high rarities remain scarce and do not replace farming loops.,Level 39 armor tuned for late band enemies; source never requires fighting above the item level.
DF-N-1929,Legend-Wrought Infinite Archives Dreamglass Blink Command Whistle of Tempo Control,Standard / Non-Godly,,39,Legend,6,517,Weapon,Handler Focus,Command Whistle,None,Medium,114,190,0,0,62,Altitude Charge Gain,Aether,Cooldown Recovery,Phantom-Shift,Tempo Control,High-tier non-unique affix: +3 Tempo Control stack(s) after a 25-hit combo; cannot exceed Godly unique mechanics.,Faction Vendor,Faction vendor item unlocked by reputation in Infinite Archives; non-Godly and trade-limited.,The Infinite Archives,Faction Vendor,18,Legend Shard,Bind on pickup / limited trade window,Post-20 item; high rarities remain scarce and do not replace farming loops.,Level 39 weapon tuned for late band enemies; source never requires fighting above the item level.
DF-N-1934,Hardened Orbital Tether Station Astral Bone Sub-Bass Mantle of Leviathan Pressure,Standard / Non-Godly,,39,Rare,3,335,Armor,Shoulders,Mantle,Heavy,,0,0,145,9,94,Stagger Damage,Flux Charge Gain,Scrap Charge Gain,Resonant,Leviathan Pressure,Standard affix: modest Leviathan Pressure bonus appropriate for level 39.,Faction Vendor,Faction vendor item unlocked by reputation in Orbital Tether Station; non-Godly and trade-limited.,The Orbital Tether Station,Faction Vendor,900,Aether Filament / Blue Tempered Core,Tradeable until equipped,Post-20 item; high rarities remain scarce and do not replace farming loops.,Level 39 armor tuned for late band enemies; source never requires fighting above the item level.
DF-N-1960,Prismatic Emerald Canopy Sanctuary Dreamglass EPI Greaves of Evolution Charge,Standard / Non-Godly,,40,Very Rare,4,389,Armor,Legs,Greaves,Heavy,,0,0,241,39,109,Perfect Parry Window,Might,Focus,Protocol Weaver,Evolution Charge,Very Rare affix: improved Evolution Charge stat budget and one utility roll.,Faction Vendor,Faction vendor item unlocked by reputation in Emerald Canopy Sanctuary; non-Godly and trade-limited.,The Emerald Canopy Sanctuary,Faction Vendor,275,Prismatic Scale / Violet Circuit,Tradeable until equipped,Post-20 item; high rarities remain scarce and do not replace farming loops.,Level 40 armor tuned for late band enemies; source never requires fighting above the item level.
DF-N-1965,Prismatic Pocket-Monster Data Plains Astral Bone Scavenger Mask of Sonic Reverb,Standard / Non-Godly,,40,Very Rare,4,388,Armor,Head,Mask,Heavy,,0,0,144,23,109,Aether,Altitude Charge Gain,Shield Break,Scrap-Tek,Sonic Reverb,Very Rare affix: improved Sonic Reverb stat budget and one utility roll.,Faction Vendor,Faction vendor item unlocked by reputation in Pocket-Monster Data Plains; non-Godly and trade-limited.,The Pocket-Monster Data Plains,Faction Vendor,275,Prismatic Scale / Violet Circuit,Tradeable until equipped,Post-20 item; high rarities remain scarce and do not replace farming loops.,Level 40 armor tuned for late band enemies; source never requires fighting above the item level.
DF-N-1992,Supercharged Burning Playa Dreamglass Reverb Bracers of Combo Grace,Standard / Non-Godly,,40,Super,5,443,Armor,Wrists,Bracers,Heavy,,0,0,151,24,124,Evolution Point Gain,Perfect Parry Window,Altitude Charge Gain,Resonant,Combo Grace,Super affix: minor Combo Grace trigger after a perfect parry or vault.,Faction Vendor,Faction vendor item unlocked by reputation in Burning Playa; non-Godly and trade-limited.,The Burning Playa,Faction Vendor,80,Superdense Aether Lattice,Tradeable until equipped,Post-20 item; high rarities remain scarce and do not replace farming loops.,Level 40 armor tuned for late band enemies; source never requires fighting above the item level.
DF-N-1997,Supercharged Emerald Canopy Sanctuary Astral Bone Phantom Battleaxe of Low-Gravity Lift,Standard / Non-Godly,,40,Super,5,446,Weapon,Two-Hand Weapon,Battleaxe,None,Slow,177,288,0,0,54,Flux Charge Gain,Evolution Point Gain,Aether,Phantom-Shift,Low-Gravity Lift,Super affix: minor Low-Gravity Lift trigger after a perfect parry or vault.,Faction Vendor,Faction vendor item unlocked by reputation in Emerald Canopy Sanctuary; non-Godly and trade-limited.,The Emerald Canopy Sanctuary,Faction Vendor,80,Superdense Aether Lattice,Tradeable until equipped,Post-20 item; high rarities remain scarce and do not replace farming loops.,Level 40 weapon tuned for late band enemies; source never requires fighting above the item level.
