quest_id,item_id,item_name,rarity,required_level,class,slot,item_power,unique_effect,set_name,set_bonus_progression,trade_rule,upgrade_rule
SW-PG-001,G-SW-001,Revision Sovereign Armament of the Sky Wardens,Godly,40,Protocol Weaver,Weapon,1044,Godly active: converts a 100-hit combo into a class-specific skystrike that scales with revision mastery.,Sky Warden Godly Covenant - Protocol Weaver,"2-piece: +5% resource generation during postgame Sky Warden content. | 4-piece: first perfect parry/counter/vault in each combat room grants immunity to combo decay for 3 seconds. | 6-piece: class-specific mobility skill leaves a Dawnshield afterimage that taunts, tethers, chills, or staggers depending on class. | 8-piece: Godly skills gain a small cooldown refund after elite kills. | 10-piece: unlocks the full Sky Warden Covenant form for this class; purely postgame Godly power, no XP boost.",Account-bound on acquisition; no auction sale; cannot be vendored; cosmetic transmog unlocked account-wide.,May be cosmetically attuned only; power rolls are fixed to protect postgame balance.
SW-PG-002,G-SW-002,Axiom Helmet of the Dawnshield Covenant,Godly,40,Protocol Weaver,Helmet,1020,Godly passive: reveals elite tells earlier and preserves class resource when reacting to axiom mechanics.,Sky Warden Godly Covenant - Protocol Weaver,"2-piece: +5% resource generation during postgame Sky Warden content. | 4-piece: first perfect parry/counter/vault in each combat room grants immunity to combo decay for 3 seconds. | 6-piece: class-specific mobility skill leaves a Dawnshield afterimage that taunts, tethers, chills, or staggers depending on class. | 8-piece: Godly skills gain a small cooldown refund after elite kills. | 10-piece: unlocks the full Sky Warden Covenant form for this class; purely postgame Godly power, no XP boost.",Account-bound on acquisition; no auction sale; cannot be vendored; cosmetic transmog unlocked account-wide.,May be cosmetically attuned only; power rolls are fixed to protect postgame balance.
SW-PG-003,G-SW-003,Syntax Chest of the Dawnshield Covenant,Godly,40,Protocol Weaver,Chest,1036,Godly passive: grants a post-boss over-shield when class identity mechanics trigger under pressure.,Sky Warden Godly Covenant - Protocol Weaver,"2-piece: +5% resource generation during postgame Sky Warden content. | 4-piece: first perfect parry/counter/vault in each combat room grants immunity to combo decay for 3 seconds. | 6-piece: class-specific mobility skill leaves a Dawnshield afterimage that taunts, tethers, chills, or staggers depending on class. | 8-piece: Godly skills gain a small cooldown refund after elite kills. | 10-piece: unlocks the full Sky Warden Covenant form for this class; purely postgame Godly power, no XP boost.",Account-bound on acquisition; no auction sale; cannot be vendored; cosmetic transmog unlocked account-wide.,May be cosmetically attuned only; power rolls are fixed to protect postgame balance.
SW-PG-004,G-SW-004,Omniscience Gauntlets of the Dawnshield Covenant,Godly,40,Protocol Weaver,Gauntlets,1025,Godly passive: perfect counters add a stacking omniscience mark that increases finisher force.,Sky Warden Godly Covenant - Protocol Weaver,"2-piece: +5% resource generation during postgame Sky Warden content. | 4-piece: first perfect parry/counter/vault in each combat room grants immunity to combo decay for 3 seconds. | 6-piece: class-specific mobility skill leaves a Dawnshield afterimage that taunts, tethers, chills, or staggers depending on class. | 8-piece: Godly skills gain a small cooldown refund after elite kills. | 10-piece: unlocks the full Sky Warden Covenant form for this class; purely postgame Godly power, no XP boost.",Account-bound on acquisition; no auction sale; cannot be vendored; cosmetic transmog unlocked account-wide.,May be cosmetically attuned only; power rolls are fixed to protect postgame balance.
SW-PG-005,G-SW-005,Schema Boots of the Dawnshield Covenant,Godly,40,Protocol Weaver,Boots,1020,"Godly passive: vault, dash, or brace actions create a brief aerial wake usable for combo continuation.",Sky Warden Godly Covenant - Protocol Weaver,"2-piece: +5% resource generation during postgame Sky Warden content. | 4-piece: first perfect parry/counter/vault in each combat room grants immunity to combo decay for 3 seconds. | 6-piece: class-specific mobility skill leaves a Dawnshield afterimage that taunts, tethers, chills, or staggers depending on class. | 8-piece: Godly skills gain a small cooldown refund after elite kills. | 10-piece: unlocks the full Sky Warden Covenant form for this class; purely postgame Godly power, no XP boost.",Account-bound on acquisition; no auction sale; cannot be vendored; cosmetic transmog unlocked account-wide.,May be cosmetically attuned only; power rolls are fixed to protect postgame balance.
SW-PG-006,G-SW-006,Red Pen Ring of the Dawnshield Covenant,Godly,40,Protocol Weaver,Ring,1017,"Godly passive: once per encounter, prevents a lethal combo break and restores class resource.",Sky Warden Godly Covenant - Protocol Weaver,"2-piece: +5% resource generation during postgame Sky Warden content. | 4-piece: first perfect parry/counter/vault in each combat room grants immunity to combo decay for 3 seconds. | 6-piece: class-specific mobility skill leaves a Dawnshield afterimage that taunts, tethers, chills, or staggers depending on class. | 8-piece: Godly skills gain a small cooldown refund after elite kills. | 10-piece: unlocks the full Sky Warden Covenant form for this class; purely postgame Godly power, no XP boost.",Account-bound on acquisition; no auction sale; cannot be vendored; cosmetic transmog unlocked account-wide.,May be cosmetically attuned only; power rolls are fixed to protect postgame balance.
SW-PG-007,G-SW-007,Law Amulet of the Dawnshield Covenant,Godly,40,Protocol Weaver,Amulet,1032,Godly passive: doubles the first elite-control effect landed after entering a special event or dungeon room.,Sky Warden Godly Covenant - Protocol Weaver,"2-piece: +5% resource generation during postgame Sky Warden content. | 4-piece: first perfect parry/counter/vault in each combat room grants immunity to combo decay for 3 seconds. | 6-piece: class-specific mobility skill leaves a Dawnshield afterimage that taunts, tethers, chills, or staggers depending on class. | 8-piece: Godly skills gain a small cooldown refund after elite kills. | 10-piece: unlocks the full Sky Warden Covenant form for this class; purely postgame Godly power, no XP boost.",Account-bound on acquisition; no auction sale; cannot be vendored; cosmetic transmog unlocked account-wide.,May be cosmetically attuned only; power rolls are fixed to protect postgame balance.
SW-PG-008,G-SW-008,Paradox Cloak of the Dawnshield Covenant,Godly,40,Protocol Weaver,Cloak,1027,"Godly passive: while airborne or braced, converts incoming hazard pressure into class resource.",Sky Warden Godly Covenant - Protocol Weaver,"2-piece: +5% resource generation during postgame Sky Warden content. | 4-piece: first perfect parry/counter/vault in each combat room grants immunity to combo decay for 3 seconds. | 6-piece: class-specific mobility skill leaves a Dawnshield afterimage that taunts, tethers, chills, or staggers depending on class. | 8-piece: Godly skills gain a small cooldown refund after elite kills. | 10-piece: unlocks the full Sky Warden Covenant form for this class; purely postgame Godly power, no XP boost.",Account-bound on acquisition; no auction sale; cannot be vendored; cosmetic transmog unlocked account-wide.,May be cosmetically attuned only; power rolls are fixed to protect postgame balance.
SW-PG-009,G-SW-009,Aether Relic of the Dawnshield Covenant,Godly,40,Protocol Weaver,Relic,1047,Godly active: summons a Sky Warden support echo that performs the class signature control pattern.,Sky Warden Godly Covenant - Protocol Weaver,"2-piece: +5% resource generation during postgame Sky Warden content. | 4-piece: first perfect parry/counter/vault in each combat room grants immunity to combo decay for 3 seconds. | 6-piece: class-specific mobility skill leaves a Dawnshield afterimage that taunts, tethers, chills, or staggers depending on class. | 8-piece: Godly skills gain a small cooldown refund after elite kills. | 10-piece: unlocks the full Sky Warden Covenant form for this class; purely postgame Godly power, no XP boost.",Account-bound on acquisition; no auction sale; cannot be vendored; cosmetic transmog unlocked account-wide.,May be cosmetically attuned only; power rolls are fixed to protect postgame balance.
SW-PG-010,G-SW-010,EPI Prime Instrument of the Sky Wardens,Godly,40,Protocol Weaver,Class Tool,1063,Godly capstone: completes the 10-piece class set and unlocks the Sky Warden oath visual transformation.,Sky Warden Godly Covenant - Protocol Weaver,"2-piece: +5% resource generation during postgame Sky Warden content. | 4-piece: first perfect parry/counter/vault in each combat room grants immunity to combo decay for 3 seconds. | 6-piece: class-specific mobility skill leaves a Dawnshield afterimage that taunts, tethers, chills, or staggers depending on class. | 8-piece: Godly skills gain a small cooldown refund after elite kills. | 10-piece: unlocks the full Sky Warden Covenant form for this class; purely postgame Godly power, no XP boost.",Account-bound on acquisition; no auction sale; cannot be vendored; cosmetic transmog unlocked account-wide.,May be cosmetically attuned only; power rolls are fixed to protect postgame balance.
SW-PG-011,G-SW-011,Omega Sovereign Armament of the Sky Wardens,Godly,40,Apex Mutator,Weapon,1047,Godly active: converts a 100-hit combo into a class-specific skystrike that scales with omega mastery.,Sky Warden Godly Covenant - Apex Mutator,"2-piece: +5% resource generation during postgame Sky Warden content. | 4-piece: first perfect parry/counter/vault in each combat room grants immunity to combo decay for 3 seconds. | 6-piece: class-specific mobility skill leaves a Dawnshield afterimage that taunts, tethers, chills, or staggers depending on class. | 8-piece: Godly skills gain a small cooldown refund after elite kills. | 10-piece: unlocks the full Sky Warden Covenant form for this class; purely postgame Godly power, no XP boost.",Account-bound on acquisition; no auction sale; cannot be vendored; cosmetic transmog unlocked account-wide.,May be cosmetically attuned only; power rolls are fixed to protect postgame balance.
SW-PG-012,G-SW-012,Genome Helmet of the Dawnshield Covenant,Godly,40,Apex Mutator,Helmet,1023,Godly passive: reveals elite tells earlier and preserves class resource when reacting to genome mechanics.,Sky Warden Godly Covenant - Apex Mutator,"2-piece: +5% resource generation during postgame Sky Warden content. | 4-piece: first perfect parry/counter/vault in each combat room grants immunity to combo decay for 3 seconds. | 6-piece: class-specific mobility skill leaves a Dawnshield afterimage that taunts, tethers, chills, or staggers depending on class. | 8-piece: Godly skills gain a small cooldown refund after elite kills. | 10-piece: unlocks the full Sky Warden Covenant form for this class; purely postgame Godly power, no XP boost.",Account-bound on acquisition; no auction sale; cannot be vendored; cosmetic transmog unlocked account-wide.,May be cosmetically attuned only; power rolls are fixed to protect postgame balance.
SW-PG-013,G-SW-013,Chimera Chest of the Dawnshield Covenant,Godly,40,Apex Mutator,Chest,1039,Godly passive: grants a post-boss over-shield when class identity mechanics trigger under pressure.,Sky Warden Godly Covenant - Apex Mutator,"2-piece: +5% resource generation during postgame Sky Warden content. | 4-piece: first perfect parry/counter/vault in each combat room grants immunity to combo decay for 3 seconds. | 6-piece: class-specific mobility skill leaves a Dawnshield afterimage that taunts, tethers, chills, or staggers depending on class. | 8-piece: Godly skills gain a small cooldown refund after elite kills. | 10-piece: unlocks the full Sky Warden Covenant form for this class; purely postgame Godly power, no XP boost.",Account-bound on acquisition; no auction sale; cannot be vendored; cosmetic transmog unlocked account-wide.,May be cosmetically attuned only; power rolls are fixed to protect postgame balance.
SW-PG-014,G-SW-014,Evolution Gauntlets of the Dawnshield Covenant,Godly,40,Apex Mutator,Gauntlets,1028,Godly passive: perfect counters add a stacking evolution mark that increases finisher force.,Sky Warden Godly Covenant - Apex Mutator,"2-piece: +5% resource generation during postgame Sky Warden content. | 4-piece: first perfect parry/counter/vault in each combat room grants immunity to combo decay for 3 seconds. | 6-piece: class-specific mobility skill leaves a Dawnshield afterimage that taunts, tethers, chills, or staggers depending on class. | 8-piece: Godly skills gain a small cooldown refund after elite kills. | 10-piece: unlocks the full Sky Warden Covenant form for this class; purely postgame Godly power, no XP boost.",Account-bound on acquisition; no auction sale; cannot be vendored; cosmetic transmog unlocked account-wide.,May be cosmetically attuned only; power rolls are fixed to protect postgame balance.
SW-PG-015,G-SW-015,Carapace Boots of the Dawnshield Covenant,Godly,40,Apex Mutator,Boots,1023,"Godly passive: vault, dash, or brace actions create a brief aerial wake usable for combo continuation.",Sky Warden Godly Covenant - Apex Mutator,"2-piece: +5% resource generation during postgame Sky Warden content. | 4-piece: first perfect parry/counter/vault in each combat room grants immunity to combo decay for 3 seconds. | 6-piece: class-specific mobility skill leaves a Dawnshield afterimage that taunts, tethers, chills, or staggers depending on class. | 8-piece: Godly skills gain a small cooldown refund after elite kills. | 10-piece: unlocks the full Sky Warden Covenant form for this class; purely postgame Godly power, no XP boost.",Account-bound on acquisition; no auction sale; cannot be vendored; cosmetic transmog unlocked account-wide.,May be cosmetically attuned only; power rolls are fixed to protect postgame balance.
SW-PG-016,G-SW-016,Fang Ring of the Dawnshield Covenant,Godly,40,Apex Mutator,Ring,1020,"Godly passive: once per encounter, prevents a lethal combo break and restores class resource.",Sky Warden Godly Covenant - Apex Mutator,"2-piece: +5% resource generation during postgame Sky Warden content. | 4-piece: first perfect parry/counter/vault in each combat room grants immunity to combo decay for 3 seconds. | 6-piece: class-specific mobility skill leaves a Dawnshield afterimage that taunts, tethers, chills, or staggers depending on class. | 8-piece: Godly skills gain a small cooldown refund after elite kills. | 10-piece: unlocks the full Sky Warden Covenant form for this class; purely postgame Godly power, no XP boost.",Account-bound on acquisition; no auction sale; cannot be vendored; cosmetic transmog unlocked account-wide.,May be cosmetically attuned only; power rolls are fixed to protect postgame balance.
SW-PG-017,G-SW-017,Catalyst Amulet of the Dawnshield Covenant,Godly,40,Apex Mutator,Amulet,1035,Godly passive: doubles the first elite-control effect landed after entering a special event or dungeon room.,Sky Warden Godly Covenant - Apex Mutator,"2-piece: +5% resource generation during postgame Sky Warden content. | 4-piece: first perfect parry/counter/vault in each combat room grants immunity to combo decay for 3 seconds. | 6-piece: class-specific mobility skill leaves a Dawnshield afterimage that taunts, tethers, chills, or staggers depending on class. | 8-piece: Godly skills gain a small cooldown refund after elite kills. | 10-piece: unlocks the full Sky Warden Covenant form for this class; purely postgame Godly power, no XP boost.",Account-bound on acquisition; no auction sale; cannot be vendored; cosmetic transmog unlocked account-wide.,May be cosmetically attuned only; power rolls are fixed to protect postgame balance.
SW-PG-018,G-SW-018,Apex Cloak of the Dawnshield Covenant,Godly,40,Apex Mutator,Cloak,1030,"Godly passive: while airborne or braced, converts incoming hazard pressure into class resource.",Sky Warden Godly Covenant - Apex Mutator,"2-piece: +5% resource generation during postgame Sky Warden content. | 4-piece: first perfect parry/counter/vault in each combat room grants immunity to combo decay for 3 seconds. | 6-piece: class-specific mobility skill leaves a Dawnshield afterimage that taunts, tethers, chills, or staggers depending on class. | 8-piece: Godly skills gain a small cooldown refund after elite kills. | 10-piece: unlocks the full Sky Warden Covenant form for this class; purely postgame Godly power, no XP boost.",Account-bound on acquisition; no auction sale; cannot be vendored; cosmetic transmog unlocked account-wide.,May be cosmetically attuned only; power rolls are fixed to protect postgame balance.
SW-PG-019,G-SW-019,Data-Beast Relic of the Dawnshield Covenant,Godly,40,Apex Mutator,Relic,1050,Godly active: summons a Sky Warden support echo that performs the class signature control pattern.,Sky Warden Godly Covenant - Apex Mutator,"2-piece: +5% resource generation during postgame Sky Warden content. | 4-piece: first perfect parry/counter/vault in each combat room grants immunity to combo decay for 3 seconds. | 6-piece: class-specific mobility skill leaves a Dawnshield afterimage that taunts, tethers, chills, or staggers depending on class. | 8-piece: Godly skills gain a small cooldown refund after elite kills. | 10-piece: unlocks the full Sky Warden Covenant form for this class; purely postgame Godly power, no XP boost.",Account-bound on acquisition; no auction sale; cannot be vendored; cosmetic transmog unlocked account-wide.,May be cosmetically attuned only; power rolls are fixed to protect postgame balance.
SW-PG-020,G-SW-020,Ascendancy Prime Instrument of the Sky Wardens,Godly,40,Apex Mutator,Class Tool,1066,Godly capstone: completes the 10-piece class set and unlocks the Sky Warden oath visual transformation.,Sky Warden Godly Covenant - Apex Mutator,"2-piece: +5% resource generation during postgame Sky Warden content. | 4-piece: first perfect parry/counter/vault in each combat room grants immunity to combo decay for 3 seconds. | 6-piece: class-specific mobility skill leaves a Dawnshield afterimage that taunts, tethers, chills, or staggers depending on class. | 8-piece: Godly skills gain a small cooldown refund after elite kills. | 10-piece: unlocks the full Sky Warden Covenant form for this class; purely postgame Godly power, no XP boost.",Account-bound on acquisition; no auction sale; cannot be vendored; cosmetic transmog unlocked account-wide.,May be cosmetically attuned only; power rolls are fixed to protect postgame balance.
SW-PG-021,G-SW-021,Bass Sovereign Armament of the Sky Wardens,Godly,40,Resonant,Weapon,1050,Godly active: converts a 100-hit combo into a class-specific skystrike that scales with bass mastery.,Sky Warden Godly Covenant - Resonant,"2-piece: +5% resource generation during postgame Sky Warden content. | 4-piece: first perfect parry/counter/vault in each combat room grants immunity to combo decay for 3 seconds. | 6-piece: class-specific mobility skill leaves a Dawnshield afterimage that taunts, tethers, chills, or staggers depending on class. | 8-piece: Godly skills gain a small cooldown refund after elite kills. | 10-piece: unlocks the full Sky Warden Covenant form for this class; purely postgame Godly power, no XP boost.",Account-bound on acquisition; no auction sale; cannot be vendored; cosmetic transmog unlocked account-wide.,May be cosmetically attuned only; power rolls are fixed to protect postgame balance.
SW-PG-022,G-SW-022,Tempo Helmet of the Dawnshield Covenant,Godly,40,Resonant,Helmet,1026,Godly passive: reveals elite tells earlier and preserves class resource when reacting to tempo mechanics.,Sky Warden Godly Covenant - Resonant,"2-piece: +5% resource generation during postgame Sky Warden content. | 4-piece: first perfect parry/counter/vault in each combat room grants immunity to combo decay for 3 seconds. | 6-piece: class-specific mobility skill leaves a Dawnshield afterimage that taunts, tethers, chills, or staggers depending on class. | 8-piece: Godly skills gain a small cooldown refund after elite kills. | 10-piece: unlocks the full Sky Warden Covenant form for this class; purely postgame Godly power, no XP boost.",Account-bound on acquisition; no auction sale; cannot be vendored; cosmetic transmog unlocked account-wide.,May be cosmetically attuned only; power rolls are fixed to protect postgame balance.
SW-PG-023,G-SW-023,Echo Chest of the Dawnshield Covenant,Godly,40,Resonant,Chest,1042,Godly passive: grants a post-boss over-shield when class identity mechanics trigger under pressure.,Sky Warden Godly Covenant - Resonant,"2-piece: +5% resource generation during postgame Sky Warden content. | 4-piece: first perfect parry/counter/vault in each combat room grants immunity to combo decay for 3 seconds. | 6-piece: class-specific mobility skill leaves a Dawnshield afterimage that taunts, tethers, chills, or staggers depending on class. | 8-piece: Godly skills gain a small cooldown refund after elite kills. | 10-piece: unlocks the full Sky Warden Covenant form for this class; purely postgame Godly power, no XP boost.",Account-bound on acquisition; no auction sale; cannot be vendored; cosmetic transmog unlocked account-wide.,May be cosmetically attuned only; power rolls are fixed to protect postgame balance.
SW-PG-024,G-SW-024,Frequency Gauntlets of the Dawnshield Covenant,Godly,40,Resonant,Gauntlets,1031,Godly passive: perfect counters add a stacking frequency mark that increases finisher force.,Sky Warden Godly Covenant - Resonant,"2-piece: +5% resource generation during postgame Sky Warden content. | 4-piece: first perfect parry/counter/vault in each combat room grants immunity to combo decay for 3 seconds. | 6-piece: class-specific mobility skill leaves a Dawnshield afterimage that taunts, tethers, chills, or staggers depending on class. | 8-piece: Godly skills gain a small cooldown refund after elite kills. | 10-piece: unlocks the full Sky Warden Covenant form for this class; purely postgame Godly power, no XP boost.",Account-bound on acquisition; no auction sale; cannot be vendored; cosmetic transmog unlocked account-wide.,May be cosmetically attuned only; power rolls are fixed to protect postgame balance.
SW-PG-025,G-SW-025,Metronome Boots of the Dawnshield Covenant,Godly,40,Resonant,Boots,1026,"Godly passive: vault, dash, or brace actions create a brief aerial wake usable for combo continuation.",Sky Warden Godly Covenant - Resonant,"2-piece: +5% resource generation during postgame Sky Warden content. | 4-piece: first perfect parry/counter/vault in each combat room grants immunity to combo decay for 3 seconds. | 6-piece: class-specific mobility skill leaves a Dawnshield afterimage that taunts, tethers, chills, or staggers depending on class. | 8-piece: Godly skills gain a small cooldown refund after elite kills. | 10-piece: unlocks the full Sky Warden Covenant form for this class; purely postgame Godly power, no XP boost.",Account-bound on acquisition; no auction sale; cannot be vendored; cosmetic transmog unlocked account-wide.,May be cosmetically attuned only; power rolls are fixed to protect postgame balance.
SW-PG-026,G-SW-026,Sub-Harmonic Ring of the Dawnshield Covenant,Godly,40,Resonant,Ring,1023,"Godly passive: once per encounter, prevents a lethal combo break and restores class resource.",Sky Warden Godly Covenant - Resonant,"2-piece: +5% resource generation during postgame Sky Warden content. | 4-piece: first perfect parry/counter/vault in each combat room grants immunity to combo decay for 3 seconds. | 6-piece: class-specific mobility skill leaves a Dawnshield afterimage that taunts, tethers, chills, or staggers depending on class. | 8-piece: Godly skills gain a small cooldown refund after elite kills. | 10-piece: unlocks the full Sky Warden Covenant form for this class; purely postgame Godly power, no XP boost.",Account-bound on acquisition; no auction sale; cannot be vendored; cosmetic transmog unlocked account-wide.,May be cosmetically attuned only; power rolls are fixed to protect postgame balance.
SW-PG-027,G-SW-027,Chord Amulet of the Dawnshield Covenant,Godly,40,Resonant,Amulet,1038,Godly passive: doubles the first elite-control effect landed after entering a special event or dungeon room.,Sky Warden Godly Covenant - Resonant,"2-piece: +5% resource generation during postgame Sky Warden content. | 4-piece: first perfect parry/counter/vault in each combat room grants immunity to combo decay for 3 seconds. | 6-piece: class-specific mobility skill leaves a Dawnshield afterimage that taunts, tethers, chills, or staggers depending on class. | 8-piece: Godly skills gain a small cooldown refund after elite kills. | 10-piece: unlocks the full Sky Warden Covenant form for this class; purely postgame Godly power, no XP boost.",Account-bound on acquisition; no auction sale; cannot be vendored; cosmetic transmog unlocked account-wide.,May be cosmetically attuned only; power rolls are fixed to protect postgame balance.
SW-PG-028,G-SW-028,Soundscape Cloak of the Dawnshield Covenant,Godly,40,Resonant,Cloak,1033,"Godly passive: while airborne or braced, converts incoming hazard pressure into class resource.",Sky Warden Godly Covenant - Resonant,"2-piece: +5% resource generation during postgame Sky Warden content. | 4-piece: first perfect parry/counter/vault in each combat room grants immunity to combo decay for 3 seconds. | 6-piece: class-specific mobility skill leaves a Dawnshield afterimage that taunts, tethers, chills, or staggers depending on class. | 8-piece: Godly skills gain a small cooldown refund after elite kills. | 10-piece: unlocks the full Sky Warden Covenant form for this class; purely postgame Godly power, no XP boost.",Account-bound on acquisition; no auction sale; cannot be vendored; cosmetic transmog unlocked account-wide.,May be cosmetically attuned only; power rolls are fixed to protect postgame balance.
SW-PG-029,G-SW-029,Festival Relic of the Dawnshield Covenant,Godly,40,Resonant,Relic,1053,Godly active: summons a Sky Warden support echo that performs the class signature control pattern.,Sky Warden Godly Covenant - Resonant,"2-piece: +5% resource generation during postgame Sky Warden content. | 4-piece: first perfect parry/counter/vault in each combat room grants immunity to combo decay for 3 seconds. | 6-piece: class-specific mobility skill leaves a Dawnshield afterimage that taunts, tethers, chills, or staggers depending on class. | 8-piece: Godly skills gain a small cooldown refund after elite kills. | 10-piece: unlocks the full Sky Warden Covenant form for this class; purely postgame Godly power, no XP boost.",Account-bound on acquisition; no auction sale; cannot be vendored; cosmetic transmog unlocked account-wide.,May be cosmetically attuned only; power rolls are fixed to protect postgame balance.
SW-PG-030,G-SW-030,Resonance Prime Instrument of the Sky Wardens,Godly,40,Resonant,Class Tool,1069,Godly capstone: completes the 10-piece class set and unlocks the Sky Warden oath visual transformation.,Sky Warden Godly Covenant - Resonant,"2-piece: +5% resource generation during postgame Sky Warden content. | 4-piece: first perfect parry/counter/vault in each combat room grants immunity to combo decay for 3 seconds. | 6-piece: class-specific mobility skill leaves a Dawnshield afterimage that taunts, tethers, chills, or staggers depending on class. | 8-piece: Godly skills gain a small cooldown refund after elite kills. | 10-piece: unlocks the full Sky Warden Covenant form for this class; purely postgame Godly power, no XP boost.",Account-bound on acquisition; no auction sale; cannot be vendored; cosmetic transmog unlocked account-wide.,May be cosmetically attuned only; power rolls are fixed to protect postgame balance.
SW-PG-031,G-SW-031,Hound Sovereign Armament of the Sky Wardens,Godly,40,Packmaster,Weapon,1053,Godly active: converts a 100-hit combo into a class-specific skystrike that scales with hound mastery.,Sky Warden Godly Covenant - Packmaster,"2-piece: +5% resource generation during postgame Sky Warden content. | 4-piece: first perfect parry/counter/vault in each combat room grants immunity to combo decay for 3 seconds. | 6-piece: class-specific mobility skill leaves a Dawnshield afterimage that taunts, tethers, chills, or staggers depending on class. | 8-piece: Godly skills gain a small cooldown refund after elite kills. | 10-piece: unlocks the full Sky Warden Covenant form for this class; purely postgame Godly power, no XP boost.",Account-bound on acquisition; no auction sale; cannot be vendored; cosmetic transmog unlocked account-wide.,May be cosmetically attuned only; power rolls are fixed to protect postgame balance.
SW-PG-032,G-SW-032,Alpha Helmet of the Dawnshield Covenant,Godly,40,Packmaster,Helmet,1029,Godly passive: reveals elite tells earlier and preserves class resource when reacting to alpha mechanics.,Sky Warden Godly Covenant - Packmaster,"2-piece: +5% resource generation during postgame Sky Warden content. | 4-piece: first perfect parry/counter/vault in each combat room grants immunity to combo decay for 3 seconds. | 6-piece: class-specific mobility skill leaves a Dawnshield afterimage that taunts, tethers, chills, or staggers depending on class. | 8-piece: Godly skills gain a small cooldown refund after elite kills. | 10-piece: unlocks the full Sky Warden Covenant form for this class; purely postgame Godly power, no XP boost.",Account-bound on acquisition; no auction sale; cannot be vendored; cosmetic transmog unlocked account-wide.,May be cosmetically attuned only; power rolls are fixed to protect postgame balance.
SW-PG-033,G-SW-033,Pack Chest of the Dawnshield Covenant,Godly,40,Packmaster,Chest,1045,Godly passive: grants a post-boss over-shield when class identity mechanics trigger under pressure.,Sky Warden Godly Covenant - Packmaster,"2-piece: +5% resource generation during postgame Sky Warden content. | 4-piece: first perfect parry/counter/vault in each combat room grants immunity to combo decay for 3 seconds. | 6-piece: class-specific mobility skill leaves a Dawnshield afterimage that taunts, tethers, chills, or staggers depending on class. | 8-piece: Godly skills gain a small cooldown refund after elite kills. | 10-piece: unlocks the full Sky Warden Covenant form for this class; purely postgame Godly power, no XP boost.",Account-bound on acquisition; no auction sale; cannot be vendored; cosmetic transmog unlocked account-wide.,May be cosmetically attuned only; power rolls are fixed to protect postgame balance.
SW-PG-034,G-SW-034,Latch Gauntlets of the Dawnshield Covenant,Godly,40,Packmaster,Gauntlets,1034,Godly passive: perfect counters add a stacking latch mark that increases finisher force.,Sky Warden Godly Covenant - Packmaster,"2-piece: +5% resource generation during postgame Sky Warden content. | 4-piece: first perfect parry/counter/vault in each combat room grants immunity to combo decay for 3 seconds. | 6-piece: class-specific mobility skill leaves a Dawnshield afterimage that taunts, tethers, chills, or staggers depending on class. | 8-piece: Godly skills gain a small cooldown refund after elite kills. | 10-piece: unlocks the full Sky Warden Covenant form for this class; purely postgame Godly power, no XP boost.",Account-bound on acquisition; no auction sale; cannot be vendored; cosmetic transmog unlocked account-wide.,May be cosmetically attuned only; power rolls are fixed to protect postgame balance.
SW-PG-035,G-SW-035,Den Boots of the Dawnshield Covenant,Godly,40,Packmaster,Boots,1029,"Godly passive: vault, dash, or brace actions create a brief aerial wake usable for combo continuation.",Sky Warden Godly Covenant - Packmaster,"2-piece: +5% resource generation during postgame Sky Warden content. | 4-piece: first perfect parry/counter/vault in each combat room grants immunity to combo decay for 3 seconds. | 6-piece: class-specific mobility skill leaves a Dawnshield afterimage that taunts, tethers, chills, or staggers depending on class. | 8-piece: Godly skills gain a small cooldown refund after elite kills. | 10-piece: unlocks the full Sky Warden Covenant form for this class; purely postgame Godly power, no XP boost.",Account-bound on acquisition; no auction sale; cannot be vendored; cosmetic transmog unlocked account-wide.,May be cosmetically attuned only; power rolls are fixed to protect postgame balance.
SW-PG-036,G-SW-036,Fang Ring of the Dawnshield Covenant,Godly,40,Packmaster,Ring,1026,"Godly passive: once per encounter, prevents a lethal combo break and restores class resource.",Sky Warden Godly Covenant - Packmaster,"2-piece: +5% resource generation during postgame Sky Warden content. | 4-piece: first perfect parry/counter/vault in each combat room grants immunity to combo decay for 3 seconds. | 6-piece: class-specific mobility skill leaves a Dawnshield afterimage that taunts, tethers, chills, or staggers depending on class. | 8-piece: Godly skills gain a small cooldown refund after elite kills. | 10-piece: unlocks the full Sky Warden Covenant form for this class; purely postgame Godly power, no XP boost.",Account-bound on acquisition; no auction sale; cannot be vendored; cosmetic transmog unlocked account-wide.,May be cosmetically attuned only; power rolls are fixed to protect postgame balance.
SW-PG-037,G-SW-037,Companion Amulet of the Dawnshield Covenant,Godly,40,Packmaster,Amulet,1041,Godly passive: doubles the first elite-control effect landed after entering a special event or dungeon room.,Sky Warden Godly Covenant - Packmaster,"2-piece: +5% resource generation during postgame Sky Warden content. | 4-piece: first perfect parry/counter/vault in each combat room grants immunity to combo decay for 3 seconds. | 6-piece: class-specific mobility skill leaves a Dawnshield afterimage that taunts, tethers, chills, or staggers depending on class. | 8-piece: Godly skills gain a small cooldown refund after elite kills. | 10-piece: unlocks the full Sky Warden Covenant form for this class; purely postgame Godly power, no XP boost.",Account-bound on acquisition; no auction sale; cannot be vendored; cosmetic transmog unlocked account-wide.,May be cosmetically attuned only; power rolls are fixed to protect postgame balance.
SW-PG-038,G-SW-038,Kennel Cloak of the Dawnshield Covenant,Godly,40,Packmaster,Cloak,1036,"Godly passive: while airborne or braced, converts incoming hazard pressure into class resource.",Sky Warden Godly Covenant - Packmaster,"2-piece: +5% resource generation during postgame Sky Warden content. | 4-piece: first perfect parry/counter/vault in each combat room grants immunity to combo decay for 3 seconds. | 6-piece: class-specific mobility skill leaves a Dawnshield afterimage that taunts, tethers, chills, or staggers depending on class. | 8-piece: Godly skills gain a small cooldown refund after elite kills. | 10-piece: unlocks the full Sky Warden Covenant form for this class; purely postgame Godly power, no XP boost.",Account-bound on acquisition; no auction sale; cannot be vendored; cosmetic transmog unlocked account-wide.,May be cosmetically attuned only; power rolls are fixed to protect postgame balance.
SW-PG-039,G-SW-039,Stampede Relic of the Dawnshield Covenant,Godly,40,Packmaster,Relic,1056,Godly active: summons a Sky Warden support echo that performs the class signature control pattern.,Sky Warden Godly Covenant - Packmaster,"2-piece: +5% resource generation during postgame Sky Warden content. | 4-piece: first perfect parry/counter/vault in each combat room grants immunity to combo decay for 3 seconds. | 6-piece: class-specific mobility skill leaves a Dawnshield afterimage that taunts, tethers, chills, or staggers depending on class. | 8-piece: Godly skills gain a small cooldown refund after elite kills. | 10-piece: unlocks the full Sky Warden Covenant form for this class; purely postgame Godly power, no XP boost.",Account-bound on acquisition; no auction sale; cannot be vendored; cosmetic transmog unlocked account-wide.,May be cosmetically attuned only; power rolls are fixed to protect postgame balance.
SW-PG-040,G-SW-040,Command Prime Instrument of the Sky Wardens,Godly,40,Packmaster,Class Tool,1072,Godly capstone: completes the 10-piece class set and unlocks the Sky Warden oath visual transformation.,Sky Warden Godly Covenant - Packmaster,"2-piece: +5% resource generation during postgame Sky Warden content. | 4-piece: first perfect parry/counter/vault in each combat room grants immunity to combo decay for 3 seconds. | 6-piece: class-specific mobility skill leaves a Dawnshield afterimage that taunts, tethers, chills, or staggers depending on class. | 8-piece: Godly skills gain a small cooldown refund after elite kills. | 10-piece: unlocks the full Sky Warden Covenant form for this class; purely postgame Godly power, no XP boost.",Account-bound on acquisition; no auction sale; cannot be vendored; cosmetic transmog unlocked account-wide.,May be cosmetically attuned only; power rolls are fixed to protect postgame balance.
SW-PG-041,G-SW-041,Zero-G Sovereign Armament of the Sky Wardens,Godly,40,Orbital Striker,Weapon,1056,Godly active: converts a 100-hit combo into a class-specific skystrike that scales with zero-g mastery.,Sky Warden Godly Covenant - Orbital Striker,"2-piece: +5% resource generation during postgame Sky Warden content. | 4-piece: first perfect parry/counter/vault in each combat room grants immunity to combo decay for 3 seconds. | 6-piece: class-specific mobility skill leaves a Dawnshield afterimage that taunts, tethers, chills, or staggers depending on class. | 8-piece: Godly skills gain a small cooldown refund after elite kills. | 10-piece: unlocks the full Sky Warden Covenant form for this class; purely postgame Godly power, no XP boost.",Account-bound on acquisition; no auction sale; cannot be vendored; cosmetic transmog unlocked account-wide.,May be cosmetically attuned only; power rolls are fixed to protect postgame balance.
SW-PG-042,G-SW-042,Orbit Helmet of the Dawnshield Covenant,Godly,40,Orbital Striker,Helmet,1032,Godly passive: reveals elite tells earlier and preserves class resource when reacting to orbit mechanics.,Sky Warden Godly Covenant - Orbital Striker,"2-piece: +5% resource generation during postgame Sky Warden content. | 4-piece: first perfect parry/counter/vault in each combat room grants immunity to combo decay for 3 seconds. | 6-piece: class-specific mobility skill leaves a Dawnshield afterimage that taunts, tethers, chills, or staggers depending on class. | 8-piece: Godly skills gain a small cooldown refund after elite kills. | 10-piece: unlocks the full Sky Warden Covenant form for this class; purely postgame Godly power, no XP boost.",Account-bound on acquisition; no auction sale; cannot be vendored; cosmetic transmog unlocked account-wide.,May be cosmetically attuned only; power rolls are fixed to protect postgame balance.
SW-PG-043,G-SW-043,Thruster Chest of the Dawnshield Covenant,Godly,40,Orbital Striker,Chest,1048,Godly passive: grants a post-boss over-shield when class identity mechanics trigger under pressure.,Sky Warden Godly Covenant - Orbital Striker,"2-piece: +5% resource generation during postgame Sky Warden content. | 4-piece: first perfect parry/counter/vault in each combat room grants immunity to combo decay for 3 seconds. | 6-piece: class-specific mobility skill leaves a Dawnshield afterimage that taunts, tethers, chills, or staggers depending on class. | 8-piece: Godly skills gain a small cooldown refund after elite kills. | 10-piece: unlocks the full Sky Warden Covenant form for this class; purely postgame Godly power, no XP boost.",Account-bound on acquisition; no auction sale; cannot be vendored; cosmetic transmog unlocked account-wide.,May be cosmetically attuned only; power rolls are fixed to protect postgame balance.
SW-PG-044,G-SW-044,Singularity Gauntlets of the Dawnshield Covenant,Godly,40,Orbital Striker,Gauntlets,1037,Godly passive: perfect counters add a stacking singularity mark that increases finisher force.,Sky Warden Godly Covenant - Orbital Striker,"2-piece: +5% resource generation during postgame Sky Warden content. | 4-piece: first perfect parry/counter/vault in each combat room grants immunity to combo decay for 3 seconds. | 6-piece: class-specific mobility skill leaves a Dawnshield afterimage that taunts, tethers, chills, or staggers depending on class. | 8-piece: Godly skills gain a small cooldown refund after elite kills. | 10-piece: unlocks the full Sky Warden Covenant form for this class; purely postgame Godly power, no XP boost.",Account-bound on acquisition; no auction sale; cannot be vendored; cosmetic transmog unlocked account-wide.,May be cosmetically attuned only; power rolls are fixed to protect postgame balance.
SW-PG-045,G-SW-045,Meteor Boots of the Dawnshield Covenant,Godly,40,Orbital Striker,Boots,1032,"Godly passive: vault, dash, or brace actions create a brief aerial wake usable for combo continuation.",Sky Warden Godly Covenant - Orbital Striker,"2-piece: +5% resource generation during postgame Sky Warden content. | 4-piece: first perfect parry/counter/vault in each combat room grants immunity to combo decay for 3 seconds. | 6-piece: class-specific mobility skill leaves a Dawnshield afterimage that taunts, tethers, chills, or staggers depending on class. | 8-piece: Godly skills gain a small cooldown refund after elite kills. | 10-piece: unlocks the full Sky Warden Covenant form for this class; purely postgame Godly power, no XP boost.",Account-bound on acquisition; no auction sale; cannot be vendored; cosmetic transmog unlocked account-wide.,May be cosmetically attuned only; power rolls are fixed to protect postgame balance.
SW-PG-046,G-SW-046,Exosphere Ring of the Dawnshield Covenant,Godly,40,Orbital Striker,Ring,1029,"Godly passive: once per encounter, prevents a lethal combo break and restores class resource.",Sky Warden Godly Covenant - Orbital Striker,"2-piece: +5% resource generation during postgame Sky Warden content. | 4-piece: first perfect parry/counter/vault in each combat room grants immunity to combo decay for 3 seconds. | 6-piece: class-specific mobility skill leaves a Dawnshield afterimage that taunts, tethers, chills, or staggers depending on class. | 8-piece: Godly skills gain a small cooldown refund after elite kills. | 10-piece: unlocks the full Sky Warden Covenant form for this class; purely postgame Godly power, no XP boost.",Account-bound on acquisition; no auction sale; cannot be vendored; cosmetic transmog unlocked account-wide.,May be cosmetically attuned only; power rolls are fixed to protect postgame balance.
SW-PG-047,G-SW-047,Altitude Amulet of the Dawnshield Covenant,Godly,40,Orbital Striker,Amulet,1044,Godly passive: doubles the first elite-control effect landed after entering a special event or dungeon room.,Sky Warden Godly Covenant - Orbital Striker,"2-piece: +5% resource generation during postgame Sky Warden content. | 4-piece: first perfect parry/counter/vault in each combat room grants immunity to combo decay for 3 seconds. | 6-piece: class-specific mobility skill leaves a Dawnshield afterimage that taunts, tethers, chills, or staggers depending on class. | 8-piece: Godly skills gain a small cooldown refund after elite kills. | 10-piece: unlocks the full Sky Warden Covenant form for this class; purely postgame Godly power, no XP boost.",Account-bound on acquisition; no auction sale; cannot be vendored; cosmetic transmog unlocked account-wide.,May be cosmetically attuned only; power rolls are fixed to protect postgame balance.
SW-PG-048,G-SW-048,Starfall Cloak of the Dawnshield Covenant,Godly,40,Orbital Striker,Cloak,1039,"Godly passive: while airborne or braced, converts incoming hazard pressure into class resource.",Sky Warden Godly Covenant - Orbital Striker,"2-piece: +5% resource generation during postgame Sky Warden content. | 4-piece: first perfect parry/counter/vault in each combat room grants immunity to combo decay for 3 seconds. | 6-piece: class-specific mobility skill leaves a Dawnshield afterimage that taunts, tethers, chills, or staggers depending on class. | 8-piece: Godly skills gain a small cooldown refund after elite kills. | 10-piece: unlocks the full Sky Warden Covenant form for this class; purely postgame Godly power, no XP boost.",Account-bound on acquisition; no auction sale; cannot be vendored; cosmetic transmog unlocked account-wide.,May be cosmetically attuned only; power rolls are fixed to protect postgame balance.
SW-PG-049,G-SW-049,Rod Relic of the Dawnshield Covenant,Godly,40,Orbital Striker,Relic,1059,Godly active: summons a Sky Warden support echo that performs the class signature control pattern.,Sky Warden Godly Covenant - Orbital Striker,"2-piece: +5% resource generation during postgame Sky Warden content. | 4-piece: first perfect parry/counter/vault in each combat room grants immunity to combo decay for 3 seconds. | 6-piece: class-specific mobility skill leaves a Dawnshield afterimage that taunts, tethers, chills, or staggers depending on class. | 8-piece: Godly skills gain a small cooldown refund after elite kills. | 10-piece: unlocks the full Sky Warden Covenant form for this class; purely postgame Godly power, no XP boost.",Account-bound on acquisition; no auction sale; cannot be vendored; cosmetic transmog unlocked account-wide.,May be cosmetically attuned only; power rolls are fixed to protect postgame balance.
SW-PG-050,G-SW-050,Horizon Prime Instrument of the Sky Wardens,Godly,40,Orbital Striker,Class Tool,1075,Godly capstone: completes the 10-piece class set and unlocks the Sky Warden oath visual transformation.,Sky Warden Godly Covenant - Orbital Striker,"2-piece: +5% resource generation during postgame Sky Warden content. | 4-piece: first perfect parry/counter/vault in each combat room grants immunity to combo decay for 3 seconds. | 6-piece: class-specific mobility skill leaves a Dawnshield afterimage that taunts, tethers, chills, or staggers depending on class. | 8-piece: Godly skills gain a small cooldown refund after elite kills. | 10-piece: unlocks the full Sky Warden Covenant form for this class; purely postgame Godly power, no XP boost.",Account-bound on acquisition; no auction sale; cannot be vendored; cosmetic transmog unlocked account-wide.,May be cosmetically attuned only; power rolls are fixed to protect postgame balance.
SW-PG-051,G-SW-051,Magnet Sovereign Armament of the Sky Wardens,Godly,40,Scrap-Tek,Weapon,1059,Godly active: converts a 100-hit combo into a class-specific skystrike that scales with magnet mastery.,Sky Warden Godly Covenant - Scrap-Tek,"2-piece: +5% resource generation during postgame Sky Warden content. | 4-piece: first perfect parry/counter/vault in each combat room grants immunity to combo decay for 3 seconds. | 6-piece: class-specific mobility skill leaves a Dawnshield afterimage that taunts, tethers, chills, or staggers depending on class. | 8-piece: Godly skills gain a small cooldown refund after elite kills. | 10-piece: unlocks the full Sky Warden Covenant form for this class; purely postgame Godly power, no XP boost.",Account-bound on acquisition; no auction sale; cannot be vendored; cosmetic transmog unlocked account-wide.,May be cosmetically attuned only; power rolls are fixed to protect postgame balance.
SW-PG-052,G-SW-052,Junkyard Helmet of the Dawnshield Covenant,Godly,40,Scrap-Tek,Helmet,1035,Godly passive: reveals elite tells earlier and preserves class resource when reacting to junkyard mechanics.,Sky Warden Godly Covenant - Scrap-Tek,"2-piece: +5% resource generation during postgame Sky Warden content. | 4-piece: first perfect parry/counter/vault in each combat room grants immunity to combo decay for 3 seconds. | 6-piece: class-specific mobility skill leaves a Dawnshield afterimage that taunts, tethers, chills, or staggers depending on class. | 8-piece: Godly skills gain a small cooldown refund after elite kills. | 10-piece: unlocks the full Sky Warden Covenant form for this class; purely postgame Godly power, no XP boost.",Account-bound on acquisition; no auction sale; cannot be vendored; cosmetic transmog unlocked account-wide.,May be cosmetically attuned only; power rolls are fixed to protect postgame balance.
SW-PG-053,G-SW-053,Tether Chest of the Dawnshield Covenant,Godly,40,Scrap-Tek,Chest,1051,Godly passive: grants a post-boss over-shield when class identity mechanics trigger under pressure.,Sky Warden Godly Covenant - Scrap-Tek,"2-piece: +5% resource generation during postgame Sky Warden content. | 4-piece: first perfect parry/counter/vault in each combat room grants immunity to combo decay for 3 seconds. | 6-piece: class-specific mobility skill leaves a Dawnshield afterimage that taunts, tethers, chills, or staggers depending on class. | 8-piece: Godly skills gain a small cooldown refund after elite kills. | 10-piece: unlocks the full Sky Warden Covenant form for this class; purely postgame Godly power, no XP boost.",Account-bound on acquisition; no auction sale; cannot be vendored; cosmetic transmog unlocked account-wide.,May be cosmetically attuned only; power rolls are fixed to protect postgame balance.
SW-PG-054,G-SW-054,Overclock Gauntlets of the Dawnshield Covenant,Godly,40,Scrap-Tek,Gauntlets,1040,Godly passive: perfect counters add a stacking overclock mark that increases finisher force.,Sky Warden Godly Covenant - Scrap-Tek,"2-piece: +5% resource generation during postgame Sky Warden content. | 4-piece: first perfect parry/counter/vault in each combat room grants immunity to combo decay for 3 seconds. | 6-piece: class-specific mobility skill leaves a Dawnshield afterimage that taunts, tethers, chills, or staggers depending on class. | 8-piece: Godly skills gain a small cooldown refund after elite kills. | 10-piece: unlocks the full Sky Warden Covenant form for this class; purely postgame Godly power, no XP boost.",Account-bound on acquisition; no auction sale; cannot be vendored; cosmetic transmog unlocked account-wide.,May be cosmetically attuned only; power rolls are fixed to protect postgame balance.
SW-PG-055,G-SW-055,EMP Boots of the Dawnshield Covenant,Godly,40,Scrap-Tek,Boots,1035,"Godly passive: vault, dash, or brace actions create a brief aerial wake usable for combo continuation.",Sky Warden Godly Covenant - Scrap-Tek,"2-piece: +5% resource generation during postgame Sky Warden content. | 4-piece: first perfect parry/counter/vault in each combat room grants immunity to combo decay for 3 seconds. | 6-piece: class-specific mobility skill leaves a Dawnshield afterimage that taunts, tethers, chills, or staggers depending on class. | 8-piece: Godly skills gain a small cooldown refund after elite kills. | 10-piece: unlocks the full Sky Warden Covenant form for this class; purely postgame Godly power, no XP boost.",Account-bound on acquisition; no auction sale; cannot be vendored; cosmetic transmog unlocked account-wide.,May be cosmetically attuned only; power rolls are fixed to protect postgame balance.
SW-PG-056,G-SW-056,Piston Ring of the Dawnshield Covenant,Godly,40,Scrap-Tek,Ring,1032,"Godly passive: once per encounter, prevents a lethal combo break and restores class resource.",Sky Warden Godly Covenant - Scrap-Tek,"2-piece: +5% resource generation during postgame Sky Warden content. | 4-piece: first perfect parry/counter/vault in each combat room grants immunity to combo decay for 3 seconds. | 6-piece: class-specific mobility skill leaves a Dawnshield afterimage that taunts, tethers, chills, or staggers depending on class. | 8-piece: Godly skills gain a small cooldown refund after elite kills. | 10-piece: unlocks the full Sky Warden Covenant form for this class; purely postgame Godly power, no XP boost.",Account-bound on acquisition; no auction sale; cannot be vendored; cosmetic transmog unlocked account-wide.,May be cosmetically attuned only; power rolls are fixed to protect postgame balance.
SW-PG-057,G-SW-057,Salvage Amulet of the Dawnshield Covenant,Godly,40,Scrap-Tek,Amulet,1047,Godly passive: doubles the first elite-control effect landed after entering a special event or dungeon room.,Sky Warden Godly Covenant - Scrap-Tek,"2-piece: +5% resource generation during postgame Sky Warden content. | 4-piece: first perfect parry/counter/vault in each combat room grants immunity to combo decay for 3 seconds. | 6-piece: class-specific mobility skill leaves a Dawnshield afterimage that taunts, tethers, chills, or staggers depending on class. | 8-piece: Godly skills gain a small cooldown refund after elite kills. | 10-piece: unlocks the full Sky Warden Covenant form for this class; purely postgame Godly power, no XP boost.",Account-bound on acquisition; no auction sale; cannot be vendored; cosmetic transmog unlocked account-wide.,May be cosmetically attuned only; power rolls are fixed to protect postgame balance.
SW-PG-058,G-SW-058,Turret Cloak of the Dawnshield Covenant,Godly,40,Scrap-Tek,Cloak,1042,"Godly passive: while airborne or braced, converts incoming hazard pressure into class resource.",Sky Warden Godly Covenant - Scrap-Tek,"2-piece: +5% resource generation during postgame Sky Warden content. | 4-piece: first perfect parry/counter/vault in each combat room grants immunity to combo decay for 3 seconds. | 6-piece: class-specific mobility skill leaves a Dawnshield afterimage that taunts, tethers, chills, or staggers depending on class. | 8-piece: Godly skills gain a small cooldown refund after elite kills. | 10-piece: unlocks the full Sky Warden Covenant form for this class; purely postgame Godly power, no XP boost.",Account-bound on acquisition; no auction sale; cannot be vendored; cosmetic transmog unlocked account-wide.,May be cosmetically attuned only; power rolls are fixed to protect postgame balance.
SW-PG-059,G-SW-059,Shrapnel Relic of the Dawnshield Covenant,Godly,40,Scrap-Tek,Relic,1062,Godly active: summons a Sky Warden support echo that performs the class signature control pattern.,Sky Warden Godly Covenant - Scrap-Tek,"2-piece: +5% resource generation during postgame Sky Warden content. | 4-piece: first perfect parry/counter/vault in each combat room grants immunity to combo decay for 3 seconds. | 6-piece: class-specific mobility skill leaves a Dawnshield afterimage that taunts, tethers, chills, or staggers depending on class. | 8-piece: Godly skills gain a small cooldown refund after elite kills. | 10-piece: unlocks the full Sky Warden Covenant form for this class; purely postgame Godly power, no XP boost.",Account-bound on acquisition; no auction sale; cannot be vendored; cosmetic transmog unlocked account-wide.,May be cosmetically attuned only; power rolls are fixed to protect postgame balance.
SW-PG-060,G-SW-060,Mech Prime Instrument of the Sky Wardens,Godly,40,Scrap-Tek,Class Tool,1078,Godly capstone: completes the 10-piece class set and unlocks the Sky Warden oath visual transformation.,Sky Warden Godly Covenant - Scrap-Tek,"2-piece: +5% resource generation during postgame Sky Warden content. | 4-piece: first perfect parry/counter/vault in each combat room grants immunity to combo decay for 3 seconds. | 6-piece: class-specific mobility skill leaves a Dawnshield afterimage that taunts, tethers, chills, or staggers depending on class. | 8-piece: Godly skills gain a small cooldown refund after elite kills. | 10-piece: unlocks the full Sky Warden Covenant form for this class; purely postgame Godly power, no XP boost.",Account-bound on acquisition; no auction sale; cannot be vendored; cosmetic transmog unlocked account-wide.,May be cosmetically attuned only; power rolls are fixed to protect postgame balance.
SW-PG-061,G-SW-061,Counterweight Sovereign Armament of the Sky Wardens,Godly,40,Kinetic Juggernaut,Weapon,1062,Godly active: converts a 100-hit combo into a class-specific skystrike that scales with counterweight mastery.,Sky Warden Godly Covenant - Kinetic Juggernaut,"2-piece: +5% resource generation during postgame Sky Warden content. | 4-piece: first perfect parry/counter/vault in each combat room grants immunity to combo decay for 3 seconds. | 6-piece: class-specific mobility skill leaves a Dawnshield afterimage that taunts, tethers, chills, or staggers depending on class. | 8-piece: Godly skills gain a small cooldown refund after elite kills. | 10-piece: unlocks the full Sky Warden Covenant form for this class; purely postgame Godly power, no XP boost.",Account-bound on acquisition; no auction sale; cannot be vendored; cosmetic transmog unlocked account-wide.,May be cosmetically attuned only; power rolls are fixed to protect postgame balance.
SW-PG-062,G-SW-062,Guard Helmet of the Dawnshield Covenant,Godly,40,Kinetic Juggernaut,Helmet,1038,Godly passive: reveals elite tells earlier and preserves class resource when reacting to guard mechanics.,Sky Warden Godly Covenant - Kinetic Juggernaut,"2-piece: +5% resource generation during postgame Sky Warden content. | 4-piece: first perfect parry/counter/vault in each combat room grants immunity to combo decay for 3 seconds. | 6-piece: class-specific mobility skill leaves a Dawnshield afterimage that taunts, tethers, chills, or staggers depending on class. | 8-piece: Godly skills gain a small cooldown refund after elite kills. | 10-piece: unlocks the full Sky Warden Covenant form for this class; purely postgame Godly power, no XP boost.",Account-bound on acquisition; no auction sale; cannot be vendored; cosmetic transmog unlocked account-wide.,May be cosmetically attuned only; power rolls are fixed to protect postgame balance.
SW-PG-063,G-SW-063,Haymaker Chest of the Dawnshield Covenant,Godly,40,Kinetic Juggernaut,Chest,1054,Godly passive: grants a post-boss over-shield when class identity mechanics trigger under pressure.,Sky Warden Godly Covenant - Kinetic Juggernaut,"2-piece: +5% resource generation during postgame Sky Warden content. | 4-piece: first perfect parry/counter/vault in each combat room grants immunity to combo decay for 3 seconds. | 6-piece: class-specific mobility skill leaves a Dawnshield afterimage that taunts, tethers, chills, or staggers depending on class. | 8-piece: Godly skills gain a small cooldown refund after elite kills. | 10-piece: unlocks the full Sky Warden Covenant form for this class; purely postgame Godly power, no XP boost.",Account-bound on acquisition; no auction sale; cannot be vendored; cosmetic transmog unlocked account-wide.,May be cosmetically attuned only; power rolls are fixed to protect postgame balance.
SW-PG-064,G-SW-064,Inertia Gauntlets of the Dawnshield Covenant,Godly,40,Kinetic Juggernaut,Gauntlets,1043,Godly passive: perfect counters add a stacking inertia mark that increases finisher force.,Sky Warden Godly Covenant - Kinetic Juggernaut,"2-piece: +5% resource generation during postgame Sky Warden content. | 4-piece: first perfect parry/counter/vault in each combat room grants immunity to combo decay for 3 seconds. | 6-piece: class-specific mobility skill leaves a Dawnshield afterimage that taunts, tethers, chills, or staggers depending on class. | 8-piece: Godly skills gain a small cooldown refund after elite kills. | 10-piece: unlocks the full Sky Warden Covenant form for this class; purely postgame Godly power, no XP boost.",Account-bound on acquisition; no auction sale; cannot be vendored; cosmetic transmog unlocked account-wide.,May be cosmetically attuned only; power rolls are fixed to protect postgame balance.
SW-PG-065,G-SW-065,Ground Zero Boots of the Dawnshield Covenant,Godly,40,Kinetic Juggernaut,Boots,1038,"Godly passive: vault, dash, or brace actions create a brief aerial wake usable for combo continuation.",Sky Warden Godly Covenant - Kinetic Juggernaut,"2-piece: +5% resource generation during postgame Sky Warden content. | 4-piece: first perfect parry/counter/vault in each combat room grants immunity to combo decay for 3 seconds. | 6-piece: class-specific mobility skill leaves a Dawnshield afterimage that taunts, tethers, chills, or staggers depending on class. | 8-piece: Godly skills gain a small cooldown refund after elite kills. | 10-piece: unlocks the full Sky Warden Covenant form for this class; purely postgame Godly power, no XP boost.",Account-bound on acquisition; no auction sale; cannot be vendored; cosmetic transmog unlocked account-wide.,May be cosmetically attuned only; power rolls are fixed to protect postgame balance.
SW-PG-066,G-SW-066,Mass Ring of the Dawnshield Covenant,Godly,40,Kinetic Juggernaut,Ring,1035,"Godly passive: once per encounter, prevents a lethal combo break and restores class resource.",Sky Warden Godly Covenant - Kinetic Juggernaut,"2-piece: +5% resource generation during postgame Sky Warden content. | 4-piece: first perfect parry/counter/vault in each combat room grants immunity to combo decay for 3 seconds. | 6-piece: class-specific mobility skill leaves a Dawnshield afterimage that taunts, tethers, chills, or staggers depending on class. | 8-piece: Godly skills gain a small cooldown refund after elite kills. | 10-piece: unlocks the full Sky Warden Covenant form for this class; purely postgame Godly power, no XP boost.",Account-bound on acquisition; no auction sale; cannot be vendored; cosmetic transmog unlocked account-wide.,May be cosmetically attuned only; power rolls are fixed to protect postgame balance.
SW-PG-067,G-SW-067,Asteroid Amulet of the Dawnshield Covenant,Godly,40,Kinetic Juggernaut,Amulet,1050,Godly passive: doubles the first elite-control effect landed after entering a special event or dungeon room.,Sky Warden Godly Covenant - Kinetic Juggernaut,"2-piece: +5% resource generation during postgame Sky Warden content. | 4-piece: first perfect parry/counter/vault in each combat room grants immunity to combo decay for 3 seconds. | 6-piece: class-specific mobility skill leaves a Dawnshield afterimage that taunts, tethers, chills, or staggers depending on class. | 8-piece: Godly skills gain a small cooldown refund after elite kills. | 10-piece: unlocks the full Sky Warden Covenant form for this class; purely postgame Godly power, no XP boost.",Account-bound on acquisition; no auction sale; cannot be vendored; cosmetic transmog unlocked account-wide.,May be cosmetically attuned only; power rolls are fixed to protect postgame balance.
SW-PG-068,G-SW-068,Release Cloak of the Dawnshield Covenant,Godly,40,Kinetic Juggernaut,Cloak,1045,"Godly passive: while airborne or braced, converts incoming hazard pressure into class resource.",Sky Warden Godly Covenant - Kinetic Juggernaut,"2-piece: +5% resource generation during postgame Sky Warden content. | 4-piece: first perfect parry/counter/vault in each combat room grants immunity to combo decay for 3 seconds. | 6-piece: class-specific mobility skill leaves a Dawnshield afterimage that taunts, tethers, chills, or staggers depending on class. | 8-piece: Godly skills gain a small cooldown refund after elite kills. | 10-piece: unlocks the full Sky Warden Covenant form for this class; purely postgame Godly power, no XP boost.",Account-bound on acquisition; no auction sale; cannot be vendored; cosmetic transmog unlocked account-wide.,May be cosmetically attuned only; power rolls are fixed to protect postgame balance.
SW-PG-069,G-SW-069,Wall Relic of the Dawnshield Covenant,Godly,40,Kinetic Juggernaut,Relic,1065,Godly active: summons a Sky Warden support echo that performs the class signature control pattern.,Sky Warden Godly Covenant - Kinetic Juggernaut,"2-piece: +5% resource generation during postgame Sky Warden content. | 4-piece: first perfect parry/counter/vault in each combat room grants immunity to combo decay for 3 seconds. | 6-piece: class-specific mobility skill leaves a Dawnshield afterimage that taunts, tethers, chills, or staggers depending on class. | 8-piece: Godly skills gain a small cooldown refund after elite kills. | 10-piece: unlocks the full Sky Warden Covenant form for this class; purely postgame Godly power, no XP boost.",Account-bound on acquisition; no auction sale; cannot be vendored; cosmetic transmog unlocked account-wide.,May be cosmetically attuned only; power rolls are fixed to protect postgame balance.
SW-PG-070,G-SW-070,Bastion Prime Instrument of the Sky Wardens,Godly,40,Kinetic Juggernaut,Class Tool,1081,Godly capstone: completes the 10-piece class set and unlocks the Sky Warden oath visual transformation.,Sky Warden Godly Covenant - Kinetic Juggernaut,"2-piece: +5% resource generation during postgame Sky Warden content. | 4-piece: first perfect parry/counter/vault in each combat room grants immunity to combo decay for 3 seconds. | 6-piece: class-specific mobility skill leaves a Dawnshield afterimage that taunts, tethers, chills, or staggers depending on class. | 8-piece: Godly skills gain a small cooldown refund after elite kills. | 10-piece: unlocks the full Sky Warden Covenant form for this class; purely postgame Godly power, no XP boost.",Account-bound on acquisition; no auction sale; cannot be vendored; cosmetic transmog unlocked account-wide.,May be cosmetically attuned only; power rolls are fixed to protect postgame balance.
SW-PG-071,G-SW-071,Stutter Sovereign Armament of the Sky Wardens,Godly,40,Phantom-Shift,Weapon,1065,Godly active: converts a 100-hit combo into a class-specific skystrike that scales with stutter mastery.,Sky Warden Godly Covenant - Phantom-Shift,"2-piece: +5% resource generation during postgame Sky Warden content. | 4-piece: first perfect parry/counter/vault in each combat room grants immunity to combo decay for 3 seconds. | 6-piece: class-specific mobility skill leaves a Dawnshield afterimage that taunts, tethers, chills, or staggers depending on class. | 8-piece: Godly skills gain a small cooldown refund after elite kills. | 10-piece: unlocks the full Sky Warden Covenant form for this class; purely postgame Godly power, no XP boost.",Account-bound on acquisition; no auction sale; cannot be vendored; cosmetic transmog unlocked account-wide.,May be cosmetically attuned only; power rolls are fixed to protect postgame balance.
SW-PG-072,G-SW-072,Afterimage Helmet of the Dawnshield Covenant,Godly,40,Phantom-Shift,Helmet,1041,Godly passive: reveals elite tells earlier and preserves class resource when reacting to afterimage mechanics.,Sky Warden Godly Covenant - Phantom-Shift,"2-piece: +5% resource generation during postgame Sky Warden content. | 4-piece: first perfect parry/counter/vault in each combat room grants immunity to combo decay for 3 seconds. | 6-piece: class-specific mobility skill leaves a Dawnshield afterimage that taunts, tethers, chills, or staggers depending on class. | 8-piece: Godly skills gain a small cooldown refund after elite kills. | 10-piece: unlocks the full Sky Warden Covenant form for this class; purely postgame Godly power, no XP boost.",Account-bound on acquisition; no auction sale; cannot be vendored; cosmetic transmog unlocked account-wide.,May be cosmetically attuned only; power rolls are fixed to protect postgame balance.
SW-PG-073,G-SW-073,Phase Chest of the Dawnshield Covenant,Godly,40,Phantom-Shift,Chest,1057,Godly passive: grants a post-boss over-shield when class identity mechanics trigger under pressure.,Sky Warden Godly Covenant - Phantom-Shift,"2-piece: +5% resource generation during postgame Sky Warden content. | 4-piece: first perfect parry/counter/vault in each combat room grants immunity to combo decay for 3 seconds. | 6-piece: class-specific mobility skill leaves a Dawnshield afterimage that taunts, tethers, chills, or staggers depending on class. | 8-piece: Godly skills gain a small cooldown refund after elite kills. | 10-piece: unlocks the full Sky Warden Covenant form for this class; purely postgame Godly power, no XP boost.",Account-bound on acquisition; no auction sale; cannot be vendored; cosmetic transmog unlocked account-wide.,May be cosmetically attuned only; power rolls are fixed to protect postgame balance.
SW-PG-074,G-SW-074,Chrono Gauntlets of the Dawnshield Covenant,Godly,40,Phantom-Shift,Gauntlets,1046,Godly passive: perfect counters add a stacking chrono mark that increases finisher force.,Sky Warden Godly Covenant - Phantom-Shift,"2-piece: +5% resource generation during postgame Sky Warden content. | 4-piece: first perfect parry/counter/vault in each combat room grants immunity to combo decay for 3 seconds. | 6-piece: class-specific mobility skill leaves a Dawnshield afterimage that taunts, tethers, chills, or staggers depending on class. | 8-piece: Godly skills gain a small cooldown refund after elite kills. | 10-piece: unlocks the full Sky Warden Covenant form for this class; purely postgame Godly power, no XP boost.",Account-bound on acquisition; no auction sale; cannot be vendored; cosmetic transmog unlocked account-wide.,May be cosmetically attuned only; power rolls are fixed to protect postgame balance.
SW-PG-075,G-SW-075,Blink Boots of the Dawnshield Covenant,Godly,40,Phantom-Shift,Boots,1041,"Godly passive: vault, dash, or brace actions create a brief aerial wake usable for combo continuation.",Sky Warden Godly Covenant - Phantom-Shift,"2-piece: +5% resource generation during postgame Sky Warden content. | 4-piece: first perfect parry/counter/vault in each combat room grants immunity to combo decay for 3 seconds. | 6-piece: class-specific mobility skill leaves a Dawnshield afterimage that taunts, tethers, chills, or staggers depending on class. | 8-piece: Godly skills gain a small cooldown refund after elite kills. | 10-piece: unlocks the full Sky Warden Covenant form for this class; purely postgame Godly power, no XP boost.",Account-bound on acquisition; no auction sale; cannot be vendored; cosmetic transmog unlocked account-wide.,May be cosmetically attuned only; power rolls are fixed to protect postgame balance.
SW-PG-076,G-SW-076,Flux Ring of the Dawnshield Covenant,Godly,40,Phantom-Shift,Ring,1038,"Godly passive: once per encounter, prevents a lethal combo break and restores class resource.",Sky Warden Godly Covenant - Phantom-Shift,"2-piece: +5% resource generation during postgame Sky Warden content. | 4-piece: first perfect parry/counter/vault in each combat room grants immunity to combo decay for 3 seconds. | 6-piece: class-specific mobility skill leaves a Dawnshield afterimage that taunts, tethers, chills, or staggers depending on class. | 8-piece: Godly skills gain a small cooldown refund after elite kills. | 10-piece: unlocks the full Sky Warden Covenant form for this class; purely postgame Godly power, no XP boost.",Account-bound on acquisition; no auction sale; cannot be vendored; cosmetic transmog unlocked account-wide.,May be cosmetically attuned only; power rolls are fixed to protect postgame balance.
SW-PG-077,G-SW-077,Shadow Amulet of the Dawnshield Covenant,Godly,40,Phantom-Shift,Amulet,1053,Godly passive: doubles the first elite-control effect landed after entering a special event or dungeon room.,Sky Warden Godly Covenant - Phantom-Shift,"2-piece: +5% resource generation during postgame Sky Warden content. | 4-piece: first perfect parry/counter/vault in each combat room grants immunity to combo decay for 3 seconds. | 6-piece: class-specific mobility skill leaves a Dawnshield afterimage that taunts, tethers, chills, or staggers depending on class. | 8-piece: Godly skills gain a small cooldown refund after elite kills. | 10-piece: unlocks the full Sky Warden Covenant form for this class; purely postgame Godly power, no XP boost.",Account-bound on acquisition; no auction sale; cannot be vendored; cosmetic transmog unlocked account-wide.,May be cosmetically attuned only; power rolls are fixed to protect postgame balance.
SW-PG-078,G-SW-078,Singularity Cloak of the Dawnshield Covenant,Godly,40,Phantom-Shift,Cloak,1048,"Godly passive: while airborne or braced, converts incoming hazard pressure into class resource.",Sky Warden Godly Covenant - Phantom-Shift,"2-piece: +5% resource generation during postgame Sky Warden content. | 4-piece: first perfect parry/counter/vault in each combat room grants immunity to combo decay for 3 seconds. | 6-piece: class-specific mobility skill leaves a Dawnshield afterimage that taunts, tethers, chills, or staggers depending on class. | 8-piece: Godly skills gain a small cooldown refund after elite kills. | 10-piece: unlocks the full Sky Warden Covenant form for this class; purely postgame Godly power, no XP boost.",Account-bound on acquisition; no auction sale; cannot be vendored; cosmetic transmog unlocked account-wide.,May be cosmetically attuned only; power rolls are fixed to protect postgame balance.
SW-PG-079,G-SW-079,Reality Relic of the Dawnshield Covenant,Godly,40,Phantom-Shift,Relic,1068,Godly active: summons a Sky Warden support echo that performs the class signature control pattern.,Sky Warden Godly Covenant - Phantom-Shift,"2-piece: +5% resource generation during postgame Sky Warden content. | 4-piece: first perfect parry/counter/vault in each combat room grants immunity to combo decay for 3 seconds. | 6-piece: class-specific mobility skill leaves a Dawnshield afterimage that taunts, tethers, chills, or staggers depending on class. | 8-piece: Godly skills gain a small cooldown refund after elite kills. | 10-piece: unlocks the full Sky Warden Covenant form for this class; purely postgame Godly power, no XP boost.",Account-bound on acquisition; no auction sale; cannot be vendored; cosmetic transmog unlocked account-wide.,May be cosmetically attuned only; power rolls are fixed to protect postgame balance.
SW-PG-080,G-SW-080,Echo Prime Instrument of the Sky Wardens,Godly,40,Phantom-Shift,Class Tool,1084,Godly capstone: completes the 10-piece class set and unlocks the Sky Warden oath visual transformation.,Sky Warden Godly Covenant - Phantom-Shift,"2-piece: +5% resource generation during postgame Sky Warden content. | 4-piece: first perfect parry/counter/vault in each combat room grants immunity to combo decay for 3 seconds. | 6-piece: class-specific mobility skill leaves a Dawnshield afterimage that taunts, tethers, chills, or staggers depending on class. | 8-piece: Godly skills gain a small cooldown refund after elite kills. | 10-piece: unlocks the full Sky Warden Covenant form for this class; purely postgame Godly power, no XP boost.",Account-bound on acquisition; no auction sale; cannot be vendored; cosmetic transmog unlocked account-wide.,May be cosmetically attuned only; power rolls are fixed to protect postgame balance.
SW-PG-081,G-SW-081,Briar Sovereign Armament of the Sky Wardens,Godly,40,Sylvan Warden,Weapon,1068,Godly active: converts a 100-hit combo into a class-specific skystrike that scales with briar mastery.,Sky Warden Godly Covenant - Sylvan Warden,"2-piece: +5% resource generation during postgame Sky Warden content. | 4-piece: first perfect parry/counter/vault in each combat room grants immunity to combo decay for 3 seconds. | 6-piece: class-specific mobility skill leaves a Dawnshield afterimage that taunts, tethers, chills, or staggers depending on class. | 8-piece: Godly skills gain a small cooldown refund after elite kills. | 10-piece: unlocks the full Sky Warden Covenant form for this class; purely postgame Godly power, no XP boost.",Account-bound on acquisition; no auction sale; cannot be vendored; cosmetic transmog unlocked account-wide.,May be cosmetically attuned only; power rolls are fixed to protect postgame balance.
SW-PG-082,G-SW-082,Root Helmet of the Dawnshield Covenant,Godly,40,Sylvan Warden,Helmet,1044,Godly passive: reveals elite tells earlier and preserves class resource when reacting to root mechanics.,Sky Warden Godly Covenant - Sylvan Warden,"2-piece: +5% resource generation during postgame Sky Warden content. | 4-piece: first perfect parry/counter/vault in each combat room grants immunity to combo decay for 3 seconds. | 6-piece: class-specific mobility skill leaves a Dawnshield afterimage that taunts, tethers, chills, or staggers depending on class. | 8-piece: Godly skills gain a small cooldown refund after elite kills. | 10-piece: unlocks the full Sky Warden Covenant form for this class; purely postgame Godly power, no XP boost.",Account-bound on acquisition; no auction sale; cannot be vendored; cosmetic transmog unlocked account-wide.,May be cosmetically attuned only; power rolls are fixed to protect postgame balance.
SW-PG-083,G-SW-083,World-Tree Chest of the Dawnshield Covenant,Godly,40,Sylvan Warden,Chest,1060,Godly passive: grants a post-boss over-shield when class identity mechanics trigger under pressure.,Sky Warden Godly Covenant - Sylvan Warden,"2-piece: +5% resource generation during postgame Sky Warden content. | 4-piece: first perfect parry/counter/vault in each combat room grants immunity to combo decay for 3 seconds. | 6-piece: class-specific mobility skill leaves a Dawnshield afterimage that taunts, tethers, chills, or staggers depending on class. | 8-piece: Godly skills gain a small cooldown refund after elite kills. | 10-piece: unlocks the full Sky Warden Covenant form for this class; purely postgame Godly power, no XP boost.",Account-bound on acquisition; no auction sale; cannot be vendored; cosmetic transmog unlocked account-wide.,May be cosmetically attuned only; power rolls are fixed to protect postgame balance.
SW-PG-084,G-SW-084,Tether Gauntlets of the Dawnshield Covenant,Godly,40,Sylvan Warden,Gauntlets,1049,Godly passive: perfect counters add a stacking tether mark that increases finisher force.,Sky Warden Godly Covenant - Sylvan Warden,"2-piece: +5% resource generation during postgame Sky Warden content. | 4-piece: first perfect parry/counter/vault in each combat room grants immunity to combo decay for 3 seconds. | 6-piece: class-specific mobility skill leaves a Dawnshield afterimage that taunts, tethers, chills, or staggers depending on class. | 8-piece: Godly skills gain a small cooldown refund after elite kills. | 10-piece: unlocks the full Sky Warden Covenant form for this class; purely postgame Godly power, no XP boost.",Account-bound on acquisition; no auction sale; cannot be vendored; cosmetic transmog unlocked account-wide.,May be cosmetically attuned only; power rolls are fixed to protect postgame balance.
SW-PG-085,G-SW-085,Heartwood Boots of the Dawnshield Covenant,Godly,40,Sylvan Warden,Boots,1044,"Godly passive: vault, dash, or brace actions create a brief aerial wake usable for combo continuation.",Sky Warden Godly Covenant - Sylvan Warden,"2-piece: +5% resource generation during postgame Sky Warden content. | 4-piece: first perfect parry/counter/vault in each combat room grants immunity to combo decay for 3 seconds. | 6-piece: class-specific mobility skill leaves a Dawnshield afterimage that taunts, tethers, chills, or staggers depending on class. | 8-piece: Godly skills gain a small cooldown refund after elite kills. | 10-piece: unlocks the full Sky Warden Covenant form for this class; purely postgame Godly power, no XP boost.",Account-bound on acquisition; no auction sale; cannot be vendored; cosmetic transmog unlocked account-wide.,May be cosmetically attuned only; power rolls are fixed to protect postgame balance.
SW-PG-086,G-SW-086,Canopy Ring of the Dawnshield Covenant,Godly,40,Sylvan Warden,Ring,1041,"Godly passive: once per encounter, prevents a lethal combo break and restores class resource.",Sky Warden Godly Covenant - Sylvan Warden,"2-piece: +5% resource generation during postgame Sky Warden content. | 4-piece: first perfect parry/counter/vault in each combat room grants immunity to combo decay for 3 seconds. | 6-piece: class-specific mobility skill leaves a Dawnshield afterimage that taunts, tethers, chills, or staggers depending on class. | 8-piece: Godly skills gain a small cooldown refund after elite kills. | 10-piece: unlocks the full Sky Warden Covenant form for this class; purely postgame Godly power, no XP boost.",Account-bound on acquisition; no auction sale; cannot be vendored; cosmetic transmog unlocked account-wide.,May be cosmetically attuned only; power rolls are fixed to protect postgame balance.
SW-PG-087,G-SW-087,Bloom Amulet of the Dawnshield Covenant,Godly,40,Sylvan Warden,Amulet,1056,Godly passive: doubles the first elite-control effect landed after entering a special event or dungeon room.,Sky Warden Godly Covenant - Sylvan Warden,"2-piece: +5% resource generation during postgame Sky Warden content. | 4-piece: first perfect parry/counter/vault in each combat room grants immunity to combo decay for 3 seconds. | 6-piece: class-specific mobility skill leaves a Dawnshield afterimage that taunts, tethers, chills, or staggers depending on class. | 8-piece: Godly skills gain a small cooldown refund after elite kills. | 10-piece: unlocks the full Sky Warden Covenant form for this class; purely postgame Godly power, no XP boost.",Account-bound on acquisition; no auction sale; cannot be vendored; cosmetic transmog unlocked account-wide.,May be cosmetically attuned only; power rolls are fixed to protect postgame balance.
SW-PG-088,G-SW-088,Forest Cloak of the Dawnshield Covenant,Godly,40,Sylvan Warden,Cloak,1051,"Godly passive: while airborne or braced, converts incoming hazard pressure into class resource.",Sky Warden Godly Covenant - Sylvan Warden,"2-piece: +5% resource generation during postgame Sky Warden content. | 4-piece: first perfect parry/counter/vault in each combat room grants immunity to combo decay for 3 seconds. | 6-piece: class-specific mobility skill leaves a Dawnshield afterimage that taunts, tethers, chills, or staggers depending on class. | 8-piece: Godly skills gain a small cooldown refund after elite kills. | 10-piece: unlocks the full Sky Warden Covenant form for this class; purely postgame Godly power, no XP boost.",Account-bound on acquisition; no auction sale; cannot be vendored; cosmetic transmog unlocked account-wide.,May be cosmetically attuned only; power rolls are fixed to protect postgame balance.
SW-PG-089,G-SW-089,Regrowth Relic of the Dawnshield Covenant,Godly,40,Sylvan Warden,Relic,1071,Godly active: summons a Sky Warden support echo that performs the class signature control pattern.,Sky Warden Godly Covenant - Sylvan Warden,"2-piece: +5% resource generation during postgame Sky Warden content. | 4-piece: first perfect parry/counter/vault in each combat room grants immunity to combo decay for 3 seconds. | 6-piece: class-specific mobility skill leaves a Dawnshield afterimage that taunts, tethers, chills, or staggers depending on class. | 8-piece: Godly skills gain a small cooldown refund after elite kills. | 10-piece: unlocks the full Sky Warden Covenant form for this class; purely postgame Godly power, no XP boost.",Account-bound on acquisition; no auction sale; cannot be vendored; cosmetic transmog unlocked account-wide.,May be cosmetically attuned only; power rolls are fixed to protect postgame balance.
SW-PG-090,G-SW-090,Nature Prime Instrument of the Sky Wardens,Godly,40,Sylvan Warden,Class Tool,1087,Godly capstone: completes the 10-piece class set and unlocks the Sky Warden oath visual transformation.,Sky Warden Godly Covenant - Sylvan Warden,"2-piece: +5% resource generation during postgame Sky Warden content. | 4-piece: first perfect parry/counter/vault in each combat room grants immunity to combo decay for 3 seconds. | 6-piece: class-specific mobility skill leaves a Dawnshield afterimage that taunts, tethers, chills, or staggers depending on class. | 8-piece: Godly skills gain a small cooldown refund after elite kills. | 10-piece: unlocks the full Sky Warden Covenant form for this class; purely postgame Godly power, no XP boost.",Account-bound on acquisition; no auction sale; cannot be vendored; cosmetic transmog unlocked account-wide.,May be cosmetically attuned only; power rolls are fixed to protect postgame balance.
SW-PG-091,G-SW-091,Ignition Sovereign Armament of the Sky Wardens,Godly,40,Flux-Caster,Weapon,1071,Godly active: converts a 100-hit combo into a class-specific skystrike that scales with ignition mastery.,Sky Warden Godly Covenant - Flux-Caster,"2-piece: +5% resource generation during postgame Sky Warden content. | 4-piece: first perfect parry/counter/vault in each combat room grants immunity to combo decay for 3 seconds. | 6-piece: class-specific mobility skill leaves a Dawnshield afterimage that taunts, tethers, chills, or staggers depending on class. | 8-piece: Godly skills gain a small cooldown refund after elite kills. | 10-piece: unlocks the full Sky Warden Covenant form for this class; purely postgame Godly power, no XP boost.",Account-bound on acquisition; no auction sale; cannot be vendored; cosmetic transmog unlocked account-wide.,May be cosmetically attuned only; power rolls are fixed to protect postgame balance.
SW-PG-092,G-SW-092,Glacial Helmet of the Dawnshield Covenant,Godly,40,Flux-Caster,Helmet,1047,Godly passive: reveals elite tells earlier and preserves class resource when reacting to glacial mechanics.,Sky Warden Godly Covenant - Flux-Caster,"2-piece: +5% resource generation during postgame Sky Warden content. | 4-piece: first perfect parry/counter/vault in each combat room grants immunity to combo decay for 3 seconds. | 6-piece: class-specific mobility skill leaves a Dawnshield afterimage that taunts, tethers, chills, or staggers depending on class. | 8-piece: Godly skills gain a small cooldown refund after elite kills. | 10-piece: unlocks the full Sky Warden Covenant form for this class; purely postgame Godly power, no XP boost.",Account-bound on acquisition; no auction sale; cannot be vendored; cosmetic transmog unlocked account-wide.,May be cosmetically attuned only; power rolls are fixed to protect postgame balance.
SW-PG-093,G-SW-093,Thermal Chest of the Dawnshield Covenant,Godly,40,Flux-Caster,Chest,1063,Godly passive: grants a post-boss over-shield when class identity mechanics trigger under pressure.,Sky Warden Godly Covenant - Flux-Caster,"2-piece: +5% resource generation during postgame Sky Warden content. | 4-piece: first perfect parry/counter/vault in each combat room grants immunity to combo decay for 3 seconds. | 6-piece: class-specific mobility skill leaves a Dawnshield afterimage that taunts, tethers, chills, or staggers depending on class. | 8-piece: Godly skills gain a small cooldown refund after elite kills. | 10-piece: unlocks the full Sky Warden Covenant form for this class; purely postgame Godly power, no XP boost.",Account-bound on acquisition; no auction sale; cannot be vendored; cosmetic transmog unlocked account-wide.,May be cosmetically attuned only; power rolls are fixed to protect postgame balance.
SW-PG-094,G-SW-094,Crucible Gauntlets of the Dawnshield Covenant,Godly,40,Flux-Caster,Gauntlets,1052,Godly passive: perfect counters add a stacking crucible mark that increases finisher force.,Sky Warden Godly Covenant - Flux-Caster,"2-piece: +5% resource generation during postgame Sky Warden content. | 4-piece: first perfect parry/counter/vault in each combat room grants immunity to combo decay for 3 seconds. | 6-piece: class-specific mobility skill leaves a Dawnshield afterimage that taunts, tethers, chills, or staggers depending on class. | 8-piece: Godly skills gain a small cooldown refund after elite kills. | 10-piece: unlocks the full Sky Warden Covenant form for this class; purely postgame Godly power, no XP boost.",Account-bound on acquisition; no auction sale; cannot be vendored; cosmetic transmog unlocked account-wide.,May be cosmetically attuned only; power rolls are fixed to protect postgame balance.
SW-PG-095,G-SW-095,Maelstrom Boots of the Dawnshield Covenant,Godly,40,Flux-Caster,Boots,1047,"Godly passive: vault, dash, or brace actions create a brief aerial wake usable for combo continuation.",Sky Warden Godly Covenant - Flux-Caster,"2-piece: +5% resource generation during postgame Sky Warden content. | 4-piece: first perfect parry/counter/vault in each combat room grants immunity to combo decay for 3 seconds. | 6-piece: class-specific mobility skill leaves a Dawnshield afterimage that taunts, tethers, chills, or staggers depending on class. | 8-piece: Godly skills gain a small cooldown refund after elite kills. | 10-piece: unlocks the full Sky Warden Covenant form for this class; purely postgame Godly power, no XP boost.",Account-bound on acquisition; no auction sale; cannot be vendored; cosmetic transmog unlocked account-wide.,May be cosmetically attuned only; power rolls are fixed to protect postgame balance.
SW-PG-096,G-SW-096,Aether Ring of the Dawnshield Covenant,Godly,40,Flux-Caster,Ring,1044,"Godly passive: once per encounter, prevents a lethal combo break and restores class resource.",Sky Warden Godly Covenant - Flux-Caster,"2-piece: +5% resource generation during postgame Sky Warden content. | 4-piece: first perfect parry/counter/vault in each combat room grants immunity to combo decay for 3 seconds. | 6-piece: class-specific mobility skill leaves a Dawnshield afterimage that taunts, tethers, chills, or staggers depending on class. | 8-piece: Godly skills gain a small cooldown refund after elite kills. | 10-piece: unlocks the full Sky Warden Covenant form for this class; purely postgame Godly power, no XP boost.",Account-bound on acquisition; no auction sale; cannot be vendored; cosmetic transmog unlocked account-wide.,May be cosmetically attuned only; power rolls are fixed to protect postgame balance.
SW-PG-097,G-SW-097,Flux Amulet of the Dawnshield Covenant,Godly,40,Flux-Caster,Amulet,1059,Godly passive: doubles the first elite-control effect landed after entering a special event or dungeon room.,Sky Warden Godly Covenant - Flux-Caster,"2-piece: +5% resource generation during postgame Sky Warden content. | 4-piece: first perfect parry/counter/vault in each combat room grants immunity to combo decay for 3 seconds. | 6-piece: class-specific mobility skill leaves a Dawnshield afterimage that taunts, tethers, chills, or staggers depending on class. | 8-piece: Godly skills gain a small cooldown refund after elite kills. | 10-piece: unlocks the full Sky Warden Covenant form for this class; purely postgame Godly power, no XP boost.",Account-bound on acquisition; no auction sale; cannot be vendored; cosmetic transmog unlocked account-wide.,May be cosmetically attuned only; power rolls are fixed to protect postgame balance.
SW-PG-098,G-SW-098,Plasma Cloak of the Dawnshield Covenant,Godly,40,Flux-Caster,Cloak,1054,"Godly passive: while airborne or braced, converts incoming hazard pressure into class resource.",Sky Warden Godly Covenant - Flux-Caster,"2-piece: +5% resource generation during postgame Sky Warden content. | 4-piece: first perfect parry/counter/vault in each combat room grants immunity to combo decay for 3 seconds. | 6-piece: class-specific mobility skill leaves a Dawnshield afterimage that taunts, tethers, chills, or staggers depending on class. | 8-piece: Godly skills gain a small cooldown refund after elite kills. | 10-piece: unlocks the full Sky Warden Covenant form for this class; purely postgame Godly power, no XP boost.",Account-bound on acquisition; no auction sale; cannot be vendored; cosmetic transmog unlocked account-wide.,May be cosmetically attuned only; power rolls are fixed to protect postgame balance.
SW-PG-099,G-SW-099,Elemental Relic of the Dawnshield Covenant,Godly,40,Flux-Caster,Relic,1074,Godly active: summons a Sky Warden support echo that performs the class signature control pattern.,Sky Warden Godly Covenant - Flux-Caster,"2-piece: +5% resource generation during postgame Sky Warden content. | 4-piece: first perfect parry/counter/vault in each combat room grants immunity to combo decay for 3 seconds. | 6-piece: class-specific mobility skill leaves a Dawnshield afterimage that taunts, tethers, chills, or staggers depending on class. | 8-piece: Godly skills gain a small cooldown refund after elite kills. | 10-piece: unlocks the full Sky Warden Covenant form for this class; purely postgame Godly power, no XP boost.",Account-bound on acquisition; no auction sale; cannot be vendored; cosmetic transmog unlocked account-wide.,May be cosmetically attuned only; power rolls are fixed to protect postgame balance.
SW-PG-100,G-SW-100,Avatar Prime Instrument of the Sky Wardens,Godly,40,Flux-Caster,Class Tool,1090,Godly capstone: completes the 10-piece class set and unlocks the Sky Warden oath visual transformation.,Sky Warden Godly Covenant - Flux-Caster,"2-piece: +5% resource generation during postgame Sky Warden content. | 4-piece: first perfect parry/counter/vault in each combat room grants immunity to combo decay for 3 seconds. | 6-piece: class-specific mobility skill leaves a Dawnshield afterimage that taunts, tethers, chills, or staggers depending on class. | 8-piece: Godly skills gain a small cooldown refund after elite kills. | 10-piece: unlocks the full Sky Warden Covenant form for this class; purely postgame Godly power, no XP boost.",Account-bound on acquisition; no auction sale; cannot be vendored; cosmetic transmog unlocked account-wide.,May be cosmetically attuned only; power rolls are fixed to protect postgame balance.
