quest_id,subquest_number,objective
SW-PG-001,1,"Receive the operation directly from Torinn Rhogar and confirm that the adversary is The Order of the Epochalypse, specifically The First-Second Cell under Chronologer Vaelis Ruun."
SW-PG-001,2,"Enter Aerie of the Dawnshield, locate three traces of The Order of the Epochalypse activity, and stabilize the evidence before the epochal redaction glyphs that delete witness testimony from the present can corrupt the scene."
SW-PG-001,3,"Push into Stormglass War Room and build a verified evidence chain before the Order can redact the scene, using the encounter rule set: redaction fog, witness contradictions, and evidence nodes that decay unless stabilized."
SW-PG-001,4,"Return to Torinn Rhogar, deliver the sealed proof against The Order of the Epochalypse, update the Sky Warden shadow-ledger, and claim Revision Sovereign Armament of the Sky Wardens."
SW-PG-002,1,"Receive the operation directly from Torinn Rhogar and confirm that the adversary is The Order of the Epochalypse, specifically The First-Second Cell under Chronologer Vaelis Ruun."
SW-PG-002,2,"Enter Stormglass War Room, locate three traces of The Order of the Epochalypse activity, and stabilize the evidence before the epochal redaction glyphs that delete witness testimony from the present can corrupt the scene."
SW-PG-002,3,"Push into Highdock Crown and hold the line against Order epoch-raiders while civilians and ship systems evacuate, using the encounter rule set: wave pressure, breach timers, and Order time-flare pylons that accelerate enemy spawns."
SW-PG-002,4,"Return to Torinn Rhogar, deliver the sealed proof against The Order of the Epochalypse, update the Sky Warden shadow-ledger, and claim Axiom Helmet of the Dawnshield Covenant."
SW-PG-003,1,"Receive the operation directly from Torinn Rhogar and confirm that the adversary is The Order of the Epochalypse, specifically The First-Second Cell under Chronologer Vaelis Ruun."
SW-PG-003,2,"Enter Highdock Crown, locate three traces of The Order of the Epochalypse activity, and stabilize the evidence before the epochal redaction glyphs that delete witness testimony from the present can corrupt the scene."
SW-PG-003,3,"Push into Founder Seat Chamber and breach the Order cell’s fortified position and destroy its command focus, using the encounter rule set: shielded ritual captains, breach lanes, and chronal artillery windows."
SW-PG-003,4,"Confront an operative, construct, or lieutenant-proxy from The First-Second Cell, prevent the failure state where the cell will scatter to a harder future encounter, and extract the Order cipher intact."
SW-PG-003,5,"Return to Torinn Rhogar, deliver the sealed proof against The Order of the Epochalypse, update the Sky Warden shadow-ledger, and claim Syntax Chest of the Dawnshield Covenant."
SW-PG-004,1,"Receive the operation directly from Torinn Rhogar and confirm that the adversary is The Order of the Epochalypse, specifically The First-Second Cell under Chronologer Vaelis Ruun."
SW-PG-004,2,"Enter Founder Seat Chamber, locate three traces of The Order of the Epochalypse activity, and stabilize the evidence before the epochal redaction glyphs that delete witness testimony from the present can corrupt the scene."
SW-PG-004,3,"Push into Oath-Ring Observatory and clear a multi-room Order facility, defeat its elite custodian, and recover the sealed proof, using the encounter rule set: three chambers, one era-lock puzzle, one elite Order custodian, and a final proof vault."
SW-PG-004,4,"Confront an operative, construct, or lieutenant-proxy from The First-Second Cell, prevent the failure state where the facility will lock itself one hour outside normal time, and extract the Order cipher intact."
SW-PG-004,5,"Return to Torinn Rhogar, deliver the sealed proof against The Order of the Epochalypse, update the Sky Warden shadow-ledger, and claim Omniscience Gauntlets of the Dawnshield Covenant."
SW-PG-005,1,"Receive the operation directly from Torinn Rhogar and confirm that the adversary is The Order of the Epochalypse, specifically The First-Second Cell under Chronologer Vaelis Ruun."
SW-PG-005,2,"Enter Oath-Ring Observatory, locate three traces of The Order of the Epochalypse activity, and stabilize the evidence before the epochal redaction glyphs that delete witness testimony from the present can corrupt the scene."
SW-PG-005,3,"Push into Aerie of the Dawnshield and extract captured Sky Wardens or witnesses before their timelines are rewritten, using the encounter rule set: moving prisoners, fake rescue signals, and Order voice-mask decoys."
SW-PG-005,4,"Return to Torinn Rhogar, deliver the sealed proof against The Order of the Epochalypse, update the Sky Warden shadow-ledger, and claim Schema Boots of the Dawnshield Covenant."
SW-PG-006,1,"Receive the operation directly from Torinn Rhogar and confirm that the adversary is The Order of the Epochalypse, specifically The First-Second Cell under Chronologer Vaelis Ruun."
SW-PG-006,2,"Enter Aerie of the Dawnshield, locate three traces of The Order of the Epochalypse activity, and stabilize the evidence before the epochal redaction glyphs that delete witness testimony from the present can corrupt the scene."
SW-PG-006,3,"Push into Stormglass War Room and steal an Order ledger, chronal key, or black-oath cipher without triggering an era-lock, using the encounter rule set: stealth routes, rotating patrol years, alarm clocks, and optional evidence caches."
SW-PG-006,4,"Confront an operative, construct, or lieutenant-proxy from The First-Second Cell, prevent the failure state where the ledger will burn backward into an earlier year, and extract the Order cipher intact."
SW-PG-006,5,"Return to Torinn Rhogar, deliver the sealed proof against The Order of the Epochalypse, update the Sky Warden shadow-ledger, and claim Red Pen Ring of the Dawnshield Covenant."
SW-PG-007,1,"Receive the operation directly from Torinn Rhogar and confirm that the adversary is The Order of the Epochalypse, specifically The First-Second Cell under Chronologer Vaelis Ruun."
SW-PG-007,2,"Enter Stormglass War Room, locate three traces of The Order of the Epochalypse activity, and stabilize the evidence before the epochal redaction glyphs that delete witness testimony from the present can corrupt the scene."
SW-PG-007,3,"Push into Highdock Crown and expose an Order sympathizer inside a council proceeding without breaking the alliance compact, using the encounter rule set: testimony sequencing, proof challenges, and Order plants trying to poison the record."
SW-PG-007,4,"Return to Torinn Rhogar, deliver the sealed proof against The Order of the Epochalypse, update the Sky Warden shadow-ledger, and claim Law Amulet of the Dawnshield Covenant."
SW-PG-008,1,"Receive the operation directly from Torinn Rhogar and confirm that the adversary is The Order of the Epochalypse, specifically The First-Second Cell under Chronologer Vaelis Ruun."
SW-PG-008,2,"Enter Highdock Crown, locate three traces of The Order of the Epochalypse activity, and stabilize the evidence before the epochal redaction glyphs that delete witness testimony from the present can corrupt the scene."
SW-PG-008,3,"Push into Founder Seat Chamber and solve an epochal lock whose answer changes unless the player stabilizes the present moment, using the encounter rule set: time-locked mechanisms, mirrored symbols, and present-tense anchors."
SW-PG-008,4,"Confront an operative, construct, or lieutenant-proxy from The First-Second Cell, prevent the failure state where the lock will reset the room to a hostile past configuration, and extract the Order cipher intact."
SW-PG-008,5,"Return to Torinn Rhogar, deliver the sealed proof against The Order of the Epochalypse, update the Sky Warden shadow-ledger, and claim Paradox Cloak of the Dawnshield Covenant."
SW-PG-009,1,"Receive the operation directly from Torinn Rhogar and confirm that the adversary is The Order of the Epochalypse, specifically The First-Second Cell under Chronologer Vaelis Ruun."
SW-PG-009,2,"Enter Founder Seat Chamber, locate three traces of The Order of the Epochalypse activity, and stabilize the evidence before the epochal redaction glyphs that delete witness testimony from the present can corrupt the scene."
SW-PG-009,3,"Push into Oath-Ring Observatory and move a living witness, ship core, or oath archive through Order interdiction lanes, using the encounter rule set: route hazards, ambush windows, and temporal drag on the protected target."
SW-PG-009,4,"Return to Torinn Rhogar, deliver the sealed proof against The Order of the Epochalypse, update the Sky Warden shadow-ledger, and claim Aether Relic of the Dawnshield Covenant."
SW-PG-010,1,"Receive the operation directly from Torinn Rhogar and confirm that the adversary is The Order of the Epochalypse, specifically The First-Second Cell under Chronologer Vaelis Ruun."
SW-PG-010,2,"Enter Oath-Ring Observatory, locate three traces of The Order of the Epochalypse activity, and stabilize the evidence before the epochal redaction glyphs that delete witness testimony from the present can corrupt the scene."
SW-PG-010,3,"Push into Aerie of the Dawnshield and defeat an empowered boss echo reconstructed by the Order from stolen postwar memory, using the encounter rule set: empowered boss patterns, Order glyph shields, and phase changes based on stolen memories."
SW-PG-010,4,"Confront an operative, construct, or lieutenant-proxy from The First-Second Cell, prevent the failure state where the echo will imprint itself into the next Order cell, and extract the Order cipher intact."
SW-PG-010,5,"Return to Torinn Rhogar, deliver the sealed proof against The Order of the Epochalypse, update the Sky Warden shadow-ledger, and claim EPI Prime Instrument of the Sky Wardens."
SW-PG-011,1,"Receive the operation directly from Torinn Rhogar and confirm that the adversary is The Order of the Epochalypse, specifically The Oathless Wing under Prelate Iovara Mneme."
SW-PG-011,2,"Enter Cloud Barracks, locate three traces of The Order of the Epochalypse activity, and stabilize the evidence before the evolving oath-masks that copy Sky Warden voices, ranks, and command gestures can corrupt the scene."
SW-PG-011,3,"Push into Living Garden Deck and build a verified evidence chain before the Order can redact the scene, using the encounter rule set: redaction fog, witness contradictions, and evidence nodes that decay unless stabilized."
SW-PG-011,4,"Return to Torinn Rhogar, deliver the sealed proof against The Order of the Epochalypse, update the Sky Warden shadow-ledger, and claim Omega Sovereign Armament of the Sky Wardens."
SW-PG-012,1,"Receive the operation directly from Torinn Rhogar and confirm that the adversary is The Order of the Epochalypse, specifically The Oathless Wing under Prelate Iovara Mneme."
SW-PG-012,2,"Enter Living Garden Deck, locate three traces of The Order of the Epochalypse activity, and stabilize the evidence before the evolving oath-masks that copy Sky Warden voices, ranks, and command gestures can corrupt the scene."
SW-PG-012,3,"Push into Skyship Hangar and hold the line against Order epoch-raiders while civilians and ship systems evacuate, using the encounter rule set: wave pressure, breach timers, and Order time-flare pylons that accelerate enemy spawns."
SW-PG-012,4,"Return to Torinn Rhogar, deliver the sealed proof against The Order of the Epochalypse, update the Sky Warden shadow-ledger, and claim Genome Helmet of the Dawnshield Covenant."
SW-PG-013,1,"Receive the operation directly from Torinn Rhogar and confirm that the adversary is The Order of the Epochalypse, specifically The Oathless Wing under Prelate Iovara Mneme."
SW-PG-013,2,"Enter Skyship Hangar, locate three traces of The Order of the Epochalypse activity, and stabilize the evidence before the evolving oath-masks that copy Sky Warden voices, ranks, and command gestures can corrupt the scene."
SW-PG-013,3,"Push into Aether Thruster Bay and breach the Order cell’s fortified position and destroy its command focus, using the encounter rule set: shielded ritual captains, breach lanes, and chronal artillery windows."
SW-PG-013,4,"Confront an operative, construct, or lieutenant-proxy from The Oathless Wing, prevent the failure state where the cell will scatter to a harder future encounter, and extract the Order cipher intact."
SW-PG-013,5,"Return to Torinn Rhogar, deliver the sealed proof against The Order of the Epochalypse, update the Sky Warden shadow-ledger, and claim Chimera Chest of the Dawnshield Covenant."
SW-PG-014,1,"Receive the operation directly from Torinn Rhogar and confirm that the adversary is The Order of the Epochalypse, specifically The Oathless Wing under Prelate Iovara Mneme."
SW-PG-014,2,"Enter Aether Thruster Bay, locate three traces of The Order of the Epochalypse activity, and stabilize the evidence before the evolving oath-masks that copy Sky Warden voices, ranks, and command gestures can corrupt the scene."
SW-PG-014,3,"Push into Aerie Infirmary Spire and clear a multi-room Order facility, defeat its elite custodian, and recover the sealed proof, using the encounter rule set: three chambers, one era-lock puzzle, one elite Order custodian, and a final proof vault."
SW-PG-014,4,"Confront an operative, construct, or lieutenant-proxy from The Oathless Wing, prevent the failure state where the facility will lock itself one hour outside normal time, and extract the Order cipher intact."
SW-PG-014,5,"Return to Torinn Rhogar, deliver the sealed proof against The Order of the Epochalypse, update the Sky Warden shadow-ledger, and claim Evolution Gauntlets of the Dawnshield Covenant."
SW-PG-015,1,"Receive the operation directly from Torinn Rhogar and confirm that the adversary is The Order of the Epochalypse, specifically The Oathless Wing under Prelate Iovara Mneme."
SW-PG-015,2,"Enter Aerie Infirmary Spire, locate three traces of The Order of the Epochalypse activity, and stabilize the evidence before the evolving oath-masks that copy Sky Warden voices, ranks, and command gestures can corrupt the scene."
SW-PG-015,3,"Push into Cloud Barracks and extract captured Sky Wardens or witnesses before their timelines are rewritten, using the encounter rule set: moving prisoners, fake rescue signals, and Order voice-mask decoys."
SW-PG-015,4,"Return to Torinn Rhogar, deliver the sealed proof against The Order of the Epochalypse, update the Sky Warden shadow-ledger, and claim Carapace Boots of the Dawnshield Covenant."
SW-PG-016,1,"Receive the operation directly from Torinn Rhogar and confirm that the adversary is The Order of the Epochalypse, specifically The Oathless Wing under Prelate Iovara Mneme."
SW-PG-016,2,"Enter Cloud Barracks, locate three traces of The Order of the Epochalypse activity, and stabilize the evidence before the evolving oath-masks that copy Sky Warden voices, ranks, and command gestures can corrupt the scene."
SW-PG-016,3,"Push into Living Garden Deck and steal an Order ledger, chronal key, or black-oath cipher without triggering an era-lock, using the encounter rule set: stealth routes, rotating patrol years, alarm clocks, and optional evidence caches."
SW-PG-016,4,"Confront an operative, construct, or lieutenant-proxy from The Oathless Wing, prevent the failure state where the ledger will burn backward into an earlier year, and extract the Order cipher intact."
SW-PG-016,5,"Return to Torinn Rhogar, deliver the sealed proof against The Order of the Epochalypse, update the Sky Warden shadow-ledger, and claim Fang Ring of the Dawnshield Covenant."
SW-PG-017,1,"Receive the operation directly from Torinn Rhogar and confirm that the adversary is The Order of the Epochalypse, specifically The Oathless Wing under Prelate Iovara Mneme."
SW-PG-017,2,"Enter Living Garden Deck, locate three traces of The Order of the Epochalypse activity, and stabilize the evidence before the evolving oath-masks that copy Sky Warden voices, ranks, and command gestures can corrupt the scene."
SW-PG-017,3,"Push into Skyship Hangar and expose an Order sympathizer inside a council proceeding without breaking the alliance compact, using the encounter rule set: testimony sequencing, proof challenges, and Order plants trying to poison the record."
SW-PG-017,4,"Return to Torinn Rhogar, deliver the sealed proof against The Order of the Epochalypse, update the Sky Warden shadow-ledger, and claim Catalyst Amulet of the Dawnshield Covenant."
SW-PG-018,1,"Receive the operation directly from Torinn Rhogar and confirm that the adversary is The Order of the Epochalypse, specifically The Oathless Wing under Prelate Iovara Mneme."
SW-PG-018,2,"Enter Skyship Hangar, locate three traces of The Order of the Epochalypse activity, and stabilize the evidence before the evolving oath-masks that copy Sky Warden voices, ranks, and command gestures can corrupt the scene."
SW-PG-018,3,"Push into Aether Thruster Bay and solve an epochal lock whose answer changes unless the player stabilizes the present moment, using the encounter rule set: time-locked mechanisms, mirrored symbols, and present-tense anchors."
SW-PG-018,4,"Confront an operative, construct, or lieutenant-proxy from The Oathless Wing, prevent the failure state where the lock will reset the room to a hostile past configuration, and extract the Order cipher intact."
SW-PG-018,5,"Return to Torinn Rhogar, deliver the sealed proof against The Order of the Epochalypse, update the Sky Warden shadow-ledger, and claim Apex Cloak of the Dawnshield Covenant."
SW-PG-019,1,"Receive the operation directly from Torinn Rhogar and confirm that the adversary is The Order of the Epochalypse, specifically The Oathless Wing under Prelate Iovara Mneme."
SW-PG-019,2,"Enter Aether Thruster Bay, locate three traces of The Order of the Epochalypse activity, and stabilize the evidence before the evolving oath-masks that copy Sky Warden voices, ranks, and command gestures can corrupt the scene."
SW-PG-019,3,"Push into Aerie Infirmary Spire and move a living witness, ship core, or oath archive through Order interdiction lanes, using the encounter rule set: route hazards, ambush windows, and temporal drag on the protected target."
SW-PG-019,4,"Return to Torinn Rhogar, deliver the sealed proof against The Order of the Epochalypse, update the Sky Warden shadow-ledger, and claim Data-Beast Relic of the Dawnshield Covenant."
SW-PG-020,1,"Receive the operation directly from Torinn Rhogar and confirm that the adversary is The Order of the Epochalypse, specifically The Oathless Wing under Prelate Iovara Mneme."
SW-PG-020,2,"Enter Aerie Infirmary Spire, locate three traces of The Order of the Epochalypse activity, and stabilize the evidence before the evolving oath-masks that copy Sky Warden voices, ranks, and command gestures can corrupt the scene."
SW-PG-020,3,"Push into Cloud Barracks and defeat an empowered boss echo reconstructed by the Order from stolen postwar memory, using the encounter rule set: empowered boss patterns, Order glyph shields, and phase changes based on stolen memories."
SW-PG-020,4,"Confront an operative, construct, or lieutenant-proxy from The Oathless Wing, prevent the failure state where the echo will imprint itself into the next Order cell, and extract the Order cipher intact."
SW-PG-020,5,"Return to Torinn Rhogar, deliver the sealed proof against The Order of the Epochalypse, update the Sky Warden shadow-ledger, and claim Ascendancy Prime Instrument of the Sky Wardens."
SW-PG-021,1,"Receive the operation directly from Torinn Rhogar and confirm that the adversary is The Order of the Epochalypse, specifically The Backward Bell Choir under Cantor Selven Thrice."
SW-PG-021,2,"Enter Resonant Peaks, locate three traces of The Order of the Epochalypse activity, and stabilize the evidence before the choral war-signals that make pilots hear the wrong era of the battlefield can corrupt the scene."
SW-PG-021,3,"Push into Sonic Badlands and build a verified evidence chain before the Order can redact the scene, using the encounter rule set: redaction fog, witness contradictions, and evidence nodes that decay unless stabilized."
SW-PG-021,4,"Return to Torinn Rhogar, deliver the sealed proof against The Order of the Epochalypse, update the Sky Warden shadow-ledger, and claim Bass Sovereign Armament of the Sky Wardens."
SW-PG-022,1,"Receive the operation directly from Torinn Rhogar and confirm that the adversary is The Order of the Epochalypse, specifically The Backward Bell Choir under Cantor Selven Thrice."
SW-PG-022,2,"Enter Sonic Badlands, locate three traces of The Order of the Epochalypse activity, and stabilize the evidence before the choral war-signals that make pilots hear the wrong era of the battlefield can corrupt the scene."
SW-PG-022,3,"Push into Rhyming Labyrinths and hold the line against Order epoch-raiders while civilians and ship systems evacuate, using the encounter rule set: wave pressure, breach timers, and Order time-flare pylons that accelerate enemy spawns."
SW-PG-022,4,"Return to Torinn Rhogar, deliver the sealed proof against The Order of the Epochalypse, update the Sky Warden shadow-ledger, and claim Tempo Helmet of the Dawnshield Covenant."
SW-PG-023,1,"Receive the operation directly from Torinn Rhogar and confirm that the adversary is The Order of the Epochalypse, specifically The Backward Bell Choir under Cantor Selven Thrice."
SW-PG-023,2,"Enter Rhyming Labyrinths, locate three traces of The Order of the Epochalypse activity, and stabilize the evidence before the choral war-signals that make pilots hear the wrong era of the battlefield can corrupt the scene."
SW-PG-023,3,"Push into Phonetic Wastes and breach the Order cell’s fortified position and destroy its command focus, using the encounter rule set: shielded ritual captains, breach lanes, and chronal artillery windows."
SW-PG-023,4,"Confront an operative, construct, or lieutenant-proxy from The Backward Bell Choir, prevent the failure state where the cell will scatter to a harder future encounter, and extract the Order cipher intact."
SW-PG-023,5,"Return to Torinn Rhogar, deliver the sealed proof against The Order of the Epochalypse, update the Sky Warden shadow-ledger, and claim Echo Chest of the Dawnshield Covenant."
SW-PG-024,1,"Receive the operation directly from Torinn Rhogar and confirm that the adversary is The Order of the Epochalypse, specifically The Backward Bell Choir under Cantor Selven Thrice."
SW-PG-024,2,"Enter Phonetic Wastes, locate three traces of The Order of the Epochalypse activity, and stabilize the evidence before the choral war-signals that make pilots hear the wrong era of the battlefield can corrupt the scene."
SW-PG-024,3,"Push into Whispering Glade and clear a multi-room Order facility, defeat its elite custodian, and recover the sealed proof, using the encounter rule set: three chambers, one era-lock puzzle, one elite Order custodian, and a final proof vault."
SW-PG-024,4,"Confront an operative, construct, or lieutenant-proxy from The Backward Bell Choir, prevent the failure state where the facility will lock itself one hour outside normal time, and extract the Order cipher intact."
SW-PG-024,5,"Return to Torinn Rhogar, deliver the sealed proof against The Order of the Epochalypse, update the Sky Warden shadow-ledger, and claim Frequency Gauntlets of the Dawnshield Covenant."
SW-PG-025,1,"Receive the operation directly from Torinn Rhogar and confirm that the adversary is The Order of the Epochalypse, specifically The Backward Bell Choir under Cantor Selven Thrice."
SW-PG-025,2,"Enter Whispering Glade, locate three traces of The Order of the Epochalypse activity, and stabilize the evidence before the choral war-signals that make pilots hear the wrong era of the battlefield can corrupt the scene."
SW-PG-025,3,"Push into Resonant Peaks and extract captured Sky Wardens or witnesses before their timelines are rewritten, using the encounter rule set: moving prisoners, fake rescue signals, and Order voice-mask decoys."
SW-PG-025,4,"Return to Torinn Rhogar, deliver the sealed proof against The Order of the Epochalypse, update the Sky Warden shadow-ledger, and claim Metronome Boots of the Dawnshield Covenant."
SW-PG-026,1,"Receive the operation directly from Torinn Rhogar and confirm that the adversary is The Order of the Epochalypse, specifically The Backward Bell Choir under Cantor Selven Thrice."
SW-PG-026,2,"Enter Resonant Peaks, locate three traces of The Order of the Epochalypse activity, and stabilize the evidence before the choral war-signals that make pilots hear the wrong era of the battlefield can corrupt the scene."
SW-PG-026,3,"Push into Sonic Badlands and steal an Order ledger, chronal key, or black-oath cipher without triggering an era-lock, using the encounter rule set: stealth routes, rotating patrol years, alarm clocks, and optional evidence caches."
SW-PG-026,4,"Confront an operative, construct, or lieutenant-proxy from The Backward Bell Choir, prevent the failure state where the ledger will burn backward into an earlier year, and extract the Order cipher intact."
SW-PG-026,5,"Return to Torinn Rhogar, deliver the sealed proof against The Order of the Epochalypse, update the Sky Warden shadow-ledger, and claim Sub-Harmonic Ring of the Dawnshield Covenant."
SW-PG-027,1,"Receive the operation directly from Torinn Rhogar and confirm that the adversary is The Order of the Epochalypse, specifically The Backward Bell Choir under Cantor Selven Thrice."
SW-PG-027,2,"Enter Sonic Badlands, locate three traces of The Order of the Epochalypse activity, and stabilize the evidence before the choral war-signals that make pilots hear the wrong era of the battlefield can corrupt the scene."
SW-PG-027,3,"Push into Rhyming Labyrinths and expose an Order sympathizer inside a council proceeding without breaking the alliance compact, using the encounter rule set: testimony sequencing, proof challenges, and Order plants trying to poison the record."
SW-PG-027,4,"Return to Torinn Rhogar, deliver the sealed proof against The Order of the Epochalypse, update the Sky Warden shadow-ledger, and claim Chord Amulet of the Dawnshield Covenant."
SW-PG-028,1,"Receive the operation directly from Torinn Rhogar and confirm that the adversary is The Order of the Epochalypse, specifically The Backward Bell Choir under Cantor Selven Thrice."
SW-PG-028,2,"Enter Rhyming Labyrinths, locate three traces of The Order of the Epochalypse activity, and stabilize the evidence before the choral war-signals that make pilots hear the wrong era of the battlefield can corrupt the scene."
SW-PG-028,3,"Push into Phonetic Wastes and solve an epochal lock whose answer changes unless the player stabilizes the present moment, using the encounter rule set: time-locked mechanisms, mirrored symbols, and present-tense anchors."
SW-PG-028,4,"Confront an operative, construct, or lieutenant-proxy from The Backward Bell Choir, prevent the failure state where the lock will reset the room to a hostile past configuration, and extract the Order cipher intact."
SW-PG-028,5,"Return to Torinn Rhogar, deliver the sealed proof against The Order of the Epochalypse, update the Sky Warden shadow-ledger, and claim Soundscape Cloak of the Dawnshield Covenant."
SW-PG-029,1,"Receive the operation directly from Torinn Rhogar and confirm that the adversary is The Order of the Epochalypse, specifically The Backward Bell Choir under Cantor Selven Thrice."
SW-PG-029,2,"Enter Phonetic Wastes, locate three traces of The Order of the Epochalypse activity, and stabilize the evidence before the choral war-signals that make pilots hear the wrong era of the battlefield can corrupt the scene."
SW-PG-029,3,"Push into Whispering Glade and move a living witness, ship core, or oath archive through Order interdiction lanes, using the encounter rule set: route hazards, ambush windows, and temporal drag on the protected target."
SW-PG-029,4,"Return to Torinn Rhogar, deliver the sealed proof against The Order of the Epochalypse, update the Sky Warden shadow-ledger, and claim Festival Relic of the Dawnshield Covenant."
SW-PG-030,1,"Receive the operation directly from Torinn Rhogar and confirm that the adversary is The Order of the Epochalypse, specifically The Backward Bell Choir under Cantor Selven Thrice."
SW-PG-030,2,"Enter Whispering Glade, locate three traces of The Order of the Epochalypse activity, and stabilize the evidence before the choral war-signals that make pilots hear the wrong era of the battlefield can corrupt the scene."
SW-PG-030,3,"Push into Resonant Peaks and defeat an empowered boss echo reconstructed by the Order from stolen postwar memory, using the encounter rule set: empowered boss patterns, Order glyph shields, and phase changes based on stolen memories."
SW-PG-030,4,"Confront an operative, construct, or lieutenant-proxy from The Backward Bell Choir, prevent the failure state where the echo will imprint itself into the next Order cell, and extract the Order cipher intact."
SW-PG-030,5,"Return to Torinn Rhogar, deliver the sealed proof against The Order of the Epochalypse, update the Sky Warden shadow-ledger, and claim Resonance Prime Instrument of the Sky Wardens."
SW-PG-031,1,"Receive the operation directly from Torinn Rhogar and confirm that the adversary is The Order of the Epochalypse, specifically The Leash-Cutter Lodge under Handler-Magister Korr Veyth."
SW-PG-031,2,"Enter Sparrowhook Flight Lane, locate three traces of The Order of the Epochalypse activity, and stabilize the evidence before the anti-pack sigils that turn loyal escorts into isolated targets can corrupt the scene."
SW-PG-031,3,"Push into Tempest Frigate Deck and build a verified evidence chain before the Order can redact the scene, using the encounter rule set: redaction fog, witness contradictions, and evidence nodes that decay unless stabilized."
SW-PG-031,4,"Return to Torinn Rhogar, deliver the sealed proof against The Order of the Epochalypse, update the Sky Warden shadow-ledger, and claim Hound Sovereign Armament of the Sky Wardens."
SW-PG-032,1,"Receive the operation directly from Torinn Rhogar and confirm that the adversary is The Order of the Epochalypse, specifically The Leash-Cutter Lodge under Handler-Magister Korr Veyth."
SW-PG-032,2,"Enter Tempest Frigate Deck, locate three traces of The Order of the Epochalypse activity, and stabilize the evidence before the anti-pack sigils that turn loyal escorts into isolated targets can corrupt the scene."
SW-PG-032,3,"Push into Stormglass Carrier Bay and hold the line against Order epoch-raiders while civilians and ship systems evacuate, using the encounter rule set: wave pressure, breach timers, and Order time-flare pylons that accelerate enemy spawns."
SW-PG-032,4,"Return to Torinn Rhogar, deliver the sealed proof against The Order of the Epochalypse, update the Sky Warden shadow-ledger, and claim Alpha Helmet of the Dawnshield Covenant."
SW-PG-033,1,"Receive the operation directly from Torinn Rhogar and confirm that the adversary is The Order of the Epochalypse, specifically The Leash-Cutter Lodge under Handler-Magister Korr Veyth."
SW-PG-033,2,"Enter Stormglass Carrier Bay, locate three traces of The Order of the Epochalypse activity, and stabilize the evidence before the anti-pack sigils that turn loyal escorts into isolated targets can corrupt the scene."
SW-PG-033,3,"Push into Warden Horizon Command Ark and breach the Order cell’s fortified position and destroy its command focus, using the encounter rule set: shielded ritual captains, breach lanes, and chronal artillery windows."
SW-PG-033,4,"Confront an operative, construct, or lieutenant-proxy from The Leash-Cutter Lodge, prevent the failure state where the cell will scatter to a harder future encounter, and extract the Order cipher intact."
SW-PG-033,5,"Return to Torinn Rhogar, deliver the sealed proof against The Order of the Epochalypse, update the Sky Warden shadow-ledger, and claim Pack Chest of the Dawnshield Covenant."
SW-PG-034,1,"Receive the operation directly from Torinn Rhogar and confirm that the adversary is The Order of the Epochalypse, specifically The Leash-Cutter Lodge under Handler-Magister Korr Veyth."
SW-PG-034,2,"Enter Warden Horizon Command Ark, locate three traces of The Order of the Epochalypse activity, and stabilize the evidence before the anti-pack sigils that turn loyal escorts into isolated targets can corrupt the scene."
SW-PG-034,3,"Push into Aerie Kennel Deck and clear a multi-room Order facility, defeat its elite custodian, and recover the sealed proof, using the encounter rule set: three chambers, one era-lock puzzle, one elite Order custodian, and a final proof vault."
SW-PG-034,4,"Confront an operative, construct, or lieutenant-proxy from The Leash-Cutter Lodge, prevent the failure state where the facility will lock itself one hour outside normal time, and extract the Order cipher intact."
SW-PG-034,5,"Return to Torinn Rhogar, deliver the sealed proof against The Order of the Epochalypse, update the Sky Warden shadow-ledger, and claim Latch Gauntlets of the Dawnshield Covenant."
SW-PG-035,1,"Receive the operation directly from Torinn Rhogar and confirm that the adversary is The Order of the Epochalypse, specifically The Leash-Cutter Lodge under Handler-Magister Korr Veyth."
SW-PG-035,2,"Enter Aerie Kennel Deck, locate three traces of The Order of the Epochalypse activity, and stabilize the evidence before the anti-pack sigils that turn loyal escorts into isolated targets can corrupt the scene."
SW-PG-035,3,"Push into Sparrowhook Flight Lane and extract captured Sky Wardens or witnesses before their timelines are rewritten, using the encounter rule set: moving prisoners, fake rescue signals, and Order voice-mask decoys."
SW-PG-035,4,"Return to Torinn Rhogar, deliver the sealed proof against The Order of the Epochalypse, update the Sky Warden shadow-ledger, and claim Den Boots of the Dawnshield Covenant."
SW-PG-036,1,"Receive the operation directly from Torinn Rhogar and confirm that the adversary is The Order of the Epochalypse, specifically The Leash-Cutter Lodge under Handler-Magister Korr Veyth."
SW-PG-036,2,"Enter Sparrowhook Flight Lane, locate three traces of The Order of the Epochalypse activity, and stabilize the evidence before the anti-pack sigils that turn loyal escorts into isolated targets can corrupt the scene."
SW-PG-036,3,"Push into Tempest Frigate Deck and steal an Order ledger, chronal key, or black-oath cipher without triggering an era-lock, using the encounter rule set: stealth routes, rotating patrol years, alarm clocks, and optional evidence caches."
SW-PG-036,4,"Confront an operative, construct, or lieutenant-proxy from The Leash-Cutter Lodge, prevent the failure state where the ledger will burn backward into an earlier year, and extract the Order cipher intact."
SW-PG-036,5,"Return to Torinn Rhogar, deliver the sealed proof against The Order of the Epochalypse, update the Sky Warden shadow-ledger, and claim Fang Ring of the Dawnshield Covenant."
SW-PG-037,1,"Receive the operation directly from Torinn Rhogar and confirm that the adversary is The Order of the Epochalypse, specifically The Leash-Cutter Lodge under Handler-Magister Korr Veyth."
SW-PG-037,2,"Enter Tempest Frigate Deck, locate three traces of The Order of the Epochalypse activity, and stabilize the evidence before the anti-pack sigils that turn loyal escorts into isolated targets can corrupt the scene."
SW-PG-037,3,"Push into Stormglass Carrier Bay and expose an Order sympathizer inside a council proceeding without breaking the alliance compact, using the encounter rule set: testimony sequencing, proof challenges, and Order plants trying to poison the record."
SW-PG-037,4,"Return to Torinn Rhogar, deliver the sealed proof against The Order of the Epochalypse, update the Sky Warden shadow-ledger, and claim Companion Amulet of the Dawnshield Covenant."
SW-PG-038,1,"Receive the operation directly from Torinn Rhogar and confirm that the adversary is The Order of the Epochalypse, specifically The Leash-Cutter Lodge under Handler-Magister Korr Veyth."
SW-PG-038,2,"Enter Stormglass Carrier Bay, locate three traces of The Order of the Epochalypse activity, and stabilize the evidence before the anti-pack sigils that turn loyal escorts into isolated targets can corrupt the scene."
SW-PG-038,3,"Push into Warden Horizon Command Ark and solve an epochal lock whose answer changes unless the player stabilizes the present moment, using the encounter rule set: time-locked mechanisms, mirrored symbols, and present-tense anchors."
SW-PG-038,4,"Confront an operative, construct, or lieutenant-proxy from The Leash-Cutter Lodge, prevent the failure state where the lock will reset the room to a hostile past configuration, and extract the Order cipher intact."
SW-PG-038,5,"Return to Torinn Rhogar, deliver the sealed proof against The Order of the Epochalypse, update the Sky Warden shadow-ledger, and claim Kennel Cloak of the Dawnshield Covenant."
SW-PG-039,1,"Receive the operation directly from Torinn Rhogar and confirm that the adversary is The Order of the Epochalypse, specifically The Leash-Cutter Lodge under Handler-Magister Korr Veyth."
SW-PG-039,2,"Enter Warden Horizon Command Ark, locate three traces of The Order of the Epochalypse activity, and stabilize the evidence before the anti-pack sigils that turn loyal escorts into isolated targets can corrupt the scene."
SW-PG-039,3,"Push into Aerie Kennel Deck and move a living witness, ship core, or oath archive through Order interdiction lanes, using the encounter rule set: route hazards, ambush windows, and temporal drag on the protected target."
SW-PG-039,4,"Return to Torinn Rhogar, deliver the sealed proof against The Order of the Epochalypse, update the Sky Warden shadow-ledger, and claim Stampede Relic of the Dawnshield Covenant."
SW-PG-040,1,"Receive the operation directly from Torinn Rhogar and confirm that the adversary is The Order of the Epochalypse, specifically The Leash-Cutter Lodge under Handler-Magister Korr Veyth."
SW-PG-040,2,"Enter Aerie Kennel Deck, locate three traces of The Order of the Epochalypse activity, and stabilize the evidence before the anti-pack sigils that turn loyal escorts into isolated targets can corrupt the scene."
SW-PG-040,3,"Push into Sparrowhook Flight Lane and defeat an empowered boss echo reconstructed by the Order from stolen postwar memory, using the encounter rule set: empowered boss patterns, Order glyph shields, and phase changes based on stolen memories."
SW-PG-040,4,"Confront an operative, construct, or lieutenant-proxy from The Leash-Cutter Lodge, prevent the failure state where the echo will imprint itself into the next Order cell, and extract the Order cipher intact."
SW-PG-040,5,"Return to Torinn Rhogar, deliver the sealed proof against The Order of the Epochalypse, update the Sky Warden shadow-ledger, and claim Command Prime Instrument of the Sky Wardens."
SW-PG-041,1,"Receive the operation directly from Torinn Rhogar and confirm that the adversary is The Order of the Epochalypse, specifically The Hundredth Horizon under Admiral Othane Nullwake."
SW-PG-041,2,"Enter Orbital Tether Station, locate three traces of The Order of the Epochalypse activity, and stabilize the evidence before the zero-gravity century mines that desynchronize ship crews from their own orders can corrupt the scene."
SW-PG-041,3,"Push into Lunar Readiness Base and build a verified evidence chain before the Order can redact the scene, using the encounter rule set: redaction fog, witness contradictions, and evidence nodes that decay unless stabilized."
SW-PG-041,4,"Return to Torinn Rhogar, deliver the sealed proof against The Order of the Epochalypse, update the Sky Warden shadow-ledger, and claim Zero-G Sovereign Armament of the Sky Wardens."
SW-PG-042,1,"Receive the operation directly from Torinn Rhogar and confirm that the adversary is The Order of the Epochalypse, specifically The Hundredth Horizon under Admiral Othane Nullwake."
SW-PG-042,2,"Enter Lunar Readiness Base, locate three traces of The Order of the Epochalypse activity, and stabilize the evidence before the zero-gravity century mines that desynchronize ship crews from their own orders can corrupt the scene."
SW-PG-042,3,"Push into Planet Defense Perimeter and hold the line against Order epoch-raiders while civilians and ship systems evacuate, using the encounter rule set: wave pressure, breach timers, and Order time-flare pylons that accelerate enemy spawns."
SW-PG-042,4,"Return to Torinn Rhogar, deliver the sealed proof against The Order of the Epochalypse, update the Sky Warden shadow-ledger, and claim Orbit Helmet of the Dawnshield Covenant."
SW-PG-043,1,"Receive the operation directly from Torinn Rhogar and confirm that the adversary is The Order of the Epochalypse, specifically The Hundredth Horizon under Admiral Othane Nullwake."
SW-PG-043,2,"Enter Planet Defense Perimeter, locate three traces of The Order of the Epochalypse activity, and stabilize the evidence before the zero-gravity century mines that desynchronize ship crews from their own orders can corrupt the scene."
SW-PG-043,3,"Push into Debris Crown and breach the Order cell’s fortified position and destroy its command focus, using the encounter rule set: shielded ritual captains, breach lanes, and chronal artillery windows."
SW-PG-043,4,"Confront an operative, construct, or lieutenant-proxy from The Hundredth Horizon, prevent the failure state where the cell will scatter to a harder future encounter, and extract the Order cipher intact."
SW-PG-043,5,"Return to Torinn Rhogar, deliver the sealed proof against The Order of the Epochalypse, update the Sky Warden shadow-ledger, and claim Thruster Chest of the Dawnshield Covenant."
SW-PG-044,1,"Receive the operation directly from Torinn Rhogar and confirm that the adversary is The Order of the Epochalypse, specifically The Hundredth Horizon under Admiral Othane Nullwake."
SW-PG-044,2,"Enter Debris Crown, locate three traces of The Order of the Epochalypse activity, and stabilize the evidence before the zero-gravity century mines that desynchronize ship crews from their own orders can corrupt the scene."
SW-PG-044,3,"Push into Shattered Solar Array and clear a multi-room Order facility, defeat its elite custodian, and recover the sealed proof, using the encounter rule set: three chambers, one era-lock puzzle, one elite Order custodian, and a final proof vault."
SW-PG-044,4,"Confront an operative, construct, or lieutenant-proxy from The Hundredth Horizon, prevent the failure state where the facility will lock itself one hour outside normal time, and extract the Order cipher intact."
SW-PG-044,5,"Return to Torinn Rhogar, deliver the sealed proof against The Order of the Epochalypse, update the Sky Warden shadow-ledger, and claim Singularity Gauntlets of the Dawnshield Covenant."
SW-PG-045,1,"Receive the operation directly from Torinn Rhogar and confirm that the adversary is The Order of the Epochalypse, specifically The Hundredth Horizon under Admiral Othane Nullwake."
SW-PG-045,2,"Enter Shattered Solar Array, locate three traces of The Order of the Epochalypse activity, and stabilize the evidence before the zero-gravity century mines that desynchronize ship crews from their own orders can corrupt the scene."
SW-PG-045,3,"Push into Orbital Tether Station and extract captured Sky Wardens or witnesses before their timelines are rewritten, using the encounter rule set: moving prisoners, fake rescue signals, and Order voice-mask decoys."
SW-PG-045,4,"Return to Torinn Rhogar, deliver the sealed proof against The Order of the Epochalypse, update the Sky Warden shadow-ledger, and claim Meteor Boots of the Dawnshield Covenant."
SW-PG-046,1,"Receive the operation directly from Torinn Rhogar and confirm that the adversary is The Order of the Epochalypse, specifically The Hundredth Horizon under Admiral Othane Nullwake."
SW-PG-046,2,"Enter Orbital Tether Station, locate three traces of The Order of the Epochalypse activity, and stabilize the evidence before the zero-gravity century mines that desynchronize ship crews from their own orders can corrupt the scene."
SW-PG-046,3,"Push into Lunar Readiness Base and steal an Order ledger, chronal key, or black-oath cipher without triggering an era-lock, using the encounter rule set: stealth routes, rotating patrol years, alarm clocks, and optional evidence caches."
SW-PG-046,4,"Confront an operative, construct, or lieutenant-proxy from The Hundredth Horizon, prevent the failure state where the ledger will burn backward into an earlier year, and extract the Order cipher intact."
SW-PG-046,5,"Return to Torinn Rhogar, deliver the sealed proof against The Order of the Epochalypse, update the Sky Warden shadow-ledger, and claim Exosphere Ring of the Dawnshield Covenant."
SW-PG-047,1,"Receive the operation directly from Torinn Rhogar and confirm that the adversary is The Order of the Epochalypse, specifically The Hundredth Horizon under Admiral Othane Nullwake."
SW-PG-047,2,"Enter Lunar Readiness Base, locate three traces of The Order of the Epochalypse activity, and stabilize the evidence before the zero-gravity century mines that desynchronize ship crews from their own orders can corrupt the scene."
SW-PG-047,3,"Push into Planet Defense Perimeter and expose an Order sympathizer inside a council proceeding without breaking the alliance compact, using the encounter rule set: testimony sequencing, proof challenges, and Order plants trying to poison the record."
SW-PG-047,4,"Return to Torinn Rhogar, deliver the sealed proof against The Order of the Epochalypse, update the Sky Warden shadow-ledger, and claim Altitude Amulet of the Dawnshield Covenant."
SW-PG-048,1,"Receive the operation directly from Torinn Rhogar and confirm that the adversary is The Order of the Epochalypse, specifically The Hundredth Horizon under Admiral Othane Nullwake."
SW-PG-048,2,"Enter Planet Defense Perimeter, locate three traces of The Order of the Epochalypse activity, and stabilize the evidence before the zero-gravity century mines that desynchronize ship crews from their own orders can corrupt the scene."
SW-PG-048,3,"Push into Debris Crown and solve an epochal lock whose answer changes unless the player stabilizes the present moment, using the encounter rule set: time-locked mechanisms, mirrored symbols, and present-tense anchors."
SW-PG-048,4,"Confront an operative, construct, or lieutenant-proxy from The Hundredth Horizon, prevent the failure state where the lock will reset the room to a hostile past configuration, and extract the Order cipher intact."
SW-PG-048,5,"Return to Torinn Rhogar, deliver the sealed proof against The Order of the Epochalypse, update the Sky Warden shadow-ledger, and claim Starfall Cloak of the Dawnshield Covenant."
SW-PG-049,1,"Receive the operation directly from Torinn Rhogar and confirm that the adversary is The Order of the Epochalypse, specifically The Hundredth Horizon under Admiral Othane Nullwake."
SW-PG-049,2,"Enter Debris Crown, locate three traces of The Order of the Epochalypse activity, and stabilize the evidence before the zero-gravity century mines that desynchronize ship crews from their own orders can corrupt the scene."
SW-PG-049,3,"Push into Shattered Solar Array and move a living witness, ship core, or oath archive through Order interdiction lanes, using the encounter rule set: route hazards, ambush windows, and temporal drag on the protected target."
SW-PG-049,4,"Return to Torinn Rhogar, deliver the sealed proof against The Order of the Epochalypse, update the Sky Warden shadow-ledger, and claim Rod Relic of the Dawnshield Covenant."
SW-PG-050,1,"Receive the operation directly from Torinn Rhogar and confirm that the adversary is The Order of the Epochalypse, specifically The Hundredth Horizon under Admiral Othane Nullwake."
SW-PG-050,2,"Enter Shattered Solar Array, locate three traces of The Order of the Epochalypse activity, and stabilize the evidence before the zero-gravity century mines that desynchronize ship crews from their own orders can corrupt the scene."
SW-PG-050,3,"Push into Orbital Tether Station and defeat an empowered boss echo reconstructed by the Order from stolen postwar memory, using the encounter rule set: empowered boss patterns, Order glyph shields, and phase changes based on stolen memories."
SW-PG-050,4,"Confront an operative, construct, or lieutenant-proxy from The Hundredth Horizon, prevent the failure state where the echo will imprint itself into the next Order cell, and extract the Order cipher intact."
SW-PG-050,5,"Return to Torinn Rhogar, deliver the sealed proof against The Order of the Epochalypse, update the Sky Warden shadow-ledger, and claim Horizon Prime Instrument of the Sky Wardens."
SW-PG-051,1,"Receive the operation directly from Torinn Rhogar and confirm that the adversary is The Order of the Epochalypse, specifically The Rusted Calendar Syndic under Gear-Abbot Threx Halvrin."
SW-PG-051,2,"Enter Scrap-Yard Labyrinth, locate three traces of The Order of the Epochalypse activity, and stabilize the evidence before the scrap-clock bombs that wait for inventory transfer before waking can corrupt the scene."
SW-PG-051,3,"Push into Deprecated Repositories and build a verified evidence chain before the Order can redact the scene, using the encounter rule set: redaction fog, witness contradictions, and evidence nodes that decay unless stabilized."
SW-PG-051,4,"Return to Torinn Rhogar, deliver the sealed proof against The Order of the Epochalypse, update the Sky Warden shadow-ledger, and claim Magnet Sovereign Armament of the Sky Wardens."
SW-PG-052,1,"Receive the operation directly from Torinn Rhogar and confirm that the adversary is The Order of the Epochalypse, specifically The Rusted Calendar Syndic under Gear-Abbot Threx Halvrin."
SW-PG-052,2,"Enter Deprecated Repositories, locate three traces of The Order of the Epochalypse activity, and stabilize the evidence before the scrap-clock bombs that wait for inventory transfer before waking can corrupt the scene."
SW-PG-052,3,"Push into EPI-Center and hold the line against Order epoch-raiders while civilians and ship systems evacuate, using the encounter rule set: wave pressure, breach timers, and Order time-flare pylons that accelerate enemy spawns."
SW-PG-052,4,"Return to Torinn Rhogar, deliver the sealed proof against The Order of the Epochalypse, update the Sky Warden shadow-ledger, and claim Junkyard Helmet of the Dawnshield Covenant."
SW-PG-053,1,"Receive the operation directly from Torinn Rhogar and confirm that the adversary is The Order of the Epochalypse, specifically The Rusted Calendar Syndic under Gear-Abbot Threx Halvrin."
SW-PG-053,2,"Enter EPI-Center, locate three traces of The Order of the Epochalypse activity, and stabilize the evidence before the scrap-clock bombs that wait for inventory transfer before waking can corrupt the scene."
SW-PG-053,3,"Push into Marlowe Editing Protocol and breach the Order cell’s fortified position and destroy its command focus, using the encounter rule set: shielded ritual captains, breach lanes, and chronal artillery windows."
SW-PG-053,4,"Confront an operative, construct, or lieutenant-proxy from The Rusted Calendar Syndic, prevent the failure state where the cell will scatter to a harder future encounter, and extract the Order cipher intact."
SW-PG-053,5,"Return to Torinn Rhogar, deliver the sealed proof against The Order of the Epochalypse, update the Sky Warden shadow-ledger, and claim Tether Chest of the Dawnshield Covenant."
SW-PG-054,1,"Receive the operation directly from Torinn Rhogar and confirm that the adversary is The Order of the Epochalypse, specifically The Rusted Calendar Syndic under Gear-Abbot Threx Halvrin."
SW-PG-054,2,"Enter Marlowe Editing Protocol, locate three traces of The Order of the Epochalypse activity, and stabilize the evidence before the scrap-clock bombs that wait for inventory transfer before waking can corrupt the scene."
SW-PG-054,3,"Push into Skyship Salvage Ring and clear a multi-room Order facility, defeat its elite custodian, and recover the sealed proof, using the encounter rule set: three chambers, one era-lock puzzle, one elite Order custodian, and a final proof vault."
SW-PG-054,4,"Confront an operative, construct, or lieutenant-proxy from The Rusted Calendar Syndic, prevent the failure state where the facility will lock itself one hour outside normal time, and extract the Order cipher intact."
SW-PG-054,5,"Return to Torinn Rhogar, deliver the sealed proof against The Order of the Epochalypse, update the Sky Warden shadow-ledger, and claim Overclock Gauntlets of the Dawnshield Covenant."
SW-PG-055,1,"Receive the operation directly from Torinn Rhogar and confirm that the adversary is The Order of the Epochalypse, specifically The Rusted Calendar Syndic under Gear-Abbot Threx Halvrin."
SW-PG-055,2,"Enter Skyship Salvage Ring, locate three traces of The Order of the Epochalypse activity, and stabilize the evidence before the scrap-clock bombs that wait for inventory transfer before waking can corrupt the scene."
SW-PG-055,3,"Push into Scrap-Yard Labyrinth and extract captured Sky Wardens or witnesses before their timelines are rewritten, using the encounter rule set: moving prisoners, fake rescue signals, and Order voice-mask decoys."
SW-PG-055,4,"Return to Torinn Rhogar, deliver the sealed proof against The Order of the Epochalypse, update the Sky Warden shadow-ledger, and claim EMP Boots of the Dawnshield Covenant."
SW-PG-056,1,"Receive the operation directly from Torinn Rhogar and confirm that the adversary is The Order of the Epochalypse, specifically The Rusted Calendar Syndic under Gear-Abbot Threx Halvrin."
SW-PG-056,2,"Enter Scrap-Yard Labyrinth, locate three traces of The Order of the Epochalypse activity, and stabilize the evidence before the scrap-clock bombs that wait for inventory transfer before waking can corrupt the scene."
SW-PG-056,3,"Push into Deprecated Repositories and steal an Order ledger, chronal key, or black-oath cipher without triggering an era-lock, using the encounter rule set: stealth routes, rotating patrol years, alarm clocks, and optional evidence caches."
SW-PG-056,4,"Confront an operative, construct, or lieutenant-proxy from The Rusted Calendar Syndic, prevent the failure state where the ledger will burn backward into an earlier year, and extract the Order cipher intact."
SW-PG-056,5,"Return to Torinn Rhogar, deliver the sealed proof against The Order of the Epochalypse, update the Sky Warden shadow-ledger, and claim Piston Ring of the Dawnshield Covenant."
SW-PG-057,1,"Receive the operation directly from Torinn Rhogar and confirm that the adversary is The Order of the Epochalypse, specifically The Rusted Calendar Syndic under Gear-Abbot Threx Halvrin."
SW-PG-057,2,"Enter Deprecated Repositories, locate three traces of The Order of the Epochalypse activity, and stabilize the evidence before the scrap-clock bombs that wait for inventory transfer before waking can corrupt the scene."
SW-PG-057,3,"Push into EPI-Center and expose an Order sympathizer inside a council proceeding without breaking the alliance compact, using the encounter rule set: testimony sequencing, proof challenges, and Order plants trying to poison the record."
SW-PG-057,4,"Return to Torinn Rhogar, deliver the sealed proof against The Order of the Epochalypse, update the Sky Warden shadow-ledger, and claim Salvage Amulet of the Dawnshield Covenant."
SW-PG-058,1,"Receive the operation directly from Torinn Rhogar and confirm that the adversary is The Order of the Epochalypse, specifically The Rusted Calendar Syndic under Gear-Abbot Threx Halvrin."
SW-PG-058,2,"Enter EPI-Center, locate three traces of The Order of the Epochalypse activity, and stabilize the evidence before the scrap-clock bombs that wait for inventory transfer before waking can corrupt the scene."
SW-PG-058,3,"Push into Marlowe Editing Protocol and solve an epochal lock whose answer changes unless the player stabilizes the present moment, using the encounter rule set: time-locked mechanisms, mirrored symbols, and present-tense anchors."
SW-PG-058,4,"Confront an operative, construct, or lieutenant-proxy from The Rusted Calendar Syndic, prevent the failure state where the lock will reset the room to a hostile past configuration, and extract the Order cipher intact."
SW-PG-058,5,"Return to Torinn Rhogar, deliver the sealed proof against The Order of the Epochalypse, update the Sky Warden shadow-ledger, and claim Turret Cloak of the Dawnshield Covenant."
SW-PG-059,1,"Receive the operation directly from Torinn Rhogar and confirm that the adversary is The Order of the Epochalypse, specifically The Rusted Calendar Syndic under Gear-Abbot Threx Halvrin."
SW-PG-059,2,"Enter Marlowe Editing Protocol, locate three traces of The Order of the Epochalypse activity, and stabilize the evidence before the scrap-clock bombs that wait for inventory transfer before waking can corrupt the scene."
SW-PG-059,3,"Push into Skyship Salvage Ring and move a living witness, ship core, or oath archive through Order interdiction lanes, using the encounter rule set: route hazards, ambush windows, and temporal drag on the protected target."
SW-PG-059,4,"Return to Torinn Rhogar, deliver the sealed proof against The Order of the Epochalypse, update the Sky Warden shadow-ledger, and claim Shrapnel Relic of the Dawnshield Covenant."
SW-PG-060,1,"Receive the operation directly from Torinn Rhogar and confirm that the adversary is The Order of the Epochalypse, specifically The Rusted Calendar Syndic under Gear-Abbot Threx Halvrin."
SW-PG-060,2,"Enter Skyship Salvage Ring, locate three traces of The Order of the Epochalypse activity, and stabilize the evidence before the scrap-clock bombs that wait for inventory transfer before waking can corrupt the scene."
SW-PG-060,3,"Push into Scrap-Yard Labyrinth and defeat an empowered boss echo reconstructed by the Order from stolen postwar memory, using the encounter rule set: empowered boss patterns, Order glyph shields, and phase changes based on stolen memories."
SW-PG-060,4,"Confront an operative, construct, or lieutenant-proxy from The Rusted Calendar Syndic, prevent the failure state where the echo will imprint itself into the next Order cell, and extract the Order cipher intact."
SW-PG-060,5,"Return to Torinn Rhogar, deliver the sealed proof against The Order of the Epochalypse, update the Sky Warden shadow-ledger, and claim Mech Prime Instrument of the Sky Wardens."
SW-PG-061,1,"Receive the operation directly from Torinn Rhogar and confirm that the adversary is The Order of the Epochalypse, specifically The Era-Break Bastion under Marshal Gravan Epoch-Maul."
SW-PG-061,2,"Enter Planet Defense Perimeter, locate three traces of The Order of the Epochalypse activity, and stabilize the evidence before the era-weight barricades that grow heavier each time they are struck can corrupt the scene."
SW-PG-061,3,"Push into Raid-Rush Choke Points and build a verified evidence chain before the Order can redact the scene, using the encounter rule set: redaction fog, witness contradictions, and evidence nodes that decay unless stabilized."
SW-PG-061,4,"Return to Torinn Rhogar, deliver the sealed proof against The Order of the Epochalypse, update the Sky Warden shadow-ledger, and claim Counterweight Sovereign Armament of the Sky Wardens."
SW-PG-062,1,"Receive the operation directly from Torinn Rhogar and confirm that the adversary is The Order of the Epochalypse, specifically The Era-Break Bastion under Marshal Gravan Epoch-Maul."
SW-PG-062,2,"Enter Raid-Rush Choke Points, locate three traces of The Order of the Epochalypse activity, and stabilize the evidence before the era-weight barricades that grow heavier each time they are struck can corrupt the scene."
SW-PG-062,3,"Push into Magma-Core Forges and hold the line against Order epoch-raiders while civilians and ship systems evacuate, using the encounter rule set: wave pressure, breach timers, and Order time-flare pylons that accelerate enemy spawns."
SW-PG-062,4,"Return to Torinn Rhogar, deliver the sealed proof against The Order of the Epochalypse, update the Sky Warden shadow-ledger, and claim Guard Helmet of the Dawnshield Covenant."
SW-PG-063,1,"Receive the operation directly from Torinn Rhogar and confirm that the adversary is The Order of the Epochalypse, specifically The Era-Break Bastion under Marshal Gravan Epoch-Maul."
SW-PG-063,2,"Enter Magma-Core Forges, locate three traces of The Order of the Epochalypse activity, and stabilize the evidence before the era-weight barricades that grow heavier each time they are struck can corrupt the scene."
SW-PG-063,3,"Push into Molten Forge and breach the Order cell’s fortified position and destroy its command focus, using the encounter rule set: shielded ritual captains, breach lanes, and chronal artillery windows."
SW-PG-063,4,"Confront an operative, construct, or lieutenant-proxy from The Era-Break Bastion, prevent the failure state where the cell will scatter to a harder future encounter, and extract the Order cipher intact."
SW-PG-063,5,"Return to Torinn Rhogar, deliver the sealed proof against The Order of the Epochalypse, update the Sky Warden shadow-ledger, and claim Haymaker Chest of the Dawnshield Covenant."
SW-PG-064,1,"Receive the operation directly from Torinn Rhogar and confirm that the adversary is The Order of the Epochalypse, specifically The Era-Break Bastion under Marshal Gravan Epoch-Maul."
SW-PG-064,2,"Enter Molten Forge, locate three traces of The Order of the Epochalypse activity, and stabilize the evidence before the era-weight barricades that grow heavier each time they are struck can corrupt the scene."
SW-PG-064,3,"Push into Bastion Anchor Yard and clear a multi-room Order facility, defeat its elite custodian, and recover the sealed proof, using the encounter rule set: three chambers, one era-lock puzzle, one elite Order custodian, and a final proof vault."
SW-PG-064,4,"Confront an operative, construct, or lieutenant-proxy from The Era-Break Bastion, prevent the failure state where the facility will lock itself one hour outside normal time, and extract the Order cipher intact."
SW-PG-064,5,"Return to Torinn Rhogar, deliver the sealed proof against The Order of the Epochalypse, update the Sky Warden shadow-ledger, and claim Inertia Gauntlets of the Dawnshield Covenant."
SW-PG-065,1,"Receive the operation directly from Torinn Rhogar and confirm that the adversary is The Order of the Epochalypse, specifically The Era-Break Bastion under Marshal Gravan Epoch-Maul."
SW-PG-065,2,"Enter Bastion Anchor Yard, locate three traces of The Order of the Epochalypse activity, and stabilize the evidence before the era-weight barricades that grow heavier each time they are struck can corrupt the scene."
SW-PG-065,3,"Push into Planet Defense Perimeter and extract captured Sky Wardens or witnesses before their timelines are rewritten, using the encounter rule set: moving prisoners, fake rescue signals, and Order voice-mask decoys."
SW-PG-065,4,"Return to Torinn Rhogar, deliver the sealed proof against The Order of the Epochalypse, update the Sky Warden shadow-ledger, and claim Ground Zero Boots of the Dawnshield Covenant."
SW-PG-066,1,"Receive the operation directly from Torinn Rhogar and confirm that the adversary is The Order of the Epochalypse, specifically The Era-Break Bastion under Marshal Gravan Epoch-Maul."
SW-PG-066,2,"Enter Planet Defense Perimeter, locate three traces of The Order of the Epochalypse activity, and stabilize the evidence before the era-weight barricades that grow heavier each time they are struck can corrupt the scene."
SW-PG-066,3,"Push into Raid-Rush Choke Points and steal an Order ledger, chronal key, or black-oath cipher without triggering an era-lock, using the encounter rule set: stealth routes, rotating patrol years, alarm clocks, and optional evidence caches."
SW-PG-066,4,"Confront an operative, construct, or lieutenant-proxy from The Era-Break Bastion, prevent the failure state where the ledger will burn backward into an earlier year, and extract the Order cipher intact."
SW-PG-066,5,"Return to Torinn Rhogar, deliver the sealed proof against The Order of the Epochalypse, update the Sky Warden shadow-ledger, and claim Mass Ring of the Dawnshield Covenant."
SW-PG-067,1,"Receive the operation directly from Torinn Rhogar and confirm that the adversary is The Order of the Epochalypse, specifically The Era-Break Bastion under Marshal Gravan Epoch-Maul."
SW-PG-067,2,"Enter Raid-Rush Choke Points, locate three traces of The Order of the Epochalypse activity, and stabilize the evidence before the era-weight barricades that grow heavier each time they are struck can corrupt the scene."
SW-PG-067,3,"Push into Magma-Core Forges and expose an Order sympathizer inside a council proceeding without breaking the alliance compact, using the encounter rule set: testimony sequencing, proof challenges, and Order plants trying to poison the record."
SW-PG-067,4,"Return to Torinn Rhogar, deliver the sealed proof against The Order of the Epochalypse, update the Sky Warden shadow-ledger, and claim Asteroid Amulet of the Dawnshield Covenant."
SW-PG-068,1,"Receive the operation directly from Torinn Rhogar and confirm that the adversary is The Order of the Epochalypse, specifically The Era-Break Bastion under Marshal Gravan Epoch-Maul."
SW-PG-068,2,"Enter Magma-Core Forges, locate three traces of The Order of the Epochalypse activity, and stabilize the evidence before the era-weight barricades that grow heavier each time they are struck can corrupt the scene."
SW-PG-068,3,"Push into Molten Forge and solve an epochal lock whose answer changes unless the player stabilizes the present moment, using the encounter rule set: time-locked mechanisms, mirrored symbols, and present-tense anchors."
SW-PG-068,4,"Confront an operative, construct, or lieutenant-proxy from The Era-Break Bastion, prevent the failure state where the lock will reset the room to a hostile past configuration, and extract the Order cipher intact."
SW-PG-068,5,"Return to Torinn Rhogar, deliver the sealed proof against The Order of the Epochalypse, update the Sky Warden shadow-ledger, and claim Release Cloak of the Dawnshield Covenant."
SW-PG-069,1,"Receive the operation directly from Torinn Rhogar and confirm that the adversary is The Order of the Epochalypse, specifically The Era-Break Bastion under Marshal Gravan Epoch-Maul."
SW-PG-069,2,"Enter Molten Forge, locate three traces of The Order of the Epochalypse activity, and stabilize the evidence before the era-weight barricades that grow heavier each time they are struck can corrupt the scene."
SW-PG-069,3,"Push into Bastion Anchor Yard and move a living witness, ship core, or oath archive through Order interdiction lanes, using the encounter rule set: route hazards, ambush windows, and temporal drag on the protected target."
SW-PG-069,4,"Return to Torinn Rhogar, deliver the sealed proof against The Order of the Epochalypse, update the Sky Warden shadow-ledger, and claim Wall Relic of the Dawnshield Covenant."
SW-PG-070,1,"Receive the operation directly from Torinn Rhogar and confirm that the adversary is The Order of the Epochalypse, specifically The Era-Break Bastion under Marshal Gravan Epoch-Maul."
SW-PG-070,2,"Enter Bastion Anchor Yard, locate three traces of The Order of the Epochalypse activity, and stabilize the evidence before the era-weight barricades that grow heavier each time they are struck can corrupt the scene."
SW-PG-070,3,"Push into Planet Defense Perimeter and defeat an empowered boss echo reconstructed by the Order from stolen postwar memory, using the encounter rule set: empowered boss patterns, Order glyph shields, and phase changes based on stolen memories."
SW-PG-070,4,"Confront an operative, construct, or lieutenant-proxy from The Era-Break Bastion, prevent the failure state where the echo will imprint itself into the next Order cell, and extract the Order cipher intact."
SW-PG-070,5,"Return to Torinn Rhogar, deliver the sealed proof against The Order of the Epochalypse, update the Sky Warden shadow-ledger, and claim Bastion Prime Instrument of the Sky Wardens."
SW-PG-071,1,"Receive the operation directly from Torinn Rhogar and confirm that the adversary is The Order of the Epochalypse, specifically The Knife Between Seconds under Nocturne Vel Riss."
SW-PG-071,2,"Enter Anomaly Ward, locate three traces of The Order of the Epochalypse activity, and stabilize the evidence before the phase-knives that cut pending decisions out of the timeline can corrupt the scene."
SW-PG-071,3,"Push into Syndicate Spire and build a verified evidence chain before the Order can redact the scene, using the encounter rule set: redaction fog, witness contradictions, and evidence nodes that decay unless stabilized."
SW-PG-071,4,"Return to Torinn Rhogar, deliver the sealed proof against The Order of the Epochalypse, update the Sky Warden shadow-ledger, and claim Stutter Sovereign Armament of the Sky Wardens."
SW-PG-072,1,"Receive the operation directly from Torinn Rhogar and confirm that the adversary is The Order of the Epochalypse, specifically The Knife Between Seconds under Nocturne Vel Riss."
SW-PG-072,2,"Enter Syndicate Spire, locate three traces of The Order of the Epochalypse activity, and stabilize the evidence before the phase-knives that cut pending decisions out of the timeline can corrupt the scene."
SW-PG-072,3,"Push into Front-Matter Void and hold the line against Order epoch-raiders while civilians and ship systems evacuate, using the encounter rule set: wave pressure, breach timers, and Order time-flare pylons that accelerate enemy spawns."
SW-PG-072,4,"Return to Torinn Rhogar, deliver the sealed proof against The Order of the Epochalypse, update the Sky Warden shadow-ledger, and claim Afterimage Helmet of the Dawnshield Covenant."
SW-PG-073,1,"Receive the operation directly from Torinn Rhogar and confirm that the adversary is The Order of the Epochalypse, specifically The Knife Between Seconds under Nocturne Vel Riss."
SW-PG-073,2,"Enter Front-Matter Void, locate three traces of The Order of the Epochalypse activity, and stabilize the evidence before the phase-knives that cut pending decisions out of the timeline can corrupt the scene."
SW-PG-073,3,"Push into Alternating Archives and breach the Order cell’s fortified position and destroy its command focus, using the encounter rule set: shielded ritual captains, breach lanes, and chronal artillery windows."
SW-PG-073,4,"Confront an operative, construct, or lieutenant-proxy from The Knife Between Seconds, prevent the failure state where the cell will scatter to a harder future encounter, and extract the Order cipher intact."
SW-PG-073,5,"Return to Torinn Rhogar, deliver the sealed proof against The Order of the Epochalypse, update the Sky Warden shadow-ledger, and claim Phase Chest of the Dawnshield Covenant."
SW-PG-074,1,"Receive the operation directly from Torinn Rhogar and confirm that the adversary is The Order of the Epochalypse, specifically The Knife Between Seconds under Nocturne Vel Riss."
SW-PG-074,2,"Enter Alternating Archives, locate three traces of The Order of the Epochalypse activity, and stabilize the evidence before the phase-knives that cut pending decisions out of the timeline can corrupt the scene."
SW-PG-074,3,"Push into Null-Mirror Corridor and clear a multi-room Order facility, defeat its elite custodian, and recover the sealed proof, using the encounter rule set: three chambers, one era-lock puzzle, one elite Order custodian, and a final proof vault."
SW-PG-074,4,"Confront an operative, construct, or lieutenant-proxy from The Knife Between Seconds, prevent the failure state where the facility will lock itself one hour outside normal time, and extract the Order cipher intact."
SW-PG-074,5,"Return to Torinn Rhogar, deliver the sealed proof against The Order of the Epochalypse, update the Sky Warden shadow-ledger, and claim Chrono Gauntlets of the Dawnshield Covenant."
SW-PG-075,1,"Receive the operation directly from Torinn Rhogar and confirm that the adversary is The Order of the Epochalypse, specifically The Knife Between Seconds under Nocturne Vel Riss."
SW-PG-075,2,"Enter Null-Mirror Corridor, locate three traces of The Order of the Epochalypse activity, and stabilize the evidence before the phase-knives that cut pending decisions out of the timeline can corrupt the scene."
SW-PG-075,3,"Push into Anomaly Ward and extract captured Sky Wardens or witnesses before their timelines are rewritten, using the encounter rule set: moving prisoners, fake rescue signals, and Order voice-mask decoys."
SW-PG-075,4,"Return to Torinn Rhogar, deliver the sealed proof against The Order of the Epochalypse, update the Sky Warden shadow-ledger, and claim Blink Boots of the Dawnshield Covenant."
SW-PG-076,1,"Receive the operation directly from Torinn Rhogar and confirm that the adversary is The Order of the Epochalypse, specifically The Knife Between Seconds under Nocturne Vel Riss."
SW-PG-076,2,"Enter Anomaly Ward, locate three traces of The Order of the Epochalypse activity, and stabilize the evidence before the phase-knives that cut pending decisions out of the timeline can corrupt the scene."
SW-PG-076,3,"Push into Syndicate Spire and steal an Order ledger, chronal key, or black-oath cipher without triggering an era-lock, using the encounter rule set: stealth routes, rotating patrol years, alarm clocks, and optional evidence caches."
SW-PG-076,4,"Confront an operative, construct, or lieutenant-proxy from The Knife Between Seconds, prevent the failure state where the ledger will burn backward into an earlier year, and extract the Order cipher intact."
SW-PG-076,5,"Return to Torinn Rhogar, deliver the sealed proof against The Order of the Epochalypse, update the Sky Warden shadow-ledger, and claim Flux Ring of the Dawnshield Covenant."
SW-PG-077,1,"Receive the operation directly from Torinn Rhogar and confirm that the adversary is The Order of the Epochalypse, specifically The Knife Between Seconds under Nocturne Vel Riss."
SW-PG-077,2,"Enter Syndicate Spire, locate three traces of The Order of the Epochalypse activity, and stabilize the evidence before the phase-knives that cut pending decisions out of the timeline can corrupt the scene."
SW-PG-077,3,"Push into Front-Matter Void and expose an Order sympathizer inside a council proceeding without breaking the alliance compact, using the encounter rule set: testimony sequencing, proof challenges, and Order plants trying to poison the record."
SW-PG-077,4,"Return to Torinn Rhogar, deliver the sealed proof against The Order of the Epochalypse, update the Sky Warden shadow-ledger, and claim Shadow Amulet of the Dawnshield Covenant."
SW-PG-078,1,"Receive the operation directly from Torinn Rhogar and confirm that the adversary is The Order of the Epochalypse, specifically The Knife Between Seconds under Nocturne Vel Riss."
SW-PG-078,2,"Enter Front-Matter Void, locate three traces of The Order of the Epochalypse activity, and stabilize the evidence before the phase-knives that cut pending decisions out of the timeline can corrupt the scene."
SW-PG-078,3,"Push into Alternating Archives and solve an epochal lock whose answer changes unless the player stabilizes the present moment, using the encounter rule set: time-locked mechanisms, mirrored symbols, and present-tense anchors."
SW-PG-078,4,"Confront an operative, construct, or lieutenant-proxy from The Knife Between Seconds, prevent the failure state where the lock will reset the room to a hostile past configuration, and extract the Order cipher intact."
SW-PG-078,5,"Return to Torinn Rhogar, deliver the sealed proof against The Order of the Epochalypse, update the Sky Warden shadow-ledger, and claim Singularity Cloak of the Dawnshield Covenant."
SW-PG-079,1,"Receive the operation directly from Torinn Rhogar and confirm that the adversary is The Order of the Epochalypse, specifically The Knife Between Seconds under Nocturne Vel Riss."
SW-PG-079,2,"Enter Alternating Archives, locate three traces of The Order of the Epochalypse activity, and stabilize the evidence before the phase-knives that cut pending decisions out of the timeline can corrupt the scene."
SW-PG-079,3,"Push into Null-Mirror Corridor and move a living witness, ship core, or oath archive through Order interdiction lanes, using the encounter rule set: route hazards, ambush windows, and temporal drag on the protected target."
SW-PG-079,4,"Return to Torinn Rhogar, deliver the sealed proof against The Order of the Epochalypse, update the Sky Warden shadow-ledger, and claim Reality Relic of the Dawnshield Covenant."
SW-PG-080,1,"Receive the operation directly from Torinn Rhogar and confirm that the adversary is The Order of the Epochalypse, specifically The Knife Between Seconds under Nocturne Vel Riss."
SW-PG-080,2,"Enter Null-Mirror Corridor, locate three traces of The Order of the Epochalypse activity, and stabilize the evidence before the phase-knives that cut pending decisions out of the timeline can corrupt the scene."
SW-PG-080,3,"Push into Anomaly Ward and defeat an empowered boss echo reconstructed by the Order from stolen postwar memory, using the encounter rule set: empowered boss patterns, Order glyph shields, and phase changes based on stolen memories."
SW-PG-080,4,"Confront an operative, construct, or lieutenant-proxy from The Knife Between Seconds, prevent the failure state where the echo will imprint itself into the next Order cell, and extract the Order cipher intact."
SW-PG-080,5,"Return to Torinn Rhogar, deliver the sealed proof against The Order of the Epochalypse, update the Sky Warden shadow-ledger, and claim Echo Prime Instrument of the Sky Wardens."
SW-PG-081,1,"Receive the operation directly from Torinn Rhogar and confirm that the adversary is The Order of the Epochalypse, specifically The Withered Future Garden under Matron Caeva Thorn-Year."
SW-PG-081,2,"Enter Emerald Canopy Sanctuary, locate three traces of The Order of the Epochalypse activity, and stabilize the evidence before the future-rot spores that make living armor remember extinction can corrupt the scene."
SW-PG-081,3,"Push into Pachyderm Sanctuaries and build a verified evidence chain before the Order can redact the scene, using the encounter rule set: redaction fog, witness contradictions, and evidence nodes that decay unless stabilized."
SW-PG-081,4,"Return to Torinn Rhogar, deliver the sealed proof against The Order of the Epochalypse, update the Sky Warden shadow-ledger, and claim Briar Sovereign Armament of the Sky Wardens."
SW-PG-082,1,"Receive the operation directly from Torinn Rhogar and confirm that the adversary is The Order of the Epochalypse, specifically The Withered Future Garden under Matron Caeva Thorn-Year."
SW-PG-082,2,"Enter Pachyderm Sanctuaries, locate three traces of The Order of the Epochalypse activity, and stabilize the evidence before the future-rot spores that make living armor remember extinction can corrupt the scene."
SW-PG-082,3,"Push into Canopy Portrait Halls and hold the line against Order epoch-raiders while civilians and ship systems evacuate, using the encounter rule set: wave pressure, breach timers, and Order time-flare pylons that accelerate enemy spawns."
SW-PG-082,4,"Return to Torinn Rhogar, deliver the sealed proof against The Order of the Epochalypse, update the Sky Warden shadow-ledger, and claim Root Helmet of the Dawnshield Covenant."
SW-PG-083,1,"Receive the operation directly from Torinn Rhogar and confirm that the adversary is The Order of the Epochalypse, specifically The Withered Future Garden under Matron Caeva Thorn-Year."
SW-PG-083,2,"Enter Canopy Portrait Halls, locate three traces of The Order of the Epochalypse activity, and stabilize the evidence before the future-rot spores that make living armor remember extinction can corrupt the scene."
SW-PG-083,3,"Push into Evolution Arenas and breach the Order cell’s fortified position and destroy its command focus, using the encounter rule set: shielded ritual captains, breach lanes, and chronal artillery windows."
SW-PG-083,4,"Confront an operative, construct, or lieutenant-proxy from The Withered Future Garden, prevent the failure state where the cell will scatter to a harder future encounter, and extract the Order cipher intact."
SW-PG-083,5,"Return to Torinn Rhogar, deliver the sealed proof against The Order of the Epochalypse, update the Sky Warden shadow-ledger, and claim World-Tree Chest of the Dawnshield Covenant."
SW-PG-084,1,"Receive the operation directly from Torinn Rhogar and confirm that the adversary is The Order of the Epochalypse, specifically The Withered Future Garden under Matron Caeva Thorn-Year."
SW-PG-084,2,"Enter Evolution Arenas, locate three traces of The Order of the Epochalypse activity, and stabilize the evidence before the future-rot spores that make living armor remember extinction can corrupt the scene."
SW-PG-084,3,"Push into Living Garden Deck and clear a multi-room Order facility, defeat its elite custodian, and recover the sealed proof, using the encounter rule set: three chambers, one era-lock puzzle, one elite Order custodian, and a final proof vault."
SW-PG-084,4,"Confront an operative, construct, or lieutenant-proxy from The Withered Future Garden, prevent the failure state where the facility will lock itself one hour outside normal time, and extract the Order cipher intact."
SW-PG-084,5,"Return to Torinn Rhogar, deliver the sealed proof against The Order of the Epochalypse, update the Sky Warden shadow-ledger, and claim Tether Gauntlets of the Dawnshield Covenant."
SW-PG-085,1,"Receive the operation directly from Torinn Rhogar and confirm that the adversary is The Order of the Epochalypse, specifically The Withered Future Garden under Matron Caeva Thorn-Year."
SW-PG-085,2,"Enter Living Garden Deck, locate three traces of The Order of the Epochalypse activity, and stabilize the evidence before the future-rot spores that make living armor remember extinction can corrupt the scene."
SW-PG-085,3,"Push into Emerald Canopy Sanctuary and extract captured Sky Wardens or witnesses before their timelines are rewritten, using the encounter rule set: moving prisoners, fake rescue signals, and Order voice-mask decoys."
SW-PG-085,4,"Return to Torinn Rhogar, deliver the sealed proof against The Order of the Epochalypse, update the Sky Warden shadow-ledger, and claim Heartwood Boots of the Dawnshield Covenant."
SW-PG-086,1,"Receive the operation directly from Torinn Rhogar and confirm that the adversary is The Order of the Epochalypse, specifically The Withered Future Garden under Matron Caeva Thorn-Year."
SW-PG-086,2,"Enter Emerald Canopy Sanctuary, locate three traces of The Order of the Epochalypse activity, and stabilize the evidence before the future-rot spores that make living armor remember extinction can corrupt the scene."
SW-PG-086,3,"Push into Pachyderm Sanctuaries and steal an Order ledger, chronal key, or black-oath cipher without triggering an era-lock, using the encounter rule set: stealth routes, rotating patrol years, alarm clocks, and optional evidence caches."
SW-PG-086,4,"Confront an operative, construct, or lieutenant-proxy from The Withered Future Garden, prevent the failure state where the ledger will burn backward into an earlier year, and extract the Order cipher intact."
SW-PG-086,5,"Return to Torinn Rhogar, deliver the sealed proof against The Order of the Epochalypse, update the Sky Warden shadow-ledger, and claim Canopy Ring of the Dawnshield Covenant."
SW-PG-087,1,"Receive the operation directly from Torinn Rhogar and confirm that the adversary is The Order of the Epochalypse, specifically The Withered Future Garden under Matron Caeva Thorn-Year."
SW-PG-087,2,"Enter Pachyderm Sanctuaries, locate three traces of The Order of the Epochalypse activity, and stabilize the evidence before the future-rot spores that make living armor remember extinction can corrupt the scene."
SW-PG-087,3,"Push into Canopy Portrait Halls and expose an Order sympathizer inside a council proceeding without breaking the alliance compact, using the encounter rule set: testimony sequencing, proof challenges, and Order plants trying to poison the record."
SW-PG-087,4,"Return to Torinn Rhogar, deliver the sealed proof against The Order of the Epochalypse, update the Sky Warden shadow-ledger, and claim Bloom Amulet of the Dawnshield Covenant."
SW-PG-088,1,"Receive the operation directly from Torinn Rhogar and confirm that the adversary is The Order of the Epochalypse, specifically The Withered Future Garden under Matron Caeva Thorn-Year."
SW-PG-088,2,"Enter Canopy Portrait Halls, locate three traces of The Order of the Epochalypse activity, and stabilize the evidence before the future-rot spores that make living armor remember extinction can corrupt the scene."
SW-PG-088,3,"Push into Evolution Arenas and solve an epochal lock whose answer changes unless the player stabilizes the present moment, using the encounter rule set: time-locked mechanisms, mirrored symbols, and present-tense anchors."
SW-PG-088,4,"Confront an operative, construct, or lieutenant-proxy from The Withered Future Garden, prevent the failure state where the lock will reset the room to a hostile past configuration, and extract the Order cipher intact."
SW-PG-088,5,"Return to Torinn Rhogar, deliver the sealed proof against The Order of the Epochalypse, update the Sky Warden shadow-ledger, and claim Forest Cloak of the Dawnshield Covenant."
SW-PG-089,1,"Receive the operation directly from Torinn Rhogar and confirm that the adversary is The Order of the Epochalypse, specifically The Withered Future Garden under Matron Caeva Thorn-Year."
SW-PG-089,2,"Enter Evolution Arenas, locate three traces of The Order of the Epochalypse activity, and stabilize the evidence before the future-rot spores that make living armor remember extinction can corrupt the scene."
SW-PG-089,3,"Push into Living Garden Deck and move a living witness, ship core, or oath archive through Order interdiction lanes, using the encounter rule set: route hazards, ambush windows, and temporal drag on the protected target."
SW-PG-089,4,"Return to Torinn Rhogar, deliver the sealed proof against The Order of the Epochalypse, update the Sky Warden shadow-ledger, and claim Regrowth Relic of the Dawnshield Covenant."
SW-PG-090,1,"Receive the operation directly from Torinn Rhogar and confirm that the adversary is The Order of the Epochalypse, specifically The Withered Future Garden under Matron Caeva Thorn-Year."
SW-PG-090,2,"Enter Living Garden Deck, locate three traces of The Order of the Epochalypse activity, and stabilize the evidence before the future-rot spores that make living armor remember extinction can corrupt the scene."
SW-PG-090,3,"Push into Emerald Canopy Sanctuary and defeat an empowered boss echo reconstructed by the Order from stolen postwar memory, using the encounter rule set: empowered boss patterns, Order glyph shields, and phase changes based on stolen memories."
SW-PG-090,4,"Confront an operative, construct, or lieutenant-proxy from The Withered Future Garden, prevent the failure state where the echo will imprint itself into the next Order cell, and extract the Order cipher intact."
SW-PG-090,5,"Return to Torinn Rhogar, deliver the sealed proof against The Order of the Epochalypse, update the Sky Warden shadow-ledger, and claim Nature Prime Instrument of the Sky Wardens."
SW-PG-091,1,"Receive the operation directly from Torinn Rhogar and confirm that the adversary is The Order of the Epochalypse, specifically The Prime Epochalypse Synod under Epoch-Cardinal Sar Vos Aster."
SW-PG-091,2,"Enter Eclipse Engine Heart Remnant, locate three traces of The Order of the Epochalypse activity, and stabilize the evidence before the thermal paradox reactors that fuse ignition and stasis into a world-reset pulse can corrupt the scene."
SW-PG-091,3,"Push into Dawnforge Understar and build a verified evidence chain before the Order can redact the scene, using the encounter rule set: redaction fog, witness contradictions, and evidence nodes that decay unless stabilized."
SW-PG-091,4,"Return to Torinn Rhogar, deliver the sealed proof against The Order of the Epochalypse, update the Sky Warden shadow-ledger, and claim Ignition Sovereign Armament of the Sky Wardens."
SW-PG-092,1,"Receive the operation directly from Torinn Rhogar and confirm that the adversary is The Order of the Epochalypse, specifically The Prime Epochalypse Synod under Epoch-Cardinal Sar Vos Aster."
SW-PG-092,2,"Enter Dawnforge Understar, locate three traces of The Order of the Epochalypse activity, and stabilize the evidence before the thermal paradox reactors that fuse ignition and stasis into a world-reset pulse can corrupt the scene."
SW-PG-092,3,"Push into Sky Warden Treaty Ring and hold the line against Order epoch-raiders while civilians and ship systems evacuate, using the encounter rule set: wave pressure, breach timers, and Order time-flare pylons that accelerate enemy spawns."
SW-PG-092,4,"Return to Torinn Rhogar, deliver the sealed proof against The Order of the Epochalypse, update the Sky Warden shadow-ledger, and claim Glacial Helmet of the Dawnshield Covenant."
SW-PG-093,1,"Receive the operation directly from Torinn Rhogar and confirm that the adversary is The Order of the Epochalypse, specifically The Prime Epochalypse Synod under Epoch-Cardinal Sar Vos Aster."
SW-PG-093,2,"Enter Sky Warden Treaty Ring, locate three traces of The Order of the Epochalypse activity, and stabilize the evidence before the thermal paradox reactors that fuse ignition and stasis into a world-reset pulse can corrupt the scene."
SW-PG-093,3,"Push into Aerie of the Dawnshield and breach the Order cell’s fortified position and destroy its command focus, using the encounter rule set: shielded ritual captains, breach lanes, and chronal artillery windows."
SW-PG-093,4,"Confront an operative, construct, or lieutenant-proxy from The Prime Epochalypse Synod, prevent the failure state where the cell will scatter to a harder future encounter, and extract the Order cipher intact."
SW-PG-093,5,"Return to Torinn Rhogar, deliver the sealed proof against The Order of the Epochalypse, update the Sky Warden shadow-ledger, and claim Thermal Chest of the Dawnshield Covenant."
SW-PG-094,1,"Receive the operation directly from Torinn Rhogar and confirm that the adversary is The Order of the Epochalypse, specifically The Prime Epochalypse Synod under Epoch-Cardinal Sar Vos Aster."
SW-PG-094,2,"Enter Aerie of the Dawnshield, locate three traces of The Order of the Epochalypse activity, and stabilize the evidence before the thermal paradox reactors that fuse ignition and stasis into a world-reset pulse can corrupt the scene."
SW-PG-094,3,"Push into Epochalypse Engine Core and clear a multi-room Order facility, defeat its elite custodian, and recover the sealed proof, using the encounter rule set: three chambers, one era-lock puzzle, one elite Order custodian, and a final proof vault."
SW-PG-094,4,"Confront an operative, construct, or lieutenant-proxy from The Prime Epochalypse Synod, prevent the failure state where the facility will lock itself one hour outside normal time, and extract the Order cipher intact."
SW-PG-094,5,"Return to Torinn Rhogar, deliver the sealed proof against The Order of the Epochalypse, update the Sky Warden shadow-ledger, and claim Crucible Gauntlets of the Dawnshield Covenant."
SW-PG-095,1,"Receive the operation directly from Torinn Rhogar and confirm that the adversary is The Order of the Epochalypse, specifically The Prime Epochalypse Synod under Epoch-Cardinal Sar Vos Aster."
SW-PG-095,2,"Enter Epochalypse Engine Core, locate three traces of The Order of the Epochalypse activity, and stabilize the evidence before the thermal paradox reactors that fuse ignition and stasis into a world-reset pulse can corrupt the scene."
SW-PG-095,3,"Push into Eclipse Engine Heart Remnant and extract captured Sky Wardens or witnesses before their timelines are rewritten, using the encounter rule set: moving prisoners, fake rescue signals, and Order voice-mask decoys."
SW-PG-095,4,"Return to Torinn Rhogar, deliver the sealed proof against The Order of the Epochalypse, update the Sky Warden shadow-ledger, and claim Maelstrom Boots of the Dawnshield Covenant."
SW-PG-096,1,"Receive the operation directly from Torinn Rhogar and confirm that the adversary is The Order of the Epochalypse, specifically The Prime Epochalypse Synod under Epoch-Cardinal Sar Vos Aster."
SW-PG-096,2,"Enter Eclipse Engine Heart Remnant, locate three traces of The Order of the Epochalypse activity, and stabilize the evidence before the thermal paradox reactors that fuse ignition and stasis into a world-reset pulse can corrupt the scene."
SW-PG-096,3,"Push into Dawnforge Understar and steal an Order ledger, chronal key, or black-oath cipher without triggering an era-lock, using the encounter rule set: stealth routes, rotating patrol years, alarm clocks, and optional evidence caches."
SW-PG-096,4,"Confront an operative, construct, or lieutenant-proxy from The Prime Epochalypse Synod, prevent the failure state where the ledger will burn backward into an earlier year, and extract the Order cipher intact."
SW-PG-096,5,"Return to Torinn Rhogar, deliver the sealed proof against The Order of the Epochalypse, update the Sky Warden shadow-ledger, and claim Aether Ring of the Dawnshield Covenant."
SW-PG-097,1,"Receive the operation directly from Torinn Rhogar and confirm that the adversary is The Order of the Epochalypse, specifically The Prime Epochalypse Synod under Epoch-Cardinal Sar Vos Aster."
SW-PG-097,2,"Enter Dawnforge Understar, locate three traces of The Order of the Epochalypse activity, and stabilize the evidence before the thermal paradox reactors that fuse ignition and stasis into a world-reset pulse can corrupt the scene."
SW-PG-097,3,"Push into Sky Warden Treaty Ring and expose an Order sympathizer inside a council proceeding without breaking the alliance compact, using the encounter rule set: testimony sequencing, proof challenges, and Order plants trying to poison the record."
SW-PG-097,4,"Return to Torinn Rhogar, deliver the sealed proof against The Order of the Epochalypse, update the Sky Warden shadow-ledger, and claim Flux Amulet of the Dawnshield Covenant."
SW-PG-098,1,"Receive the operation directly from Torinn Rhogar and confirm that the adversary is The Order of the Epochalypse, specifically The Prime Epochalypse Synod under Epoch-Cardinal Sar Vos Aster."
SW-PG-098,2,"Enter Sky Warden Treaty Ring, locate three traces of The Order of the Epochalypse activity, and stabilize the evidence before the thermal paradox reactors that fuse ignition and stasis into a world-reset pulse can corrupt the scene."
SW-PG-098,3,"Push into Aerie of the Dawnshield and solve an epochal lock whose answer changes unless the player stabilizes the present moment, using the encounter rule set: time-locked mechanisms, mirrored symbols, and present-tense anchors."
SW-PG-098,4,"Confront an operative, construct, or lieutenant-proxy from The Prime Epochalypse Synod, prevent the failure state where the lock will reset the room to a hostile past configuration, and extract the Order cipher intact."
SW-PG-098,5,"Return to Torinn Rhogar, deliver the sealed proof against The Order of the Epochalypse, update the Sky Warden shadow-ledger, and claim Plasma Cloak of the Dawnshield Covenant."
SW-PG-099,1,"Receive the operation directly from Torinn Rhogar and confirm that the adversary is The Order of the Epochalypse, specifically The Prime Epochalypse Synod under Epoch-Cardinal Sar Vos Aster."
SW-PG-099,2,"Enter Aerie of the Dawnshield, locate three traces of The Order of the Epochalypse activity, and stabilize the evidence before the thermal paradox reactors that fuse ignition and stasis into a world-reset pulse can corrupt the scene."
SW-PG-099,3,"Push into Epochalypse Engine Core and move a living witness, ship core, or oath archive through Order interdiction lanes, using the encounter rule set: route hazards, ambush windows, and temporal drag on the protected target."
SW-PG-099,4,"Return to Torinn Rhogar, deliver the sealed proof against The Order of the Epochalypse, update the Sky Warden shadow-ledger, and claim Elemental Relic of the Dawnshield Covenant."
SW-PG-100,1,"Receive the operation directly from Torinn Rhogar and confirm that the adversary is The Order of the Epochalypse, specifically The Prime Epochalypse Synod under Epoch-Cardinal Sar Vos Aster."
SW-PG-100,2,"Enter Epochalypse Engine Core, locate three traces of The Order of the Epochalypse activity, and stabilize the evidence before the thermal paradox reactors that fuse ignition and stasis into a world-reset pulse can corrupt the scene."
SW-PG-100,3,"Push into Eclipse Engine Heart Remnant and defeat an empowered boss echo reconstructed by the Order from stolen postwar memory, using the encounter rule set: empowered boss patterns, Order glyph shields, and phase changes based on stolen memories."
SW-PG-100,4,"Confront an operative, construct, or lieutenant-proxy from The Prime Epochalypse Synod, prevent the failure state where the echo will imprint itself into the next Order cell, and extract the Order cipher intact."
SW-PG-100,5,"Return to Torinn Rhogar, deliver the sealed proof against The Order of the Epochalypse, update the Sky Warden shadow-ledger, and claim Avatar Prime Instrument of the Sky Wardens."
