shop_id,region,sub_location,area,shop_type,shop_name,expected_first_visit_level,active_inventory_count,swap_pool_count,legendary_low_chance_count,mythological_low_chance_count
SHOP-0001,Cosmic Layer,Lunar Readiness Base,Lunar Command Citadel,Mechanic,Boltworks Lunar,60,23,15,3,2
SHOP-0002,Cosmic Layer,Lunar Readiness Base,Lunar Command Citadel,General Goods,Supply Post Lunar,60,15,15,3,2
SHOP-0003,Cosmic Layer,Lunar Readiness Base,Crater Gantry Loop,Medic,Field Surgery Crater,60,15,15,3,2
SHOP-0004,Cosmic Layer,Lunar Readiness Base,Surface Launch Gantries,Armor Dye Pack Shop,Color Forge Surface,60,16,15,3,2
SHOP-0005,Cosmic Layer,Lunar Readiness Base,Anti-Orbital Battery Grid,Inn,The Wandering Anti-Orbital,60,24,15,3,2
SHOP-0006,Cosmic Layer,Lunar Readiness Base,Anti-Orbital Battery Grid,Armor Dye Pack Shop,Color Forge Anti-Orbital,60,23,15,3,2
SHOP-0007,Cosmic Layer,Lunar Readiness Base,Troop Barracks & Armories,Blacksmith,Smelter of Troop,60,25,15,3,2
SHOP-0008,Cosmic Layer,Lunar Readiness Base,Troop Barracks & Armories,Weapon Skin Shop,Patternsmith Troop,60,25,15,3,2
SHOP-0009,Cosmic Layer,Lunar Readiness Base,Vehicle Hangars,Alchemist,Elixir Nook Vehicle,60,24,15,3,2
SHOP-0010,Cosmic Layer,Lunar Readiness Base,Vehicle Hangars,Tailor,Stitchmark Vehicle,60,18,15,3,2
SHOP-0011,Cosmic Layer,Lunar Readiness Base,Resource Refinery Complex,Weapon Skin Shop,EdgeLacquer Resource,60,18,15,3,2
SHOP-0012,Cosmic Layer,Lunar Readiness Base,Helipad & Dropship Pads,Tailor,Thread & Hem Helipad,60,25,15,3,2
SHOP-0013,Cosmic Layer,Lunar Readiness Base,Maintenance Trenches,Stable,Saddle Gate Maintenance,60,23,15,3,2
SHOP-0014,Cosmic Layer,Lunar Readiness Base,Maintenance Trenches,Weapon Skin Shop,EdgeLacquer Maintenance,60,16,15,3,2
SHOP-0015,Cosmic Layer,Planet Defense Perimeter,Central Defense Ring,General Goods,Supply Post Central,64,21,15,3,2
SHOP-0016,Cosmic Layer,Planet Defense Perimeter,Laser Cannon Batteries,Armor Dye Pack Shop,Dyehouse Laser,64,16,15,3,2
SHOP-0017,Cosmic Layer,Planet Defense Perimeter,Missile Defense Arrays,Food Stall,Griddle Row Missile,64,16,15,3,2
SHOP-0018,Cosmic Layer,Planet Defense Perimeter,Missile Defense Arrays,Relic Trader,Heritage Stand Missile,64,17,15,3,2
SHOP-0019,Cosmic Layer,Planet Defense Perimeter,Drone Interceptor Wings,Blacksmith,Smelter of Drone,64,16,15,3,2
SHOP-0020,Cosmic Layer,Planet Defense Perimeter,Quantum Jammer Nodes,Weapon Skin Shop,Chromaforge Quantum,64,15,15,3,2
SHOP-0021,Cosmic Layer,Planet Defense Perimeter,Missile Silo Cluster,Tailor,Cloak and Cord Missile,64,16,15,3,2
SHOP-0022,Cosmic Layer,Planet Defense Perimeter,Defense Relay Alpha,Tailor,Thread & Hem Defense,64,23,15,3,2
SHOP-0023,Cosmic Layer,Planet Defense Perimeter,Defense Relay Beta,Inn,The Moonlit Defense,64,15,15,3,2
SHOP-0024,Cosmic Layer,Planet Defense Perimeter,Orbital Patrol Squadron,Medic,Field Surgery Orbital,64,17,15,3,2
SHOP-0025,Cosmic Layer,Planet Defense Perimeter,Drone Interceptor Hangars,Stable,Saddle Gate Drone,64,16,15,3,2
SHOP-0026,Cosmic Layer,Planet Defense Perimeter,Patrol Squadron Docks,Medic,Mender Post Patrol,64,15,15,3,2
SHOP-0027,Cosmic Layer,Planet Defense Perimeter,Patrol Squadron Docks,Curio Shop,Curio Niche Patrol,64,21,15,3,2
SHOP-0028,Cosmic Layer,Planet Defense Perimeter,Early-Warning Satellite Spine,Alchemist,Tonic Cellar Early-Warning,64,18,15,3,2
SHOP-0029,Cosmic Layer,Planet Defense Perimeter,Early-Warning Satellite Spine,Enchanter,Sigil Loom Early-Warning,64,19,15,3,2
SHOP-0030,Cosmic Layer,Planet Defense Perimeter,Breach Zone Kraken-7,General Goods,Provisions of Breach,64,22,15,3,2
SHOP-0031,Cosmic Layer,Planet Defense Perimeter,Breach Zone Kraken-7,Enchanter,Spellwire Breach,64,20,15,3,2
SHOP-0032,Cosmic Layer,Orbital Tether Station,Central Docking Ring,Marketplace,Merchant Court Central,68,24,15,3,2
SHOP-0033,Cosmic Layer,Orbital Tether Station,Cargo Docks North,Marketplace,Merchant Court Cargo,68,16,15,3,2
SHOP-0034,Cosmic Layer,Orbital Tether Station,Cargo Docks South,Relic Trader,Heritage Stand Cargo,68,18,15,3,2
SHOP-0035,Cosmic Layer,Orbital Tether Station,Passenger Terminal,Inn,The Iron Passenger,68,24,15,3,2
SHOP-0036,Cosmic Layer,Orbital Tether Station,Customs Concourse,Curio Shop,Lucky Relics Customs,68,24,15,3,2
SHOP-0037,Cosmic Layer,Orbital Tether Station,Fuel & Repair Depot,Mechanic,Spanner Bay Fuel,68,18,15,3,2
SHOP-0038,Cosmic Layer,Orbital Tether Station,Maintenance Spires,Armor Dye Pack Shop,Dyehouse Maintenance,68,17,15,3,2
SHOP-0039,Cosmic Layer,Orbital Tether Station,Maintenance Spires,Mechanic,Repair Dock Maintenance,68,23,15,3,2
SHOP-0040,Cosmic Layer,Orbital Tether Station,Shuttle Berths,General Goods,Supply Post Shuttle,68,17,15,3,2
SHOP-0041,Cosmic Layer,Orbital Tether Station,Shuttle Berths,Relic Trader,Oldlight Finds Shuttle,68,22,15,3,2
SHOP-0042,Cosmic Layer,Orbital Tether Station,Tether Anchor Array,Weapon Skin Shop,EdgeLacquer Ter,68,15,15,3,2
SHOP-0043,Cosmic Layer,Orbital Tether Station,Power Core Nexus,Blacksmith,Steelhouse Power,68,18,15,3,2
SHOP-0044,Cosmic Layer,Orbital Tether Station,Power Core Nexus,Stable,Surestep Yard Power,68,22,15,3,2
SHOP-0045,Cosmic Layer,Space Elevator,Surface Nexus,Curio Shop,Curio Niche Surface,72,21,15,3,2
SHOP-0046,Cosmic Layer,Space Elevator,Climber Dock & Launch Bay,Enchanter,Arcane Polish Climber,72,18,15,3,2
SHOP-0047,Cosmic Layer,Space Elevator,Emergency Detach Systems,Inn,The Moonlit Emergency,72,22,15,3,2
SHOP-0048,Cosmic Layer,Space Elevator,Tether Control Node,Food Stall,Lantern Kitchen Ter,72,18,15,3,2
SHOP-0049,Cosmic Layer,Space Elevator,Tether Control Node,Stable,Beast Hitch Ter,72,25,15,3,2
SHOP-0050,Cosmic Layer,Space Elevator,Climber Loading Bay,Marketplace,Merchant Court Climber,72,17,15,3,2
SHOP-0051,Cosmic Layer,Space Elevator,Counterweight Platform,Weapon Skin Shop,Patternsmith Counterweight,72,22,15,3,2
SHOP-0052,Cosmic Layer,Space Elevator,Stabilizer Arrays,Medic,Remedy Booth Stabilizer,72,19,15,3,2
SHOP-0053,Cosmic Layer,Space Elevator,Stabilizer Arrays,Mechanic,Spanner Bay Stabilizer,72,21,15,3,2
SHOP-0054,Cosmic Layer,Space Elevator,Maintenance Collar,Blacksmith,Forge of Maintenance,72,17,15,3,2
SHOP-0055,Cosmic Layer,Space Elevator,Maintenance Collar,Weapon Skin Shop,Patternsmith Maintenance,72,18,15,3,2
SHOP-0056,Cosmic Layer,Space Elevator,Integrity Monitor Stations,Mechanic,Boltworks Integrity,72,24,15,3,2
SHOP-0057,Cosmic Layer,Space Elevator,Upper Tether Junction,Armor Dye Pack Shop,Dyehouse Upper,72,24,15,3,2
SHOP-0058,Cosmic Layer,Space Elevator,Upper Tether Junction,Alchemist,Elixir Nook Upper,72,18,15,3,2
SHOP-0059,Urban Core,The Zenith Spire,Executive Crown,Curio Shop,Curio Niche Executive,1,17,15,3,2
SHOP-0060,Urban Core,The Zenith Spire,Skybridge Decks,Tailor,Thread & Hem Skybridge,1,17,15,3,2
SHOP-0061,Urban Core,The Zenith Spire,Observation Halo,Armor Dye Pack Shop,Pigment Loft Observation,1,15,15,3,2
SHOP-0062,Urban Core,The Zenith Spire,Corporate Council Atrium,Blacksmith,Hammer at Corporate,1,19,15,3,2
SHOP-0063,Urban Core,The Zenith Spire,Corporate Council Atrium,General Goods,Supply Post Corporate,1,22,15,3,2
SHOP-0064,Urban Core,The Zenith Spire,Command Nexus,Medic,Field Surgery Command,1,25,15,3,2
SHOP-0065,Urban Core,The Zenith Spire,Security Ring,Weapon Skin Shop,Patternsmith Security,1,23,15,3,2
SHOP-0066,Urban Core,The Zenith Spire,Security Ring,Alchemist,Glassleaf Phials Security,1,15,15,3,2
SHOP-0067,Urban Core,The Zenith Spire,Transit Lift Core,Food Stall,Lantern Kitchen Transit,1,22,15,3,2
SHOP-0068,Urban Core,The Zenith Spire,Transit Lift Core,Blacksmith,Hammer at Transit,1,17,15,3,2
SHOP-0069,Urban Core,The Zenith Spire,Spire Plaza,Medic,Mender Post Spire,1,22,15,3,2
SHOP-0070,Urban Core,The Zenith Spire,Spire Plaza,Food Stall,Griddle Row Spire,1,17,15,3,2
SHOP-0071,Urban Core,The Zenith Spire,Maintenance Conduits,Relic Trader,Heritage Stand Maintenance,1,21,15,3,2
SHOP-0072,Urban Core,The Zenith Spire,Maintenance Conduits,Stable,Mount Roost Maintenance,1,25,15,3,2
SHOP-0073,Urban Core,The Zenith Spire,Power Plant,Inn,The Silver Power,1,22,15,3,2
SHOP-0074,Urban Core,The Zenith Spire,Power Plant,Alchemist,Elixir Nook Power,1,19,15,3,2
SHOP-0075,Urban Core,The Provisioning Sectors,Bulk Forges & Fabricators,Stable,Beast Hitch Bulk,4,24,15,3,2
SHOP-0076,Urban Core,The Provisioning Sectors,Agri-Domes & Hydro Farms,Blacksmith,Steelhouse Agri-Domes,4,23,15,3,2
SHOP-0077,Urban Core,The Provisioning Sectors,Agri-Domes & Hydro Farms,Curio Shop,Curio Niche Agri-Domes,4,16,15,3,2
SHOP-0078,Urban Core,The Provisioning Sectors,Logistics Depots,Medic,Remedy Booth Logistics,4,22,15,3,2
SHOP-0079,Urban Core,The Provisioning Sectors,Logistics Depots,Armor Dye Pack Shop,Color Forge Logistics,4,20,15,3,2
SHOP-0080,Urban Core,The Provisioning Sectors,Ration Houses & Kitchens,Enchanter,Arcane Polish Ration,4,22,15,3,2
SHOP-0081,Urban Core,The Provisioning Sectors,Vendor Lanes,Relic Trader,Heritage Stand Vendor,4,22,15,3,2
SHOP-0082,Urban Core,The Provisioning Sectors,Rooftop Bazaars,Armor Dye Pack Shop,Dyehouse Rooftop,4,21,15,3,2
SHOP-0083,Urban Core,The Provisioning Sectors,Loading Platforms,Marketplace,Open Market Loading,4,23,15,3,2
SHOP-0084,Urban Core,The Provisioning Sectors,Cold Storage Towers,Food Stall,Lantern Kitchen Cold,4,17,15,3,2
SHOP-0085,Urban Core,The Provisioning Sectors,Freight Transfer Courts,Weapon Skin Shop,Patternsmith Freight,4,21,15,3,2
SHOP-0086,Urban Core,The Provisioning Sectors,Freight Transfer Courts,Relic Trader,Oldlight Finds Freight,4,15,15,3,2
SHOP-0087,Urban Core,The Provisioning Sectors,Service Alleys,Inn,The Rested Service,4,22,15,3,2
SHOP-0088,Urban Core,The On Demand Arteries,Express Fulfillment Towers,Inn,The Silver Express,7,24,15,3,2
SHOP-0089,Urban Core,The On Demand Arteries,Express Fulfillment Towers,Marketplace,Merchant Court Express,7,25,15,3,2
SHOP-0090,Urban Core,The On Demand Arteries,Flash Manufactories,Marketplace,Trade Circle Flash,7,20,15,3,2
SHOP-0091,Urban Core,The On Demand Arteries,Same-Day Foundries,Weapon Skin Shop,Skinworks Same-Day,7,24,15,3,2
SHOP-0092,Urban Core,The On Demand Arteries,Adaptive Warehouses,Blacksmith,Hammer at Adaptive,7,22,15,3,2
SHOP-0093,Urban Core,The On Demand Arteries,Skyway Exchange Loop,Curio Shop,Curio Niche Skyway,7,21,15,3,2
SHOP-0094,Urban Core,The On Demand Arteries,Mag-Rail Merge,Armor Dye Pack Shop,Shadeworks Mag-Rail,7,15,15,3,2
SHOP-0095,Urban Core,The On Demand Arteries,Mag-Rail Merge,Weapon Skin Shop,Skinworks Mag-Rail,7,21,15,3,2
SHOP-0096,Urban Core,The On Demand Arteries,Delivery Drone Port,Enchanter,Arcane Polish Delivery,7,20,15,3,2
SHOP-0097,Urban Core,The On Demand Arteries,Overpass Clash Zone,Mechanic,Repair Dock Overpass,7,17,15,3,2
SHOP-0098,Urban Core,The On Demand Arteries,Toll Gate Cluster,Stable,Surestep Yard Toll,7,25,15,3,2
SHOP-0099,Urban Core,The Raid Rush Choke Points,Barricaded Funnels,Medic,Field Surgery Barricaded,10,21,15,3,2
SHOP-0100,Urban Core,The Raid Rush Choke Points,Turret Lines,Alchemist,Elixir Nook Turret,10,17,15,3,2
SHOP-0101,Urban Core,The Raid Rush Choke Points,Drone Nests,Weapon Skin Shop,Chromaforge Drone,10,24,15,3,2
SHOP-0102,Urban Core,The Raid Rush Choke Points,Kill Corridors,Blacksmith,Anvil of Kill,10,22,15,3,2
SHOP-0103,Urban Core,The Raid Rush Choke Points,Gatehouse Forts,Tailor,Cloak and Cord Gatehouse,10,19,15,3,2
SHOP-0104,Urban Core,The Raid Rush Choke Points,Tactical Control Bunker,Enchanter,Runelight Tactical,10,15,15,3,2
SHOP-0105,Urban Core,The Raid Rush Choke Points,Siege Ramp Access,Curio Shop,Lucky Relics Siege,10,18,15,3,2
SHOP-0106,Urban Core,The Raid Rush Choke Points,Security Wall Segment,Armor Dye Pack Shop,Pigment Loft Security,10,16,15,3,2
SHOP-0107,Urban Core,The Raid Rush Choke Points,Emergency Med Station,Inn,The Moonlit Emergency,10,16,15,3,2
SHOP-0108,Urban Core,The Front Matter Void,Reality Fracture Edge,Blacksmith,Smelter of Reality,13,21,15,3,2
SHOP-0109,Urban Core,The Front Matter Void,Reality Fracture Edge,General Goods,Provisions of Reality,13,22,15,3,2
SHOP-0110,Urban Core,The Front Matter Void,Null Plaza,Enchanter,Arcane Polish Null,13,17,15,3,2
SHOP-0111,Urban Core,The Front Matter Void,Null Plaza,General Goods,Provisions of Null,13,25,15,3,2
SHOP-0112,Urban Core,The Front Matter Void,Data Tear Corridor,Stable,Saddle Gate Data,13,21,15,3,2
SHOP-0113,Urban Core,The Front Matter Void,Anomaly Plaza,General Goods,Loadout Depot Anomaly,13,18,15,3,2
SHOP-0114,Urban Core,The Front Matter Void,Anomaly Plaza,Armor Dye Pack Shop,Shadeworks Anomaly,13,21,15,3,2
SHOP-0115,Urban Core,The Front Matter Void,Geometry Spill,Weapon Skin Shop,Chromaforge Geometry,13,18,15,3,2
SHOP-0116,Urban Core,The Front Matter Void,Static Bridge,Curio Shop,Lucky Relics Static,13,24,15,3,2
SHOP-0117,Urban Core,The Front Matter Void,Voidwatch Platform,Food Stall,Spice Cart Voidwatch,13,22,15,3,2
SHOP-0118,Urban Core,The Front Matter Void,Voidwatch Platform,Alchemist,Remedy House Voidwatch,13,18,15,3,2
SHOP-0119,Urban Core,The Front Matter Void,Fracture Beacon,Armor Dye Pack Shop,Color Forge Fracture,13,16,15,3,2
SHOP-0120,Urban Core,The Front Matter Void,Emergency Seal Gate,Inn,The Iron Emergency,13,21,15,3,2
SHOP-0121,Urban Core,The Micro Markets,Bazaar Ring,Armor Dye Pack Shop,Pigment Loft Bazaar,16,24,15,3,2
SHOP-0122,Urban Core,The Micro Markets,Street Bazaar & Stalls,Inn,The Wandering Street,16,17,15,3,2
SHOP-0123,Urban Core,The Micro Markets,Black-Market Alleys,Tailor,Needlehouse Black-Market,16,19,15,3,2
SHOP-0124,Urban Core,The Micro Markets,Pawn Arcades,Blacksmith,Smelter of Pawn,16,17,15,3,2
SHOP-0125,Urban Core,The Micro Markets,Loot & Gear Bazaars,Curio Shop,Curio Niche Loot,16,24,15,3,2
SHOP-0126,Urban Core,The Micro Markets,Loot & Gear Bazaars,Blacksmith,Anvil of Loot,16,20,15,3,2
SHOP-0127,Urban Core,The Micro Markets,Hidden Exchange Court,Mechanic,Cog & Weld Hidden,16,22,15,3,2
SHOP-0128,Urban Core,The Micro Markets,Vendor Stack Towers,Enchanter,Arcane Polish Vendor,16,18,15,3,2
SHOP-0129,Urban Core,The Micro Markets,Transit Kiosk Row,Weapon Skin Shop,Skinworks Transit,16,23,15,3,2
SHOP-0130,Urban Core,The Micro Markets,Transit Kiosk Row,Relic Trader,Antique Vault Transit,16,23,15,3,2
SHOP-0131,Urban Core,The Micro Markets,Rooftop Safehouse,Stable,Mount Roost Rooftop,16,16,15,3,2
SHOP-0132,Western Wastes And Arid Plains,The Resonant Peaks,Echo Crown,General Goods,Provisions of Echo,12,25,15,3,2
SHOP-0133,Western Wastes And Arid Plains,The Resonant Peaks,Summit Causeway,Inn,The Ember Summit,12,20,15,3,2
SHOP-0134,Western Wastes And Arid Plains,The Resonant Peaks,Summit Causeway,Marketplace,Merchant Court Summit,12,15,15,3,2
SHOP-0135,Western Wastes And Arid Plains,The Resonant Peaks,Harmonic Spire,General Goods,Pack & Barrel Harmonic,12,20,15,3,2
SHOP-0136,Western Wastes And Arid Plains,The Resonant Peaks,Wind Shrine,Marketplace,Merchant Court Wind,12,20,15,3,2
SHOP-0137,Western Wastes And Arid Plains,The Resonant Peaks,Wind Shrine,Medic,Field Surgery Wind,12,17,15,3,2
SHOP-0138,Western Wastes And Arid Plains,The Resonant Peaks,Resonance Basin,Alchemist,Glassleaf Phials Resonance,12,20,15,3,2
SHOP-0139,Western Wastes And Arid Plains,The Resonant Peaks,Avalanche Steps,Weapon Skin Shop,EdgeLacquer Avalanche,12,18,15,3,2
SHOP-0140,Western Wastes And Arid Plains,The Resonant Peaks,Choir Pass,Mechanic,Repair Dock Choir,12,22,15,3,2
SHOP-0141,Western Wastes And Arid Plains,The Resonant Peaks,Watcher Ledge,Blacksmith,Smelter of Watcher,12,20,15,3,2
SHOP-0142,Western Wastes And Arid Plains,The Resonant Peaks,Resonance Towers,Armor Dye Pack Shop,Dyehouse Resonance,12,16,15,3,2
SHOP-0143,Western Wastes And Arid Plains,The Resonant Peaks,Deep Echo Cavern,Tailor,Stitchmark Deep,12,19,15,3,2
SHOP-0144,Western Wastes And Arid Plains,The Resonant Peaks,Deep Echo Cavern,Marketplace,Bazaar Lane Deep,12,25,15,3,2
SHOP-0145,Western Wastes And Arid Plains,The Sonic Badlands,Tuning Fork Expanse,Armor Dye Pack Shop,Color Forge Tuning,14,22,15,3,2
SHOP-0146,Western Wastes And Arid Plains,The Sonic Badlands,Standing Wave Gulch,Enchanter,Sigil Loom Standing,14,23,15,3,2
SHOP-0147,Western Wastes And Arid Plains,The Sonic Badlands,Standing Wave Gulch,Relic Trader,Oldlight Finds Standing,14,18,15,3,2
SHOP-0148,Western Wastes And Arid Plains,The Sonic Badlands,Resonance Dunes,Medic,Firstlight Clinic Resonance,14,16,15,3,2
SHOP-0149,Western Wastes And Arid Plains,The Sonic Badlands,Resonance Dunes,General Goods,Supply Post Resonance,14,25,15,3,2
SHOP-0150,Western Wastes And Arid Plains,The Sonic Badlands,Feedback Basin,Curio Shop,Lucky Relics Feedback,14,22,15,3,2
SHOP-0151,Western Wastes And Arid Plains,The Sonic Badlands,Forkkeeper Outpost,Stable,Surestep Yard Forkkeeper,14,25,15,3,2
SHOP-0152,Western Wastes And Arid Plains,The Sonic Badlands,Echo Drift,Weapon Skin Shop,Chromaforge Echo,14,21,15,3,2
SHOP-0153,Western Wastes And Arid Plains,The Sonic Badlands,Echo Drift,Stable,Surestep Yard Echo,14,16,15,3,2
SHOP-0154,Western Wastes And Arid Plains,The Sonic Badlands,Frequency Wall,Blacksmith,Smelter of Frequency,14,25,15,3,2
SHOP-0155,Western Wastes And Arid Plains,The Sonic Badlands,Frequency Wall,Relic Trader,Heritage Stand Frequency,14,17,15,3,2
SHOP-0156,Western Wastes And Arid Plains,The Sonic Badlands,Storm Channel,Inn,The Rested Storm,14,19,15,3,2
SHOP-0157,Western Wastes And Arid Plains,The Sonic Badlands,Storm Channel,Tailor,Needlehouse Storm,14,23,15,3,2
SHOP-0158,Western Wastes And Arid Plains,The Sonic Badlands,Buried Speaker Monolith,General Goods,Supply Post Buried,14,15,15,3,2
SHOP-0159,Western Wastes And Arid Plains,The Sonic Badlands,Buried Speaker Monolith,Relic Trader,Relic Reach Buried,14,21,15,3,2
SHOP-0160,Western Wastes And Arid Plains,The Heavy Chewer Canyons,Pack Run Gorge,Medic,Field Surgery Pack,16,19,15,3,2
SHOP-0161,Western Wastes And Arid Plains,The Heavy Chewer Canyons,Bitewheel Den,Armor Dye Pack Shop,Pigment Loft Bitewheel,16,19,15,3,2
SHOP-0162,Western Wastes And Arid Plains,The Heavy Chewer Canyons,Scavenger Gate,Food Stall,Spice Cart Scavenger,16,24,15,3,2
SHOP-0163,Western Wastes And Arid Plains,The Heavy Chewer Canyons,Scavenger Gate,Stable,Saddle Gate Scavenger,16,20,15,3,2
SHOP-0164,Western Wastes And Arid Plains,The Heavy Chewer Canyons,Rift Chasm,Inn,The Iron Rift,16,25,15,3,2
SHOP-0165,Western Wastes And Arid Plains,The Heavy Chewer Canyons,Hound Nest Pits,Tailor,Needlehouse Hound,16,18,15,3,2
SHOP-0166,Western Wastes And Arid Plains,The Heavy Chewer Canyons,Redcliff Overlook,Mechanic,Boltworks Redcliff,16,16,15,3,2
SHOP-0167,Western Wastes And Arid Plains,The Heavy Chewer Canyons,Redcliff Overlook,Armor Dye Pack Shop,Pigment Loft Redcliff,16,16,15,3,2
SHOP-0168,Western Wastes And Arid Plains,The Heavy Chewer Canyons,Ravine Conveyor,Blacksmith,Hammer at Ravine,16,24,15,3,2
SHOP-0169,Western Wastes And Arid Plains,The Heavy Chewer Canyons,Bone-Metal Pass,Weapon Skin Shop,Chromaforge Bone-Metal,16,18,15,3,2
SHOP-0170,Western Wastes And Arid Plains,The Heavy Chewer Canyons,Kill Zone Basin,Stable,Beast Hitch Kill,16,22,15,3,2
SHOP-0171,Western Wastes And Arid Plains,The Heavy Chewer Canyons,Kill Zone Basin,Blacksmith,Hammer at Kill,16,16,15,3,2
SHOP-0172,Western Wastes And Arid Plains,The Shut Down Academies,War College Court,Blacksmith,Steelhouse War,18,18,15,3,2
SHOP-0173,Western Wastes And Arid Plains,The Shut Down Academies,Simulation Hall,Tailor,Cloak and Cord Simulation,18,16,15,3,2
SHOP-0174,Western Wastes And Arid Plains,The Shut Down Academies,Simulation Hall,Marketplace,Open Market Simulation,18,24,15,3,2
SHOP-0175,Western Wastes And Arid Plains,The Shut Down Academies,Command Terrace,Inn,The Ember Command,18,23,15,3,2
SHOP-0176,Western Wastes And Arid Plains,The Shut Down Academies,Command Terrace,Mechanic,Spanner Bay Command,18,20,15,3,2
SHOP-0177,Western Wastes And Arid Plains,The Shut Down Academies,Silent Lecture Dome,Medic,Firstlight Clinic Silent,18,20,15,3,2
SHOP-0178,Western Wastes And Arid Plains,The Shut Down Academies,Silent Lecture Dome,General Goods,Loadout Depot Silent,18,24,15,3,2
SHOP-0179,Western Wastes And Arid Plains,The Shut Down Academies,Drill Quadrant,Weapon Skin Shop,Skinworks Drill,18,15,15,3,2
SHOP-0180,Western Wastes And Arid Plains,The Shut Down Academies,Drill Quadrant,Relic Trader,Antique Vault Drill,18,25,15,3,2
SHOP-0181,Western Wastes And Arid Plains,The Shut Down Academies,Dormitory Ruins,Stable,Saddle Gate Dormitory,18,25,15,3,2
SHOP-0182,Western Wastes And Arid Plains,The Shut Down Academies,Archive Tower,Armor Dye Pack Shop,Pigment Loft Archive,18,19,15,3,2
SHOP-0183,Western Wastes And Arid Plains,The Shut Down Academies,Archive Tower,Inn,The Wandering Archive,18,21,15,3,2
SHOP-0184,Western Wastes And Arid Plains,The Shut Down Academies,Scholar Gate,Alchemist,Glassleaf Phials Scholar,18,19,15,3,2
SHOP-0185,Western Wastes And Arid Plains,The Shut Down Academies,Tactical Overlook,Marketplace,Open Market Tactical,18,23,15,3,2
SHOP-0186,Western Wastes And Arid Plains,The Deprecated Repositories,Index Crypt,Alchemist,Tonic Cellar Index,20,23,15,3,2
SHOP-0187,Western Wastes And Arid Plains,The Deprecated Repositories,Archive Spine,Medic,Mender Post Archive,20,15,15,3,2
SHOP-0188,Western Wastes And Arid Plains,The Deprecated Repositories,Archive Spine,Enchanter,Spellwire Archive,20,15,15,3,2
SHOP-0189,Western Wastes And Arid Plains,The Deprecated Repositories,Deprecated Hall,Marketplace,Trade Circle Deprecated,20,24,15,3,2
SHOP-0190,Western Wastes And Arid Plains,The Deprecated Repositories,Deprecated Hall,Food Stall,Lantern Kitchen Deprecated,20,17,15,3,2
SHOP-0191,Western Wastes And Arid Plains,The Deprecated Repositories,Memory Cache Vaults,Armor Dye Pack Shop,Dyehouse Memory,20,24,15,3,2
SHOP-0192,Western Wastes And Arid Plains,The Deprecated Repositories,Catalog Rift,Curio Shop,Curio Niche Catalog,20,23,15,3,2
SHOP-0193,Western Wastes And Arid Plains,The Deprecated Repositories,Catalog Rift,Medic,Remedy Booth Catalog,20,19,15,3,2
SHOP-0194,Western Wastes And Arid Plains,The Deprecated Repositories,Server Ossuary,Tailor,Needlehouse Server,20,21,15,3,2
SHOP-0195,Western Wastes And Arid Plains,The Deprecated Repositories,Quarantine Shelf,Blacksmith,Smelter of Quarantine,20,24,15,3,2
SHOP-0196,Western Wastes And Arid Plains,The Deprecated Repositories,Retrieval Lift,Inn,The Green Retrieval,20,17,15,3,2
SHOP-0197,Western Wastes And Arid Plains,The Deprecated Repositories,Scribes' Catwalks,Weapon Skin Shop,Chromaforge Scribes',20,23,15,3,2
SHOP-0198,Western Wastes And Arid Plains,The Scrap Yard Labyrinth,The Hull Maze,Weapon Skin Shop,Patternsmith,22,20,15,3,2
SHOP-0199,Western Wastes And Arid Plains,The Scrap Yard Labyrinth,Magnet Spires,Armor Dye Pack Shop,Shadeworks Magnet,22,23,15,3,2
SHOP-0200,Western Wastes And Arid Plains,The Scrap Yard Labyrinth,Salvager Row,General Goods,Provisions of Salvager,22,22,15,3,2
SHOP-0201,Western Wastes And Arid Plains,The Scrap Yard Labyrinth,Graveyard Basin,Inn,The Quiet Graveyard,22,18,15,3,2
SHOP-0202,Western Wastes And Arid Plains,The Scrap Yard Labyrinth,Crane Forest,Blacksmith,Smelter of Crane,22,17,15,3,2
SHOP-0203,Western Wastes And Arid Plains,The Scrap Yard Labyrinth,Reactor Pit,Stable,Surestep Yard Reactor,22,22,15,3,2
SHOP-0204,Western Wastes And Arid Plains,The Scrap Yard Labyrinth,Wreck Gate,Tailor,Thread & Hem Wreck,22,23,15,3,2
SHOP-0205,Western Wastes And Arid Plains,The Scrap Yard Labyrinth,Wreck Gate,Blacksmith,Forge of Wreck,22,23,15,3,2
SHOP-0206,Western Wastes And Arid Plains,The Scrap Yard Labyrinth,Compass Jam Sector,Enchanter,Arcane Polish Compass,22,21,15,3,2
SHOP-0207,Western Wastes And Arid Plains,The Scrap Yard Labyrinth,Compass Jam Sector,Blacksmith,Forge of Compass,22,23,15,3,2
SHOP-0208,Western Wastes And Arid Plains,The Scrap Yard Labyrinth,The Iron Maelstrom,Food Stall,Spice Cart,22,21,15,3,2
SHOP-0209,Western Wastes And Arid Plains,The Scrap Yard Labyrinth,The Iron Maelstrom,Marketplace,Bazaar Lane,22,25,15,3,2
SHOP-0210,Western Wastes And Arid Plains,The Playa Of Ash,Ash Mirror Flats,Medic,Mender Post Ash,24,17,15,3,2
SHOP-0211,Western Wastes And Arid Plains,The Playa Of Ash,Ash Mirror Flats,Mechanic,Spanner Bay Ash,24,20,15,3,2
SHOP-0212,Western Wastes And Arid Plains,The Playa Of Ash,Dustline Camp,Armor Dye Pack Shop,Pigment Loft Dustline,24,17,15,3,2
SHOP-0213,Western Wastes And Arid Plains,The Playa Of Ash,Sculpture Ring,Marketplace,Bazaar Lane Sculpture,24,20,15,3,2
SHOP-0214,Western Wastes And Arid Plains,The Playa Of Ash,Sculpture Ring,Curio Shop,Lucky Relics Sculpture,24,21,15,3,2
SHOP-0215,Western Wastes And Arid Plains,The Playa Of Ash,Suntrack Road,Food Stall,Spice Cart Suntrack,24,22,15,3,2
SHOP-0216,Western Wastes And Arid Plains,The Playa Of Ash,Suntrack Road,Weapon Skin Shop,Skinworks Suntrack,24,19,15,3,2
SHOP-0217,Western Wastes And Arid Plains,The Playa Of Ash,Supply Beacon Row,Inn,The Moonlit Supply,24,15,15,3,2
SHOP-0218,Western Wastes And Arid Plains,The Playa Of Ash,Supply Beacon Row,Medic,Remedy Booth Supply,24,24,15,3,2
SHOP-0219,Western Wastes And Arid Plains,The Playa Of Ash,Mirage Yard,Tailor,Cloak and Cord Mirage,24,20,15,3,2
SHOP-0220,Western Wastes And Arid Plains,The Playa Of Ash,Waystation Halo,Blacksmith,Steelhouse Waystation,24,16,15,3,2
SHOP-0221,Western Wastes And Arid Plains,The Playa Of Ash,Waystation Halo,Stable,Saddle Gate Waystation,24,15,15,3,2
SHOP-0222,Western Wastes And Arid Plains,The Playa Of Ash,Dry Basin Reach,Weapon Skin Shop,Chromaforge Dry,24,23,15,3,2
SHOP-0223,Western Wastes And Arid Plains,The Playa Of Ash,Bonewind Ridge,Stable,Saddle Gate Bonewind,24,20,15,3,2
SHOP-0224,Western Wastes And Arid Plains,The Playa Of Ash,Bonewind Ridge,Curio Shop,Echo Trinkets Bonewind,24,15,15,3,2
SHOP-0225,Western Wastes And Arid Plains,The Burning Playa,Inferno Circuit,Food Stall,Lantern Kitchen Inferno,26,23,15,3,2
SHOP-0226,Western Wastes And Arid Plains,The Burning Playa,Ember Camp,Weapon Skin Shop,Skinworks Ember,26,20,15,3,2
SHOP-0227,Western Wastes And Arid Plains,The Burning Playa,Pyre Ring,Tailor,Needlehouse Pyre,26,25,15,3,2
SHOP-0228,Western Wastes And Arid Plains,The Burning Playa,Pyre Ring,Enchanter,Runelight Pyre,26,25,15,3,2
SHOP-0229,Western Wastes And Arid Plains,The Burning Playa,Firewheel Parade Route,Inn,The Iron Firewheel,26,18,15,3,2
SHOP-0230,Western Wastes And Arid Plains,The Burning Playa,Night Basin,Stable,Beast Hitch Night,26,21,15,3,2
SHOP-0231,Western Wastes And Arid Plains,The Burning Playa,Spark Gate,Relic Trader,Heritage Stand Spark,26,20,15,3,2
SHOP-0232,Western Wastes And Arid Plains,The Burning Playa,Smoke Towers,Mechanic,Repair Dock Smoke,26,25,15,3,2
SHOP-0233,Western Wastes And Arid Plains,The Burning Playa,Furnace Idol,Blacksmith,Anvil of Furnace,26,20,15,3,2
SHOP-0234,Western Wastes And Arid Plains,The Burning Playa,Furnace Idol,Tailor,Thread & Hem Furnace,26,20,15,3,2
SHOP-0235,Western Wastes And Arid Plains,The Burning Playa,Saltscar Ridge Lookout,Armor Dye Pack Shop,Shadeworks Saltscar,26,22,15,3,2
SHOP-0236,Western Wastes And Arid Plains,The Burning Playa,Saltscar Ridge Lookout,Tailor,Stitchmark Saltscar,26,22,15,3,2
SHOP-0237,Western Wastes And Arid Plains,The Rhyming Labyrinths,Verse Gate,Armor Dye Pack Shop,Dyehouse Verse,28,21,15,3,2
SHOP-0238,Western Wastes And Arid Plains,The Rhyming Labyrinths,Echo Spiral,Marketplace,Bazaar Lane Echo,28,17,15,3,2
SHOP-0239,Western Wastes And Arid Plains,The Rhyming Labyrinths,Echo Spiral,Alchemist,Tonic Cellar Echo,28,23,15,3,2
SHOP-0240,Western Wastes And Arid Plains,The Rhyming Labyrinths,Couplet Court,Medic,Field Surgery Couplet,28,24,15,3,2
SHOP-0241,Western Wastes And Arid Plains,The Rhyming Labyrinths,Meter Walk,Relic Trader,Relic Reach Meter,28,16,15,3,2
SHOP-0242,Western Wastes And Arid Plains,The Rhyming Labyrinths,Meter Walk,Food Stall,Lantern Kitchen Meter,28,25,15,3,2
SHOP-0243,Western Wastes And Arid Plains,The Rhyming Labyrinths,Glass Tongue Corridor,Weapon Skin Shop,Chromaforge Glass,28,16,15,3,2
SHOP-0244,Western Wastes And Arid Plains,The Rhyming Labyrinths,Stanza Vault,Blacksmith,Smelter of Stanza,28,18,15,3,2
SHOP-0245,Western Wastes And Arid Plains,The Rhyming Labyrinths,Rhyme Lock Arch,Inn,The Moonlit Rhyme,28,21,15,3,2
SHOP-0246,Western Wastes And Arid Plains,The Rhyming Labyrinths,Cadence Well,Food Stall,Griddle Row Cadence,28,21,15,3,2
SHOP-0247,Western Wastes And Arid Plains,The Rhyming Labyrinths,Sonic Canopy,Mechanic,Repair Dock Sonic,28,20,15,3,2
SHOP-0248,Western Wastes And Arid Plains,The Phonetic Wastes,Consonant Ridge,Enchanter,Sigil Loom Consonant,30,20,15,3,2
SHOP-0249,Western Wastes And Arid Plains,The Phonetic Wastes,Consonant Ridge,Tailor,Stitchmark Consonant,30,22,15,3,2
SHOP-0250,Western Wastes And Arid Plains,The Phonetic Wastes,Vowel Dunes,Alchemist,Tonic Cellar Vowel,30,21,15,3,2
SHOP-0251,Western Wastes And Arid Plains,The Phonetic Wastes,Vowel Dunes,General Goods,Provisions of Vowel,30,18,15,3,2
SHOP-0252,Western Wastes And Arid Plains,The Phonetic Wastes,Lexicon Flats,Armor Dye Pack Shop,Shadeworks Lexicon,30,18,15,3,2
SHOP-0253,Western Wastes And Arid Plains,The Phonetic Wastes,Syllable Sink,Weapon Skin Shop,Skinworks Syllable,30,17,15,3,2
SHOP-0254,Western Wastes And Arid Plains,The Phonetic Wastes,Syllable Sink,Relic Trader,Heritage Stand Syllable,30,20,15,3,2
SHOP-0255,Western Wastes And Arid Plains,The Phonetic Wastes,Humming Obelisk,General Goods,Supply Post Humming,30,20,15,3,2
SHOP-0256,Western Wastes And Arid Plains,The Phonetic Wastes,Humming Obelisk,Stable,Beast Hitch Humming,30,20,15,3,2
SHOP-0257,Western Wastes And Arid Plains,The Phonetic Wastes,Accent Basin,Tailor,Thread & Hem Accent,30,19,15,3,2
SHOP-0258,Western Wastes And Arid Plains,The Phonetic Wastes,Glyph Mirage,Inn,The Ember Glyph,30,22,15,3,2
SHOP-0259,Western Wastes And Arid Plains,The Phonetic Wastes,Pronunciation Gate,Tailor,Cloak and Cord Pronunciation,30,19,15,3,2
SHOP-0260,Western Wastes And Arid Plains,The Phonetic Wastes,Sonic Dust Storm,Food Stall,Spice Cart Sonic,30,24,15,3,2
SHOP-0261,Western Wastes And Arid Plains,The Phonetic Wastes,Echo Forum,Blacksmith,Hammer at Echo,30,21,15,3,2
SHOP-0262,Western Wastes And Arid Plains,The Phonetic Wastes,Echo Forum,Inn,The Ember Echo,30,23,15,3,2
SHOP-0263,Eastern Wilds And Ancient Archives,The Emerald Canopy Sanctuary,Verdant Spire Roost,Armor Dye Pack Shop,Shadeworks Verdant,20,21,15,3,2
SHOP-0264,Eastern Wilds And Ancient Archives,The Emerald Canopy Sanctuary,Canopy Arch Bridges,Inn,The Iron Canopy,20,23,15,3,2
SHOP-0265,Eastern Wilds And Ancient Archives,The Emerald Canopy Sanctuary,Vine Transit Spine,General Goods,Provisions of Vine,20,15,15,3,2
SHOP-0266,Eastern Wilds And Ancient Archives,The Emerald Canopy Sanctuary,Vine Transit Spine,Curio Shop,Echo Trinkets Vine,20,18,15,3,2
SHOP-0267,Eastern Wilds And Ancient Archives,The Emerald Canopy Sanctuary,Luminroot Shrine Clearing,Enchanter,Sigil Loom Luminroot,20,23,15,3,2
SHOP-0268,Eastern Wilds And Ancient Archives,The Emerald Canopy Sanctuary,Luminroot Shrine Clearing,Stable,Surestep Yard Luminroot,20,16,15,3,2
SHOP-0269,Eastern Wilds And Ancient Archives,The Emerald Canopy Sanctuary,Sanctuary Pools,Blacksmith,Smelter of Sanctuary,20,17,15,3,2
SHOP-0270,Eastern Wilds And Ancient Archives,The Emerald Canopy Sanctuary,Beast Battleground Route,Stable,Saddle Gate Beast,20,16,15,3,2
SHOP-0271,Eastern Wilds And Ancient Archives,The Emerald Canopy Sanctuary,Ranger Outpost: Greenwatch,Mechanic,Repair Dock Ranger,20,20,15,3,2
SHOP-0272,Eastern Wilds And Ancient Archives,The Emerald Canopy Sanctuary,Mycelial Commune,Food Stall,Hotplate Mycelial,20,21,15,3,2
SHOP-0273,Eastern Wilds And Ancient Archives,The Emerald Canopy Sanctuary,Titanroot Pass,Weapon Skin Shop,Skinworks Titanroot,20,23,15,3,2
SHOP-0274,Eastern Wilds And Ancient Archives,The Whispering Glade,Echoing Canopy,Weapon Skin Shop,Skinworks Echoing,22,25,15,3,2
SHOP-0275,Eastern Wilds And Ancient Archives,The Whispering Glade,Echoing Canopy,Inn,The Green Echoing,22,24,15,3,2
SHOP-0276,Eastern Wilds And Ancient Archives,The Whispering Glade,Hushbloom Clearing,Marketplace,Trade Circle Hushbloom,22,20,15,3,2
SHOP-0277,Eastern Wilds And Ancient Archives,The Whispering Glade,Listening Stones,Relic Trader,Heritage Stand Listening,22,17,15,3,2
SHOP-0278,Eastern Wilds And Ancient Archives,The Whispering Glade,Mistbound Pools,Armor Dye Pack Shop,Shadeworks Mistbound,22,20,15,3,2
SHOP-0279,Eastern Wilds And Ancient Archives,The Whispering Glade,Veilwalk Paths,Stable,Mount Roost Veilwalk,22,22,15,3,2
SHOP-0280,Eastern Wilds And Ancient Archives,The Whispering Glade,Veilwalk Paths,Weapon Skin Shop,EdgeLacquer Veilwalk,22,18,15,3,2
SHOP-0281,Eastern Wilds And Ancient Archives,The Whispering Glade,Scout Perches,General Goods,Provisions of Scout,22,24,15,3,2
SHOP-0282,Eastern Wilds And Ancient Archives,The Whispering Glade,Scout Perches,Food Stall,Griddle Row Scout,22,22,15,3,2
SHOP-0283,Eastern Wilds And Ancient Archives,The Whispering Glade,Ambush Clearing,Curio Shop,Curio Niche Ambush,22,18,15,3,2
SHOP-0284,Eastern Wilds And Ancient Archives,The Whispering Glade,Hollow Archives,Inn,The Wandering Hollow,22,18,15,3,2
SHOP-0285,Eastern Wilds And Ancient Archives,The Whispering Glade,Silent Bloom Gate,Blacksmith,Hammer at Silent,22,17,15,3,2
SHOP-0286,Eastern Wilds And Ancient Archives,The Whispering Glade,Silent Bloom Gate,Enchanter,Arcane Polish Silent,22,24,15,3,2
SHOP-0287,Eastern Wilds And Ancient Archives,The Canopy Portrait Halls,The Vinegate Entrance,Blacksmith,Smelter of,24,20,15,3,2
SHOP-0288,Eastern Wilds And Ancient Archives,The Canopy Portrait Halls,The Portrait Galleries,Weapon Skin Shop,Chromaforge,24,22,15,3,2
SHOP-0289,Eastern Wilds And Ancient Archives,The Canopy Portrait Halls,The Echo Balcony,Relic Trader,Relic Reach,24,16,15,3,2
SHOP-0290,Eastern Wilds And Ancient Archives,The Canopy Portrait Halls,The Pressure-Plate Bridge,Curio Shop,Echo Trinkets,24,20,15,3,2
SHOP-0291,Eastern Wilds And Ancient Archives,The Canopy Portrait Halls,The Pressure-Plate Bridge,General Goods,Supply Post,24,19,15,3,2
SHOP-0292,Eastern Wilds And Ancient Archives,The Canopy Portrait Halls,The Collapsed Gallery,Armor Dye Pack Shop,Pigment Loft,24,15,15,3,2
SHOP-0293,Eastern Wilds And Ancient Archives,The Canopy Portrait Halls,The Collapsed Gallery,Curio Shop,Lucky Relics,24,21,15,3,2
SHOP-0294,Eastern Wilds And Ancient Archives,The Canopy Portrait Halls,The Idol Chamber,Medic,Mender Post,24,24,15,3,2
SHOP-0295,Eastern Wilds And Ancient Archives,The Canopy Portrait Halls,The Trap-Floor Hall,Tailor,Needlehouse,24,25,15,3,2
SHOP-0296,Eastern Wilds And Ancient Archives,The Canopy Portrait Halls,The Forgotten Archives,Stable,Mount Roost,24,15,15,3,2
SHOP-0297,Eastern Wilds And Ancient Archives,The Canopy Portrait Halls,The Forgotten Archives,Alchemist,Glassleaf Phials,24,21,15,3,2
SHOP-0298,Eastern Wilds And Ancient Archives,The Canopy Portrait Halls,The Spirit Ward Balcony,Inn,The Iron,24,15,15,3,2
SHOP-0299,Eastern Wilds And Ancient Archives,The Canopy Portrait Halls,The Spirit Ward Balcony,Weapon Skin Shop,EdgeLacquer,24,20,15,3,2
SHOP-0300,Eastern Wilds And Ancient Archives,The Infinite Archives,The Axiom Gate,Curio Shop,Curio Niche,26,22,15,3,2
SHOP-0301,Eastern Wilds And Ancient Archives,The Infinite Archives,The Index Chamber,Inn,The Moonlit,26,23,15,3,2
SHOP-0302,Eastern Wilds And Ancient Archives,The Infinite Archives,The Rotating Stackways,Tailor,Cloak and Cord,26,21,15,3,2
SHOP-0303,Eastern Wilds And Ancient Archives,The Infinite Archives,The Memory Vaults,Enchanter,Arcane Polish,26,24,15,3,2
SHOP-0304,Eastern Wilds And Ancient Archives,The Infinite Archives,The Archivist Bridges,Medic,Field Surgery,26,22,15,3,2
SHOP-0305,Eastern Wilds And Ancient Archives,The Infinite Archives,The Archivist Bridges,Alchemist,Elixir Nook,26,24,15,3,2
SHOP-0306,Eastern Wilds And Ancient Archives,The Infinite Archives,The Chronicle Spires,Relic Trader,Oldlight Finds,26,23,15,3,2
SHOP-0307,Eastern Wilds And Ancient Archives,The Infinite Archives,The Reference Labyrinth,Weapon Skin Shop,Patternsmith,26,15,15,3,2
SHOP-0308,Eastern Wilds And Ancient Archives,The Infinite Archives,The Protocol Core,Armor Dye Pack Shop,Color Forge,26,22,15,3,2
SHOP-0309,Eastern Wilds And Ancient Archives,The Infinite Archives,The Protocol Core,Medic,Remedy Booth,26,19,15,3,2
SHOP-0310,Eastern Wilds And Ancient Archives,The Infinite Archives,The Silent Stacks,Blacksmith,Forge of,26,16,15,3,2
SHOP-0311,Eastern Wilds And Ancient Archives,The Infinite Archives,The Silent Stacks,Food Stall,Hotplate,26,25,15,3,2
SHOP-0312,Eastern Wilds And Ancient Archives,The Voyage Incubator,The Incubation Rings,Relic Trader,Antique Vault,28,18,15,3,2
SHOP-0313,Eastern Wilds And Ancient Archives,The Voyage Incubator,The Incubation Rings,Medic,Remedy Booth,28,17,15,3,2
SHOP-0314,Eastern Wilds And Ancient Archives,The Voyage Incubator,The Acceleration Lanes,Stable,Beast Hitch,28,20,15,3,2
SHOP-0315,Eastern Wilds And Ancient Archives,The Voyage Incubator,The Acceleration Lanes,General Goods,Loadout Depot,28,22,15,3,2
SHOP-0316,Eastern Wilds And Ancient Archives,The Voyage Incubator,The Growth Laboratories,Blacksmith,Forge of,28,20,15,3,2
SHOP-0317,Eastern Wilds And Ancient Archives,The Voyage Incubator,The Pod Vaults,Inn,The Green,28,15,15,3,2
SHOP-0318,Eastern Wilds And Ancient Archives,The Voyage Incubator,The Pod Vaults,Alchemist,Elixir Nook,28,22,15,3,2
SHOP-0319,Eastern Wilds And Ancient Archives,The Voyage Incubator,The Observation Decks,Weapon Skin Shop,EdgeLacquer,28,18,15,3,2
SHOP-0320,Eastern Wilds And Ancient Archives,The Voyage Incubator,The Launch Ramps,Marketplace,Open Market,28,23,15,3,2
SHOP-0321,Eastern Wilds And Ancient Archives,The Voyage Incubator,The Energy Stabilizers,Curio Shop,Oddments of,28,18,15,3,2
SHOP-0322,Eastern Wilds And Ancient Archives,The Voyage Incubator,The Transit Conduits,General Goods,Provisions of,28,20,15,3,2
SHOP-0323,Eastern Wilds And Ancient Archives,The Voyage Incubator,The Calibration Core,Armor Dye Pack Shop,Dyehouse,28,19,15,3,2
SHOP-0324,Eastern Wilds And Ancient Archives,The Lichs Court,The Eternal Throne Ring,General Goods,Supply Post,30,18,15,3,2
SHOP-0325,Eastern Wilds And Ancient Archives,The Lichs Court,Hall of Reversed Gravity,Inn,The Iron Hall,30,21,15,3,2
SHOP-0326,Eastern Wilds And Ancient Archives,The Lichs Court,The Soul Spires,Enchanter,Arcane Polish,30,21,15,3,2
SHOP-0327,Eastern Wilds And Ancient Archives,The Lichs Court,The Echoing Galleries,Blacksmith,Anvil of,30,23,15,3,2
SHOP-0328,Eastern Wilds And Ancient Archives,The Lichs Court,The Echoing Galleries,Curio Shop,Echo Trinkets,30,24,15,3,2
SHOP-0329,Eastern Wilds And Ancient Archives,The Lichs Court,The Chainless Bridges,Armor Dye Pack Shop,Pigment Loft,30,22,15,3,2
SHOP-0330,Eastern Wilds And Ancient Archives,The Lichs Court,The Chainless Bridges,Blacksmith,Steelhouse,30,24,15,3,2
SHOP-0331,Eastern Wilds And Ancient Archives,The Lichs Court,The Ghostly Menagerie,Weapon Skin Shop,Skinworks,30,22,15,3,2
SHOP-0332,Eastern Wilds And Ancient Archives,The Lichs Court,The Necromantic Gardens,Alchemist,Tonic Cellar,30,21,15,3,2
SHOP-0333,Eastern Wilds And Ancient Archives,The Lichs Court,The Rift Sanctum,Tailor,Stitchmark,30,25,15,3,2
SHOP-0334,Eastern Wilds And Ancient Archives,The Lichs Court,The Rift Sanctum,Food Stall,Griddle Row,30,17,15,3,2
SHOP-0335,Eastern Wilds And Ancient Archives,The Lichs Court,The Silent Audience,Mechanic,Cog & Weld,30,19,15,3,2
SHOP-0336,Eastern Wilds And Ancient Archives,The Lichs Court,The Silent Audience,General Goods,Pack & Barrel,30,17,15,3,2
SHOP-0337,Eastern Wilds And Ancient Archives,The Evolution Arenas,The Central Convergence,Alchemist,Remedy House,32,17,15,3,2
SHOP-0338,Eastern Wilds And Ancient Archives,The Evolution Arenas,Shifting Biome Ring,Inn,The Green Shifting,32,18,15,3,2
SHOP-0339,Eastern Wilds And Ancient Archives,The Evolution Arenas,Shifting Biome Ring,Tailor,Stitchmark Shifting,32,19,15,3,2
SHOP-0340,Eastern Wilds And Ancient Archives,The Evolution Arenas,Transformation Pylons,Medic,Field Surgery Transformation,32,18,15,3,2
SHOP-0341,Eastern Wilds And Ancient Archives,The Evolution Arenas,Transformation Pylons,Weapon Skin Shop,EdgeLacquer Transformation,32,16,15,3,2
SHOP-0342,Eastern Wilds And Ancient Archives,The Evolution Arenas,Hazard Cascades,Blacksmith,Smelter of Hazard,32,17,15,3,2
SHOP-0343,Eastern Wilds And Ancient Archives,The Evolution Arenas,Modular Arena Platforms,Tailor,Stitchmark Modular,32,25,15,3,2
SHOP-0344,Eastern Wilds And Ancient Archives,The Evolution Arenas,Spectator Spires,Stable,Saddle Gate Spectator,32,21,15,3,2
SHOP-0345,Eastern Wilds And Ancient Archives,The Evolution Arenas,Adaptive Combat Zones,General Goods,Pack & Barrel Adaptive,32,19,15,3,2
SHOP-0346,Eastern Wilds And Ancient Archives,The Evolution Arenas,Adaptive Combat Zones,Armor Dye Pack Shop,Shadeworks Adaptive,32,21,15,3,2
SHOP-0347,Eastern Wilds And Ancient Archives,The Evolution Arenas,Evolution Gates,Armor Dye Pack Shop,Shadeworks Evolution,32,21,15,3,2
SHOP-0348,Eastern Wilds And Ancient Archives,The Evolution Arenas,The Primal Exodus,Weapon Skin Shop,Chromaforge,32,21,15,3,2
SHOP-0349,Eastern Wilds And Ancient Archives,The Pocket Monster Plains,Wild Harbor Ranch,Blacksmith,Hammer at Wild,34,24,15,3,2
SHOP-0350,Eastern Wilds And Ancient Archives,The Pocket Monster Plains,Wild Harbor Ranch,Stable,Mount Roost Wild,34,21,15,3,2
SHOP-0351,Eastern Wilds And Ancient Archives,The Pocket Monster Plains,Trainer's Waystation,Weapon Skin Shop,Patternsmith Trainer's,34,15,15,3,2
SHOP-0352,Eastern Wilds And Ancient Archives,The Pocket Monster Plains,Battle Circle Delta,General Goods,Supply Post Battle,34,23,15,3,2
SHOP-0353,Eastern Wilds And Ancient Archives,The Pocket Monster Plains,Battle Circle Delta,Stable,Saddle Gate Battle,34,20,15,3,2
SHOP-0354,Eastern Wilds And Ancient Archives,The Pocket Monster Plains,Research Pens Alpha,Alchemist,Remedy House Research,34,22,15,3,2
SHOP-0355,Eastern Wilds And Ancient Archives,The Pocket Monster Plains,Research Pens Alpha,Relic Trader,Oldlight Finds Research,34,23,15,3,2
SHOP-0356,Eastern Wilds And Ancient Archives,The Pocket Monster Plains,Elemental Confluence,Curio Shop,Curio Niche Elemental,34,16,15,3,2
SHOP-0357,Eastern Wilds And Ancient Archives,The Pocket Monster Plains,Tamer's Gate,Inn,The Moonlit Tamer's,34,16,15,3,2
SHOP-0358,Eastern Wilds And Ancient Archives,The Pocket Monster Plains,Hatchling Fields,Relic Trader,Antique Vault Hatchling,34,22,15,3,2
SHOP-0359,Eastern Wilds And Ancient Archives,The Pocket Monster Plains,Hatchling Fields,Inn,The Iron Hatchling,34,23,15,3,2
SHOP-0360,Eastern Wilds And Ancient Archives,The Pocket Monster Plains,Ancient Root Grove,Armor Dye Pack Shop,Pigment Loft Ancient,34,23,15,3,2
SHOP-0361,Eastern Wilds And Ancient Archives,The Pocket Monster Plains,Summit Watch,Marketplace,Merchant Court Summit,34,17,15,3,2
SHOP-0362,Eastern Wilds And Ancient Archives,The Pocket Monster Plains,Summit Watch,Stable,Saddle Gate Summit,34,17,15,3,2
SHOP-0363,Eastern Wilds And Ancient Archives,The Magma Core Forges,The Crucible Spire,Inn,The Moonlit,36,19,15,3,2
SHOP-0364,Eastern Wilds And Ancient Archives,The Magma Core Forges,The Crucible Spire,Armor Dye Pack Shop,Dyehouse,36,16,15,3,2
SHOP-0365,Eastern Wilds And Ancient Archives,The Magma Core Forges,The Hammer Halls,Curio Shop,Echo Trinkets,36,25,15,3,2
SHOP-0366,Eastern Wilds And Ancient Archives,The Magma Core Forges,Chain-Lift Depot,Armor Dye Pack Shop,Color Forge Chain-Lift,36,19,15,3,2
SHOP-0367,Eastern Wilds And Ancient Archives,The Magma Core Forges,Chain-Lift Depot,Inn,The Ember Chain-Lift,36,17,15,3,2
SHOP-0368,Eastern Wilds And Ancient Archives,The Magma Core Forges,The Smelter Towers,Tailor,Needlehouse,36,25,15,3,2
SHOP-0369,Eastern Wilds And Ancient Archives,The Magma Core Forges,The Smelter Towers,Medic,Mender Post,36,22,15,3,2
SHOP-0370,Eastern Wilds And Ancient Archives,The Magma Core Forges,Armory Vaults,Blacksmith,Smelter of Armory,36,24,15,3,2
SHOP-0371,Eastern Wilds And Ancient Archives,The Magma Core Forges,Bridge of the Anvils,Medic,Remedy Booth Bridge,36,22,15,3,2
SHOP-0372,Eastern Wilds And Ancient Archives,The Magma Core Forges,The Lava Conduits,Food Stall,Hotplate,36,24,15,3,2
SHOP-0373,Eastern Wilds And Ancient Archives,The Magma Core Forges,Geode Vent Fields,Weapon Skin Shop,EdgeLacquer Geode,36,22,15,3,2
SHOP-0374,Eastern Wilds And Ancient Archives,The Magma Core Forges,Forgeward Gate,Enchanter,Arcane Polish Forgeward,36,17,15,3,2
SHOP-0375,Eastern Wilds And Ancient Archives,The Reggae Dub Oasis,Roots Gateway,General Goods,Provisions of Roots,38,19,15,3,2
SHOP-0376,Eastern Wilds And Ancient Archives,The Reggae Dub Oasis,Bass Tower Groves,Blacksmith,Steelhouse Bass,38,24,15,3,2
SHOP-0377,Eastern Wilds And Ancient Archives,The Reggae Dub Oasis,Bass Tower Groves,Marketplace,Open Market Bass,38,21,15,3,2
SHOP-0378,Eastern Wilds And Ancient Archives,The Reggae Dub Oasis,Dub Pools,Armor Dye Pack Shop,Color Forge Dub,38,18,15,3,2
SHOP-0379,Eastern Wilds And Ancient Archives,The Reggae Dub Oasis,Riddim Circle Plaza,Alchemist,Glassleaf Phials Riddim,38,17,15,3,2
SHOP-0380,Eastern Wilds And Ancient Archives,The Reggae Dub Oasis,Echo Bridges,Marketplace,Trade Circle Echo,38,24,15,3,2
SHOP-0381,Eastern Wilds And Ancient Archives,The Reggae Dub Oasis,Tempo Fields,Enchanter,Runelight Tempo,38,15,15,3,2
SHOP-0382,Eastern Wilds And Ancient Archives,The Reggae Dub Oasis,Tempo Fields,Tailor,Thread & Hem Tempo,38,16,15,3,2
SHOP-0383,Eastern Wilds And Ancient Archives,The Reggae Dub Oasis,Meditation Huts,Inn,The Rested Meditation,38,16,15,3,2
SHOP-0384,Eastern Wilds And Ancient Archives,The Reggae Dub Oasis,Dub Cascades,Relic Trader,Heritage Stand Dub,38,22,15,3,2
SHOP-0385,Eastern Wilds And Ancient Archives,The Reggae Dub Oasis,The Sub-Bass Sanctum,Weapon Skin Shop,Skinworks,38,15,15,3,2
SHOP-0386,Deep Transit System,The Subterranean Grid,Central Transfer Well,Relic Trader,Relic Reach Central,36,16,15,3,2
SHOP-0387,Deep Transit System,The Subterranean Grid,Central Transfer Well,Inn,The Quiet Central,36,15,15,3,2
SHOP-0388,Deep Transit System,The Subterranean Grid,Platform Cluster Alpha,Weapon Skin Shop,Patternsmith Platform,36,18,15,3,2
SHOP-0389,Deep Transit System,The Subterranean Grid,Maintenance Loop,Mechanic,Repair Dock Maintenance,36,16,15,3,2
SHOP-0390,Deep Transit System,The Subterranean Grid,Maintenance Loop,Alchemist,Glassleaf Phials Maintenance,36,17,15,3,2
SHOP-0391,Deep Transit System,The Subterranean Grid,Relay Control Station,General Goods,Pack & Barrel Relay,36,23,15,3,2
SHOP-0392,Deep Transit System,The Subterranean Grid,Signal Bridge,Blacksmith,Forge of Signal,36,24,15,3,2
SHOP-0393,Deep Transit System,The Subterranean Grid,Abandoned Siding,Food Stall,Spice Cart Abandoned,36,23,15,3,2
SHOP-0394,Deep Transit System,The Subterranean Grid,Abandoned Siding,Medic,Field Surgery Abandoned,36,22,15,3,2
SHOP-0395,Deep Transit System,The Subterranean Grid,Freight Vault,Armor Dye Pack Shop,Color Forge Freight,36,18,15,3,2
SHOP-0396,Deep Transit System,The Subterranean Grid,Freight Vault,General Goods,Pack & Barrel Freight,36,20,15,3,2
SHOP-0397,Deep Transit System,The Subterranean Grid,Emergency Shelter Platform,Alchemist,Glassleaf Phials Emergency,36,20,15,3,2
SHOP-0398,Deep Transit System,The Subterranean Grid,Emergency Shelter Platform,Tailor,Stitchmark Emergency,36,22,15,3,2
SHOP-0399,Deep Transit System,The Subterranean Grid,Deep Terminal Gate,Inn,The Iron Deep,36,24,15,3,2
SHOP-0400,Deep Transit System,The Private Quarantine,Intake Checkpoint,Medic,Field Surgery Intake,40,19,15,3,2
SHOP-0401,Deep Transit System,The Private Quarantine,Isolation Wing Alpha,Weapon Skin Shop,EdgeLacquer Isolation,40,21,15,3,2
SHOP-0402,Deep Transit System,The Private Quarantine,Isolation Wing Alpha,Marketplace,Open Market Isolation,40,18,15,3,2
SHOP-0403,Deep Transit System,The Private Quarantine,Decon Corridor,Armor Dye Pack Shop,Shadeworks Decon,40,25,15,3,2
SHOP-0404,Deep Transit System,The Private Quarantine,Observation Ring,Inn,The Wandering Observation,40,22,15,3,2
SHOP-0405,Deep Transit System,The Private Quarantine,Observation Ring,Medic,Mender Post Observation,40,23,15,3,2
SHOP-0406,Deep Transit System,The Private Quarantine,Sedation Ward,Curio Shop,Lucky Relics Sedation,40,19,15,3,2
SHOP-0407,Deep Transit System,The Private Quarantine,Containment Vaults,Blacksmith,Hammer at Containment,40,17,15,3,2
SHOP-0408,Deep Transit System,The Private Quarantine,Quarantine Chapel,Relic Trader,Oldlight Finds Quarantine,40,16,15,3,2
SHOP-0409,Deep Transit System,The Private Quarantine,Emergency Purge System,Tailor,Needlehouse Emergency,40,15,15,3,2
SHOP-0410,Deep Transit System,The Private Quarantine,The Silent Exit,Stable,Saddle Gate,40,18,15,3,2
SHOP-0411,Deep Transit System,The Private Quarantine,The Silent Exit,Mechanic,Boltworks,40,16,15,3,2
SHOP-0412,Deep Transit System,The Revision Labs,Entry Drafting Bay,Blacksmith,Hammer at Entry,44,23,15,3,2
SHOP-0413,Deep Transit System,The Revision Labs,Revision Engine,Alchemist,Remedy House Revision,44,21,15,3,2
SHOP-0414,Deep Transit System,The Revision Labs,Revision Engine,Tailor,Needlehouse Revision,44,18,15,3,2
SHOP-0415,Deep Transit System,The Revision Labs,Echo Chamber,Curio Shop,Oddments of Echo,44,17,15,3,2
SHOP-0416,Deep Transit System,The Revision Labs,Echo Chamber,Inn,The Wandering Echo,44,18,15,3,2
SHOP-0417,Deep Transit System,The Revision Labs,Reset Hall,Inn,The Rested Reset,44,16,15,3,2
SHOP-0418,Deep Transit System,The Revision Labs,Temporal Scaffold,Armor Dye Pack Shop,Pigment Loft Temporal,44,24,15,3,2
SHOP-0419,Deep Transit System,The Revision Labs,Prototype Theater,General Goods,Pack & Barrel Prototype,44,24,15,3,2
SHOP-0420,Deep Transit System,The Revision Labs,Recovery Loop,Relic Trader,Oldlight Finds Recovery,44,15,15,3,2
SHOP-0421,Deep Transit System,The Revision Labs,Observation Catwalk,Mechanic,Spanner Bay Observation,44,25,15,3,2
SHOP-0422,Deep Transit System,The Revision Labs,Final Reversion Gate,Weapon Skin Shop,Chromaforge Final,44,25,15,3,2
SHOP-0423,Deep Transit System,The Revision Labs,Final Reversion Gate,Tailor,Cloak and Cord Final,44,24,15,3,2
SHOP-0424,Geothermal Abyss,The Molten Forge,Crater Gate,Weapon Skin Shop,Patternsmith Crater,48,17,15,3,2
SHOP-0425,Geothermal Abyss,The Molten Forge,Crater Gate,Medic,Field Surgery Crater,48,20,15,3,2
SHOP-0426,Geothermal Abyss,The Molten Forge,Chainlift Gantry,Relic Trader,Relic Reach Chainlift,48,18,15,3,2
SHOP-0427,Geothermal Abyss,The Molten Forge,Main Crucible,Marketplace,Open Market Main,48,15,15,3,2
SHOP-0428,Geothermal Abyss,The Molten Forge,Main Crucible,Weapon Skin Shop,Patternsmith Main,48,24,15,3,2
SHOP-0429,Geothermal Abyss,The Molten Forge,Slag Spillway,Inn,The Iron Slag,48,22,15,3,2
SHOP-0430,Geothermal Abyss,The Molten Forge,Slag Spillway,Tailor,Cloak and Cord Slag,48,19,15,3,2
SHOP-0431,Geothermal Abyss,The Molten Forge,Hammer Floor,Armor Dye Pack Shop,Pigment Loft Hammer,48,20,15,3,2
SHOP-0432,Geothermal Abyss,The Molten Forge,Foundry Vault,Medic,Remedy Booth Foundry,48,18,15,3,2
SHOP-0433,Geothermal Abyss,The Molten Forge,Foundry Vault,Relic Trader,Oldlight Finds Foundry,48,21,15,3,2
SHOP-0434,Geothermal Abyss,The Molten Forge,Heat Sink Towers,Blacksmith,Hammer at Heat,48,21,15,3,2
SHOP-0435,Geothermal Abyss,The Molten Forge,Ore Switchyard,Enchanter,Arcane Polish Ore,48,15,15,3,2
SHOP-0436,Geothermal Abyss,The Molten Forge,Ore Switchyard,Medic,Remedy Booth Ore,48,23,15,3,2
SHOP-0437,Geothermal Abyss,The Molten Forge,Core Anvil,Mechanic,Cog & Weld Core,48,22,15,3,2
SHOP-0438,Geothermal Abyss,The Molten Forge,Core Anvil,Relic Trader,Relic Reach Core,48,24,15,3,2
SHOP-0439,Geothermal Abyss,The Abyssal Trench,Surface Lift Dock,Blacksmith,Anvil of Surface,53,15,15,3,2
SHOP-0440,Geothermal Abyss,The Abyssal Trench,Main Observation Dome,Medic,Remedy Booth Main,53,19,15,3,2
SHOP-0441,Geothermal Abyss,The Abyssal Trench,Pressure Gate,Armor Dye Pack Shop,Color Forge Pressure,53,16,15,3,2
SHOP-0442,Geothermal Abyss,The Abyssal Trench,Coral Laboratory,Curio Shop,Curio Niche Coral,53,19,15,3,2
SHOP-0443,Geothermal Abyss,The Abyssal Trench,Deepwater Causeway,Inn,The Wandering Deepwater,53,18,15,3,2
SHOP-0444,Geothermal Abyss,The Abyssal Trench,Deepwater Causeway,Mechanic,Repair Dock Deepwater,53,17,15,3,2
SHOP-0445,Geothermal Abyss,The Abyssal Trench,Ballast Spine,Food Stall,Griddle Row Ballast,53,25,15,3,2
SHOP-0446,Geothermal Abyss,The Abyssal Trench,Ballast Spine,Marketplace,Open Market Ballast,53,15,15,3,2
SHOP-0447,Geothermal Abyss,The Abyssal Trench,Trench Window,Enchanter,Arcane Polish Trench,53,20,15,3,2
SHOP-0448,Geothermal Abyss,The Abyssal Trench,Trench Window,Alchemist,Remedy House Trench,53,24,15,3,2
SHOP-0449,Geothermal Abyss,The Abyssal Trench,Floodlock Annex,Tailor,Cloak and Cord Floodlock,53,18,15,3,2
SHOP-0450,Geothermal Abyss,The Abyssal Trench,The Abyss Crown,Weapon Skin Shop,EdgeLacquer,53,17,15,3,2
SHOP-0451,Geothermal Abyss,The Wayfora Archipelago,Arrival Harbor,Blacksmith,Hammer at Arrival,58,23,15,3,2
SHOP-0452,Geothermal Abyss,The Wayfora Archipelago,Waystone Pier,General Goods,Loadout Depot Waystone,58,17,15,3,2
SHOP-0453,Geothermal Abyss,The Wayfora Archipelago,Tempest Lookout,Medic,Field Surgery Tempest,58,19,15,3,2
SHOP-0454,Geothermal Abyss,The Wayfora Archipelago,Ember Cay,Inn,The Moonlit Ember,58,17,15,3,2
SHOP-0455,Geothermal Abyss,The Wayfora Archipelago,Tideglass Lagoon,Weapon Skin Shop,Chromaforge Tideglass,58,18,15,3,2
SHOP-0456,Geothermal Abyss,The Wayfora Archipelago,Zephyr Bridge,Marketplace,Trade Circle Zephyr,58,21,15,3,2
SHOP-0457,Geothermal Abyss,The Wayfora Archipelago,Zephyr Bridge,General Goods,Provisions of Zephyr,58,17,15,3,2
SHOP-0458,Geothermal Abyss,The Wayfora Archipelago,Elemental Shrine Ring,Tailor,Needlehouse Elemental,58,22,15,3,2
SHOP-0459,Geothermal Abyss,The Wayfora Archipelago,Transit Beacon,Armor Dye Pack Shop,Pigment Loft Transit,58,19,15,3,2
SHOP-0460,Geothermal Abyss,The Wayfora Archipelago,Outer Breakwater,Food Stall,Hotplate Outer,58,19,15,3,2
