region,sub_location,area,map_file,shops
01 Cosmic Layer,01 Lunar Readiness Base,Lunar Command Citadel,area_maps/sub_locations/01_cosmic_layer/01_lunar_readiness_base/01_lunar_command_citadel_map.png,Mechanic: Boltworks Lunar; General Goods: Supply Post Lunar
01 Cosmic Layer,01 Lunar Readiness Base,Crater Gantry Loop,area_maps/sub_locations/01_cosmic_layer/01_lunar_readiness_base/02_crater_gantry_loop_map.png,Medic: Field Surgery Crater
01 Cosmic Layer,01 Lunar Readiness Base,Surface Launch Gantries,area_maps/sub_locations/01_cosmic_layer/01_lunar_readiness_base/03_surface_launch_gantries_map.png,Armor Dye Pack Shop: Color Forge Surface
01 Cosmic Layer,01 Lunar Readiness Base,Anti-Orbital Battery Grid,area_maps/sub_locations/01_cosmic_layer/01_lunar_readiness_base/04_anti_orbital_battery_grid_map.png,Inn: The Wandering Anti-Orbital; Armor Dye Pack Shop: Color Forge Anti-Orbital
01 Cosmic Layer,01 Lunar Readiness Base,Troop Barracks & Armories,area_maps/sub_locations/01_cosmic_layer/01_lunar_readiness_base/05_troop_barracks_and_armories_map.png,Blacksmith: Smelter of Troop; Weapon Skin Shop: Patternsmith Troop
01 Cosmic Layer,01 Lunar Readiness Base,Vehicle Hangars,area_maps/sub_locations/01_cosmic_layer/01_lunar_readiness_base/06_vehicle_hangars_map.png,Alchemist: Elixir Nook Vehicle; Tailor: Stitchmark Vehicle
01 Cosmic Layer,01 Lunar Readiness Base,Resource Refinery Complex,area_maps/sub_locations/01_cosmic_layer/01_lunar_readiness_base/07_resource_refinery_complex_map.png,Weapon Skin Shop: EdgeLacquer Resource
01 Cosmic Layer,01 Lunar Readiness Base,Helipad & Dropship Pads,area_maps/sub_locations/01_cosmic_layer/01_lunar_readiness_base/08_helipad_and_dropship_pads_map.png,Tailor: Thread & Hem Helipad
01 Cosmic Layer,01 Lunar Readiness Base,Maintenance Trenches,area_maps/sub_locations/01_cosmic_layer/01_lunar_readiness_base/09_maintenance_trenches_map.png,Stable: Saddle Gate Maintenance; Weapon Skin Shop: EdgeLacquer Maintenance
01 Cosmic Layer,02 Planet Defense Perimeter,Central Defense Ring,area_maps/sub_locations/01_cosmic_layer/02_planet_defense_perimeter/01_central_defense_ring_map.png,General Goods: Supply Post Central
01 Cosmic Layer,02 Planet Defense Perimeter,Laser Cannon Batteries,area_maps/sub_locations/01_cosmic_layer/02_planet_defense_perimeter/02_laser_cannon_batteries_map.png,Armor Dye Pack Shop: Dyehouse Laser
01 Cosmic Layer,02 Planet Defense Perimeter,Missile Defense Arrays,area_maps/sub_locations/01_cosmic_layer/02_planet_defense_perimeter/03_missile_defense_arrays_map.png,Food Stall: Griddle Row Missile; Relic Trader: Heritage Stand Missile
01 Cosmic Layer,02 Planet Defense Perimeter,Drone Interceptor Wings,area_maps/sub_locations/01_cosmic_layer/02_planet_defense_perimeter/04_drone_interceptor_wings_map.png,Blacksmith: Smelter of Drone
01 Cosmic Layer,02 Planet Defense Perimeter,Quantum Jammer Nodes,area_maps/sub_locations/01_cosmic_layer/02_planet_defense_perimeter/05_quantum_jammer_nodes_map.png,Weapon Skin Shop: Chromaforge Quantum
01 Cosmic Layer,02 Planet Defense Perimeter,Missile Silo Cluster,area_maps/sub_locations/01_cosmic_layer/02_planet_defense_perimeter/06_missile_silo_cluster_map.png,Tailor: Cloak and Cord Missile
01 Cosmic Layer,02 Planet Defense Perimeter,Defense Relay Alpha,area_maps/sub_locations/01_cosmic_layer/02_planet_defense_perimeter/07_defense_relay_alpha_map.png,Tailor: Thread & Hem Defense
01 Cosmic Layer,02 Planet Defense Perimeter,Defense Relay Beta,area_maps/sub_locations/01_cosmic_layer/02_planet_defense_perimeter/08_defense_relay_beta_map.png,Inn: The Moonlit Defense
01 Cosmic Layer,02 Planet Defense Perimeter,Orbital Patrol Squadron,area_maps/sub_locations/01_cosmic_layer/02_planet_defense_perimeter/09_orbital_patrol_squadron_map.png,Medic: Field Surgery Orbital
01 Cosmic Layer,02 Planet Defense Perimeter,Drone Interceptor Hangars,area_maps/sub_locations/01_cosmic_layer/02_planet_defense_perimeter/10_drone_interceptor_hangars_map.png,Stable: Saddle Gate Drone
01 Cosmic Layer,02 Planet Defense Perimeter,Patrol Squadron Docks,area_maps/sub_locations/01_cosmic_layer/02_planet_defense_perimeter/11_patrol_squadron_docks_map.png,Medic: Mender Post Patrol; Curio Shop: Curio Niche Patrol
01 Cosmic Layer,02 Planet Defense Perimeter,Early-Warning Satellite Spine,area_maps/sub_locations/01_cosmic_layer/02_planet_defense_perimeter/12_early_warning_satellite_spine_map.png,Alchemist: Tonic Cellar Early-Warning; Enchanter: Sigil Loom Early-Warning
01 Cosmic Layer,02 Planet Defense Perimeter,Breach Zone Kraken-7,area_maps/sub_locations/01_cosmic_layer/02_planet_defense_perimeter/13_breach_zone_kraken_7_map.png,General Goods: Provisions of Breach; Enchanter: Spellwire Breach
01 Cosmic Layer,02 Planet Defense Perimeter,Breach Zone Wraith-3,area_maps/sub_locations/01_cosmic_layer/02_planet_defense_perimeter/14_breach_zone_wraith_3_map.png,none
01 Cosmic Layer,03 Orbital Tether Station,Central Docking Ring,area_maps/sub_locations/01_cosmic_layer/03_orbital_tether_station/01_central_docking_ring_map.png,Marketplace: Merchant Court Central
01 Cosmic Layer,03 Orbital Tether Station,Cargo Docks North,area_maps/sub_locations/01_cosmic_layer/03_orbital_tether_station/02_cargo_docks_north_map.png,Marketplace: Merchant Court Cargo
01 Cosmic Layer,03 Orbital Tether Station,Cargo Docks South,area_maps/sub_locations/01_cosmic_layer/03_orbital_tether_station/03_cargo_docks_south_map.png,Relic Trader: Heritage Stand Cargo
01 Cosmic Layer,03 Orbital Tether Station,Passenger Terminal,area_maps/sub_locations/01_cosmic_layer/03_orbital_tether_station/04_passenger_terminal_map.png,Inn: The Iron Passenger
01 Cosmic Layer,03 Orbital Tether Station,Customs Concourse,area_maps/sub_locations/01_cosmic_layer/03_orbital_tether_station/05_customs_concourse_map.png,Curio Shop: Lucky Relics Customs
01 Cosmic Layer,03 Orbital Tether Station,Fuel & Repair Depot,area_maps/sub_locations/01_cosmic_layer/03_orbital_tether_station/06_fuel_and_repair_depot_map.png,Mechanic: Spanner Bay Fuel
01 Cosmic Layer,03 Orbital Tether Station,Maintenance Spires,area_maps/sub_locations/01_cosmic_layer/03_orbital_tether_station/07_maintenance_spires_map.png,Armor Dye Pack Shop: Dyehouse Maintenance; Mechanic: Repair Dock Maintenance
01 Cosmic Layer,03 Orbital Tether Station,Shuttle Berths,area_maps/sub_locations/01_cosmic_layer/03_orbital_tether_station/08_shuttle_berths_map.png,General Goods: Supply Post Shuttle; Relic Trader: Oldlight Finds Shuttle
01 Cosmic Layer,03 Orbital Tether Station,Tether Anchor Array,area_maps/sub_locations/01_cosmic_layer/03_orbital_tether_station/09_tether_anchor_array_map.png,Weapon Skin Shop: EdgeLacquer Ter
01 Cosmic Layer,03 Orbital Tether Station,Power Core Nexus,area_maps/sub_locations/01_cosmic_layer/03_orbital_tether_station/10_power_core_nexus_map.png,Blacksmith: Steelhouse Power; Stable: Surestep Yard Power
01 Cosmic Layer,04 Space Elevator,Surface Nexus,area_maps/sub_locations/01_cosmic_layer/04_space_elevator/01_surface_nexus_map.png,Curio Shop: Curio Niche Surface
01 Cosmic Layer,04 Space Elevator,Climber Dock & Launch Bay,area_maps/sub_locations/01_cosmic_layer/04_space_elevator/02_climber_dock_and_launch_bay_map.png,Enchanter: Arcane Polish Climber
01 Cosmic Layer,04 Space Elevator,Emergency Detach Systems,area_maps/sub_locations/01_cosmic_layer/04_space_elevator/03_emergency_detach_systems_map.png,Inn: The Moonlit Emergency
01 Cosmic Layer,04 Space Elevator,Tether Control Node,area_maps/sub_locations/01_cosmic_layer/04_space_elevator/04_tether_control_node_map.png,Food Stall: Lantern Kitchen Ter; Stable: Beast Hitch Ter
01 Cosmic Layer,04 Space Elevator,Climber Loading Bay,area_maps/sub_locations/01_cosmic_layer/04_space_elevator/05_climber_loading_bay_map.png,Marketplace: Merchant Court Climber
01 Cosmic Layer,04 Space Elevator,Counterweight Platform,area_maps/sub_locations/01_cosmic_layer/04_space_elevator/06_counterweight_platform_map.png,Weapon Skin Shop: Patternsmith Counterweight
01 Cosmic Layer,04 Space Elevator,Stabilizer Arrays,area_maps/sub_locations/01_cosmic_layer/04_space_elevator/07_stabilizer_arrays_map.png,Medic: Remedy Booth Stabilizer; Mechanic: Spanner Bay Stabilizer
01 Cosmic Layer,04 Space Elevator,Maintenance Collar,area_maps/sub_locations/01_cosmic_layer/04_space_elevator/08_maintenance_collar_map.png,Blacksmith: Forge of Maintenance; Weapon Skin Shop: Patternsmith Maintenance
01 Cosmic Layer,04 Space Elevator,Integrity Monitor Stations,area_maps/sub_locations/01_cosmic_layer/04_space_elevator/09_integrity_monitor_stations_map.png,Mechanic: Boltworks Integrity
01 Cosmic Layer,04 Space Elevator,Upper Tether Junction,area_maps/sub_locations/01_cosmic_layer/04_space_elevator/10_upper_tether_junction_map.png,Armor Dye Pack Shop: Dyehouse Upper; Alchemist: Elixir Nook Upper
02 Urban Core,01 The Zenith Spire,Executive Crown,area_maps/sub_locations/02_urban_core/01_the_zenith_spire/01_executive_crown_map.png,Curio Shop: Curio Niche Executive
02 Urban Core,01 The Zenith Spire,Skybridge Decks,area_maps/sub_locations/02_urban_core/01_the_zenith_spire/02_skybridge_decks_map.png,Tailor: Thread & Hem Skybridge
02 Urban Core,01 The Zenith Spire,Observation Halo,area_maps/sub_locations/02_urban_core/01_the_zenith_spire/03_observation_halo_map.png,Armor Dye Pack Shop: Pigment Loft Observation
02 Urban Core,01 The Zenith Spire,Corporate Council Atrium,area_maps/sub_locations/02_urban_core/01_the_zenith_spire/04_corporate_council_atrium_map.png,Blacksmith: Hammer at Corporate; General Goods: Supply Post Corporate
02 Urban Core,01 The Zenith Spire,Command Nexus,area_maps/sub_locations/02_urban_core/01_the_zenith_spire/05_command_nexus_map.png,Medic: Field Surgery Command
02 Urban Core,01 The Zenith Spire,Security Ring,area_maps/sub_locations/02_urban_core/01_the_zenith_spire/06_security_ring_map.png,Weapon Skin Shop: Patternsmith Security; Alchemist: Glassleaf Phials Security
02 Urban Core,01 The Zenith Spire,Data Vault Complex,area_maps/sub_locations/02_urban_core/01_the_zenith_spire/07_data_vault_complex_map.png,none
02 Urban Core,01 The Zenith Spire,Transit Lift Core,area_maps/sub_locations/02_urban_core/01_the_zenith_spire/08_transit_lift_core_map.png,Food Stall: Lantern Kitchen Transit; Blacksmith: Hammer at Transit
02 Urban Core,01 The Zenith Spire,Spire Plaza,area_maps/sub_locations/02_urban_core/01_the_zenith_spire/09_spire_plaza_map.png,Medic: Mender Post Spire; Food Stall: Griddle Row Spire
02 Urban Core,01 The Zenith Spire,Maintenance Conduits,area_maps/sub_locations/02_urban_core/01_the_zenith_spire/10_maintenance_conduits_map.png,Relic Trader: Heritage Stand Maintenance; Stable: Mount Roost Maintenance
02 Urban Core,01 The Zenith Spire,Power Plant,area_maps/sub_locations/02_urban_core/01_the_zenith_spire/11_power_plant_map.png,Inn: The Silver Power; Alchemist: Elixir Nook Power
02 Urban Core,01 The Zenith Spire,Life Support & Recycling,area_maps/sub_locations/02_urban_core/01_the_zenith_spire/12_life_support_and_recycling_map.png,none
02 Urban Core,02 The Provisioning Sectors,Bulk Forges & Fabricators,area_maps/sub_locations/02_urban_core/02_the_provisioning_sectors/01_bulk_forges_and_fabricators_map.png,Stable: Beast Hitch Bulk
02 Urban Core,02 The Provisioning Sectors,Agri-Domes & Hydro Farms,area_maps/sub_locations/02_urban_core/02_the_provisioning_sectors/02_agri_domes_and_hydro_farms_map.png,Blacksmith: Steelhouse Agri-Domes; Curio Shop: Curio Niche Agri-Domes
02 Urban Core,02 The Provisioning Sectors,Logistics Depots,area_maps/sub_locations/02_urban_core/02_the_provisioning_sectors/03_logistics_depots_map.png,Medic: Remedy Booth Logistics; Armor Dye Pack Shop: Color Forge Logistics
02 Urban Core,02 The Provisioning Sectors,Ration Houses & Kitchens,area_maps/sub_locations/02_urban_core/02_the_provisioning_sectors/04_ration_houses_and_kitchens_map.png,Enchanter: Arcane Polish Ration
02 Urban Core,02 The Provisioning Sectors,Vendor Lanes,area_maps/sub_locations/02_urban_core/02_the_provisioning_sectors/05_vendor_lanes_map.png,Relic Trader: Heritage Stand Vendor
02 Urban Core,02 The Provisioning Sectors,Rooftop Bazaars,area_maps/sub_locations/02_urban_core/02_the_provisioning_sectors/06_rooftop_bazaars_map.png,Armor Dye Pack Shop: Dyehouse Rooftop
02 Urban Core,02 The Provisioning Sectors,Loading Platforms,area_maps/sub_locations/02_urban_core/02_the_provisioning_sectors/07_loading_platforms_map.png,Marketplace: Open Market Loading
02 Urban Core,02 The Provisioning Sectors,Cold Storage Towers,area_maps/sub_locations/02_urban_core/02_the_provisioning_sectors/08_cold_storage_towers_map.png,Food Stall: Lantern Kitchen Cold
02 Urban Core,02 The Provisioning Sectors,Freight Transfer Courts,area_maps/sub_locations/02_urban_core/02_the_provisioning_sectors/09_freight_transfer_courts_map.png,Weapon Skin Shop: Patternsmith Freight; Relic Trader: Oldlight Finds Freight
02 Urban Core,02 The Provisioning Sectors,Service Alleys,area_maps/sub_locations/02_urban_core/02_the_provisioning_sectors/10_service_alleys_map.png,Inn: The Rested Service
02 Urban Core,03 The On Demand Arteries,Express Fulfillment Towers,area_maps/sub_locations/02_urban_core/03_the_on_demand_arteries/01_express_fulfillment_towers_map.png,Inn: The Silver Express; Marketplace: Merchant Court Express
02 Urban Core,03 The On Demand Arteries,Flash Manufactories,area_maps/sub_locations/02_urban_core/03_the_on_demand_arteries/02_flash_manufactories_map.png,Marketplace: Trade Circle Flash
02 Urban Core,03 The On Demand Arteries,Same-Day Foundries,area_maps/sub_locations/02_urban_core/03_the_on_demand_arteries/03_same_day_foundries_map.png,Weapon Skin Shop: Skinworks Same-Day
02 Urban Core,03 The On Demand Arteries,Adaptive Warehouses,area_maps/sub_locations/02_urban_core/03_the_on_demand_arteries/04_adaptive_warehouses_map.png,Blacksmith: Hammer at Adaptive
02 Urban Core,03 The On Demand Arteries,Skyway Exchange Loop,area_maps/sub_locations/02_urban_core/03_the_on_demand_arteries/05_skyway_exchange_loop_map.png,Curio Shop: Curio Niche Skyway
02 Urban Core,03 The On Demand Arteries,Mag-Rail Merge,area_maps/sub_locations/02_urban_core/03_the_on_demand_arteries/06_mag_rail_merge_map.png,Armor Dye Pack Shop: Shadeworks Mag-Rail; Weapon Skin Shop: Skinworks Mag-Rail
02 Urban Core,03 The On Demand Arteries,Delivery Drone Port,area_maps/sub_locations/02_urban_core/03_the_on_demand_arteries/07_delivery_drone_port_map.png,Enchanter: Arcane Polish Delivery
02 Urban Core,03 The On Demand Arteries,Overpass Clash Zone,area_maps/sub_locations/02_urban_core/03_the_on_demand_arteries/08_overpass_clash_zone_map.png,Mechanic: Repair Dock Overpass
02 Urban Core,03 The On Demand Arteries,Transit Ramp Nexus,area_maps/sub_locations/02_urban_core/03_the_on_demand_arteries/09_transit_ramp_nexus_map.png,none
02 Urban Core,03 The On Demand Arteries,Toll Gate Cluster,area_maps/sub_locations/02_urban_core/03_the_on_demand_arteries/10_toll_gate_cluster_map.png,Stable: Surestep Yard Toll
02 Urban Core,04 The Raid Rush Choke Points,Barricaded Funnels,area_maps/sub_locations/02_urban_core/04_the_raid_rush_choke_points/01_barricaded_funnels_map.png,Medic: Field Surgery Barricaded
02 Urban Core,04 The Raid Rush Choke Points,Turret Lines,area_maps/sub_locations/02_urban_core/04_the_raid_rush_choke_points/02_turret_lines_map.png,Alchemist: Elixir Nook Turret
02 Urban Core,04 The Raid Rush Choke Points,Drone Nests,area_maps/sub_locations/02_urban_core/04_the_raid_rush_choke_points/03_drone_nests_map.png,Weapon Skin Shop: Chromaforge Drone
02 Urban Core,04 The Raid Rush Choke Points,Kill Corridors,area_maps/sub_locations/02_urban_core/04_the_raid_rush_choke_points/04_kill_corridors_map.png,Blacksmith: Anvil of Kill
02 Urban Core,04 The Raid Rush Choke Points,Gatehouse Forts,area_maps/sub_locations/02_urban_core/04_the_raid_rush_choke_points/05_gatehouse_forts_map.png,Tailor: Cloak and Cord Gatehouse
02 Urban Core,04 The Raid Rush Choke Points,Tactical Control Bunker,area_maps/sub_locations/02_urban_core/04_the_raid_rush_choke_points/06_tactical_control_bunker_map.png,Enchanter: Runelight Tactical
02 Urban Core,04 The Raid Rush Choke Points,Fallback Node,area_maps/sub_locations/02_urban_core/04_the_raid_rush_choke_points/07_fallback_node_map.png,none
02 Urban Core,04 The Raid Rush Choke Points,Siege Ramp Access,area_maps/sub_locations/02_urban_core/04_the_raid_rush_choke_points/08_siege_ramp_access_map.png,Curio Shop: Lucky Relics Siege
02 Urban Core,04 The Raid Rush Choke Points,Security Wall Segment,area_maps/sub_locations/02_urban_core/04_the_raid_rush_choke_points/09_security_wall_segment_map.png,Armor Dye Pack Shop: Pigment Loft Security
02 Urban Core,04 The Raid Rush Choke Points,Emergency Med Station,area_maps/sub_locations/02_urban_core/04_the_raid_rush_choke_points/10_emergency_med_station_map.png,Inn: The Moonlit Emergency
02 Urban Core,05 The Front Matter Void,Reality Fracture Edge,area_maps/sub_locations/02_urban_core/05_the_front_matter_void/01_reality_fracture_edge_map.png,Blacksmith: Smelter of Reality; General Goods: Provisions of Reality
02 Urban Core,05 The Front Matter Void,Blank-Load Terraces,area_maps/sub_locations/02_urban_core/05_the_front_matter_void/02_blank_load_terraces_map.png,none
02 Urban Core,05 The Front Matter Void,Null Plaza,area_maps/sub_locations/02_urban_core/05_the_front_matter_void/03_null_plaza_map.png,Enchanter: Arcane Polish Null; General Goods: Provisions of Null
02 Urban Core,05 The Front Matter Void,Data Tear Corridor,area_maps/sub_locations/02_urban_core/05_the_front_matter_void/04_data_tear_corridor_map.png,Stable: Saddle Gate Data
02 Urban Core,05 The Front Matter Void,Anomaly Plaza,area_maps/sub_locations/02_urban_core/05_the_front_matter_void/05_anomaly_plaza_map.png,General Goods: Loadout Depot Anomaly; Armor Dye Pack Shop: Shadeworks Anomaly
02 Urban Core,05 The Front Matter Void,Geometry Spill,area_maps/sub_locations/02_urban_core/05_the_front_matter_void/06_geometry_spill_map.png,Weapon Skin Shop: Chromaforge Geometry
02 Urban Core,05 The Front Matter Void,Static Bridge,area_maps/sub_locations/02_urban_core/05_the_front_matter_void/07_static_bridge_map.png,Curio Shop: Lucky Relics Static
02 Urban Core,05 The Front Matter Void,Voidwatch Platform,area_maps/sub_locations/02_urban_core/05_the_front_matter_void/08_voidwatch_platform_map.png,Food Stall: Spice Cart Voidwatch; Alchemist: Remedy House Voidwatch
02 Urban Core,05 The Front Matter Void,Fracture Beacon,area_maps/sub_locations/02_urban_core/05_the_front_matter_void/09_fracture_beacon_map.png,Armor Dye Pack Shop: Color Forge Fracture
02 Urban Core,05 The Front Matter Void,Emergency Seal Gate,area_maps/sub_locations/02_urban_core/05_the_front_matter_void/10_emergency_seal_gate_map.png,Inn: The Iron Emergency
02 Urban Core,06 The Micro Markets,Bazaar Ring,area_maps/sub_locations/02_urban_core/06_the_micro_markets/01_bazaar_ring_map.png,Armor Dye Pack Shop: Pigment Loft Bazaar
02 Urban Core,06 The Micro Markets,Street Bazaar & Stalls,area_maps/sub_locations/02_urban_core/06_the_micro_markets/02_street_bazaar_and_stalls_map.png,Inn: The Wandering Street
02 Urban Core,06 The Micro Markets,Black-Market Alleys,area_maps/sub_locations/02_urban_core/06_the_micro_markets/03_black_market_alleys_map.png,Tailor: Needlehouse Black-Market
02 Urban Core,06 The Micro Markets,Pawn Arcades,area_maps/sub_locations/02_urban_core/06_the_micro_markets/04_pawn_arcades_map.png,Blacksmith: Smelter of Pawn
02 Urban Core,06 The Micro Markets,Loot & Gear Bazaars,area_maps/sub_locations/02_urban_core/06_the_micro_markets/05_loot_and_gear_bazaars_map.png,Curio Shop: Curio Niche Loot; Blacksmith: Anvil of Loot
02 Urban Core,06 The Micro Markets,Prize Drop Plaza,area_maps/sub_locations/02_urban_core/06_the_micro_markets/06_prize_drop_plaza_map.png,none
02 Urban Core,06 The Micro Markets,Hidden Exchange Court,area_maps/sub_locations/02_urban_core/06_the_micro_markets/07_hidden_exchange_court_map.png,Mechanic: Cog & Weld Hidden
02 Urban Core,06 The Micro Markets,Vendor Stack Towers,area_maps/sub_locations/02_urban_core/06_the_micro_markets/08_vendor_stack_towers_map.png,Enchanter: Arcane Polish Vendor
02 Urban Core,06 The Micro Markets,Transit Kiosk Row,area_maps/sub_locations/02_urban_core/06_the_micro_markets/09_transit_kiosk_row_map.png,Weapon Skin Shop: Skinworks Transit; Relic Trader: Antique Vault Transit
02 Urban Core,06 The Micro Markets,Rooftop Safehouse,area_maps/sub_locations/02_urban_core/06_the_micro_markets/10_rooftop_safehouse_map.png,Stable: Mount Roost Rooftop
03 Western Wastes And Arid Plains,01 The Resonant Peaks,Echo Crown,area_maps/sub_locations/03_western_wastes_and_arid_plains/01_the_resonant_peaks/01_echo_crown_map.png,General Goods: Provisions of Echo
03 Western Wastes And Arid Plains,01 The Resonant Peaks,Summit Causeway,area_maps/sub_locations/03_western_wastes_and_arid_plains/01_the_resonant_peaks/02_summit_causeway_map.png,Inn: The Ember Summit; Marketplace: Merchant Court Summit
03 Western Wastes And Arid Plains,01 The Resonant Peaks,Harmonic Spire,area_maps/sub_locations/03_western_wastes_and_arid_plains/01_the_resonant_peaks/03_harmonic_spire_map.png,General Goods: Pack & Barrel Harmonic
03 Western Wastes And Arid Plains,01 The Resonant Peaks,Wind Shrine,area_maps/sub_locations/03_western_wastes_and_arid_plains/01_the_resonant_peaks/04_wind_shrine_map.png,Marketplace: Merchant Court Wind; Medic: Field Surgery Wind
03 Western Wastes And Arid Plains,01 The Resonant Peaks,Resonance Basin,area_maps/sub_locations/03_western_wastes_and_arid_plains/01_the_resonant_peaks/05_resonance_basin_map.png,Alchemist: Glassleaf Phials Resonance
03 Western Wastes And Arid Plains,01 The Resonant Peaks,Avalanche Steps,area_maps/sub_locations/03_western_wastes_and_arid_plains/01_the_resonant_peaks/06_avalanche_steps_map.png,Weapon Skin Shop: EdgeLacquer Avalanche
03 Western Wastes And Arid Plains,01 The Resonant Peaks,Choir Pass,area_maps/sub_locations/03_western_wastes_and_arid_plains/01_the_resonant_peaks/07_choir_pass_map.png,Mechanic: Repair Dock Choir
03 Western Wastes And Arid Plains,01 The Resonant Peaks,Watcher Ledge,area_maps/sub_locations/03_western_wastes_and_arid_plains/01_the_resonant_peaks/08_watcher_ledge_map.png,Blacksmith: Smelter of Watcher
03 Western Wastes And Arid Plains,01 The Resonant Peaks,Resonance Towers,area_maps/sub_locations/03_western_wastes_and_arid_plains/01_the_resonant_peaks/09_resonance_towers_map.png,Armor Dye Pack Shop: Dyehouse Resonance
03 Western Wastes And Arid Plains,01 The Resonant Peaks,Deep Echo Cavern,area_maps/sub_locations/03_western_wastes_and_arid_plains/01_the_resonant_peaks/10_deep_echo_cavern_map.png,Tailor: Stitchmark Deep; Marketplace: Bazaar Lane Deep
03 Western Wastes And Arid Plains,02 The Sonic Badlands,Tuning Fork Expanse,area_maps/sub_locations/03_western_wastes_and_arid_plains/02_the_sonic_badlands/01_tuning_fork_expanse_map.png,Armor Dye Pack Shop: Color Forge Tuning
03 Western Wastes And Arid Plains,02 The Sonic Badlands,Standing Wave Gulch,area_maps/sub_locations/03_western_wastes_and_arid_plains/02_the_sonic_badlands/02_standing_wave_gulch_map.png,Enchanter: Sigil Loom Standing; Relic Trader: Oldlight Finds Standing
03 Western Wastes And Arid Plains,02 The Sonic Badlands,Resonance Dunes,area_maps/sub_locations/03_western_wastes_and_arid_plains/02_the_sonic_badlands/03_resonance_dunes_map.png,Medic: Firstlight Clinic Resonance; General Goods: Supply Post Resonance
03 Western Wastes And Arid Plains,02 The Sonic Badlands,Feedback Basin,area_maps/sub_locations/03_western_wastes_and_arid_plains/02_the_sonic_badlands/04_feedback_basin_map.png,Curio Shop: Lucky Relics Feedback
03 Western Wastes And Arid Plains,02 The Sonic Badlands,Forkkeeper Outpost,area_maps/sub_locations/03_western_wastes_and_arid_plains/02_the_sonic_badlands/05_forkkeeper_outpost_map.png,Stable: Surestep Yard Forkkeeper
03 Western Wastes And Arid Plains,02 The Sonic Badlands,Echo Drift,area_maps/sub_locations/03_western_wastes_and_arid_plains/02_the_sonic_badlands/06_echo_drift_map.png,Weapon Skin Shop: Chromaforge Echo; Stable: Surestep Yard Echo
03 Western Wastes And Arid Plains,02 The Sonic Badlands,Frequency Wall,area_maps/sub_locations/03_western_wastes_and_arid_plains/02_the_sonic_badlands/07_frequency_wall_map.png,Blacksmith: Smelter of Frequency; Relic Trader: Heritage Stand Frequency
03 Western Wastes And Arid Plains,02 The Sonic Badlands,Storm Channel,area_maps/sub_locations/03_western_wastes_and_arid_plains/02_the_sonic_badlands/08_storm_channel_map.png,Inn: The Rested Storm; Tailor: Needlehouse Storm
03 Western Wastes And Arid Plains,02 The Sonic Badlands,Buried Speaker Monolith,area_maps/sub_locations/03_western_wastes_and_arid_plains/02_the_sonic_badlands/09_buried_speaker_monolith_map.png,General Goods: Supply Post Buried; Relic Trader: Relic Reach Buried
03 Western Wastes And Arid Plains,03 The Heavy Chewer Canyons,Pack Run Gorge,area_maps/sub_locations/03_western_wastes_and_arid_plains/03_the_heavy_chewer_canyons/01_pack_run_gorge_map.png,Medic: Field Surgery Pack
03 Western Wastes And Arid Plains,03 The Heavy Chewer Canyons,Bitewheel Den,area_maps/sub_locations/03_western_wastes_and_arid_plains/03_the_heavy_chewer_canyons/02_bitewheel_den_map.png,Armor Dye Pack Shop: Pigment Loft Bitewheel
03 Western Wastes And Arid Plains,03 The Heavy Chewer Canyons,Scavenger Gate,area_maps/sub_locations/03_western_wastes_and_arid_plains/03_the_heavy_chewer_canyons/03_scavenger_gate_map.png,Food Stall: Spice Cart Scavenger; Stable: Saddle Gate Scavenger
03 Western Wastes And Arid Plains,03 The Heavy Chewer Canyons,Rift Chasm,area_maps/sub_locations/03_western_wastes_and_arid_plains/03_the_heavy_chewer_canyons/04_rift_chasm_map.png,Inn: The Iron Rift
03 Western Wastes And Arid Plains,03 The Heavy Chewer Canyons,Hound Nest Pits,area_maps/sub_locations/03_western_wastes_and_arid_plains/03_the_heavy_chewer_canyons/05_hound_nest_pits_map.png,Tailor: Needlehouse Hound
03 Western Wastes And Arid Plains,03 The Heavy Chewer Canyons,Redcliff Overlook,area_maps/sub_locations/03_western_wastes_and_arid_plains/03_the_heavy_chewer_canyons/06_redcliff_overlook_map.png,Mechanic: Boltworks Redcliff; Armor Dye Pack Shop: Pigment Loft Redcliff
03 Western Wastes And Arid Plains,03 The Heavy Chewer Canyons,Ravine Conveyor,area_maps/sub_locations/03_western_wastes_and_arid_plains/03_the_heavy_chewer_canyons/07_ravine_conveyor_map.png,Blacksmith: Hammer at Ravine
03 Western Wastes And Arid Plains,03 The Heavy Chewer Canyons,Bone-Metal Pass,area_maps/sub_locations/03_western_wastes_and_arid_plains/03_the_heavy_chewer_canyons/08_bone_metal_pass_map.png,Weapon Skin Shop: Chromaforge Bone-Metal
03 Western Wastes And Arid Plains,03 The Heavy Chewer Canyons,Kill Zone Basin,area_maps/sub_locations/03_western_wastes_and_arid_plains/03_the_heavy_chewer_canyons/09_kill_zone_basin_map.png,Stable: Beast Hitch Kill; Blacksmith: Hammer at Kill
03 Western Wastes And Arid Plains,04 The Shut Down Academies,War College Court,area_maps/sub_locations/03_western_wastes_and_arid_plains/04_the_shut_down_academies/01_war_college_court_map.png,Blacksmith: Steelhouse War
03 Western Wastes And Arid Plains,04 The Shut Down Academies,Simulation Hall,area_maps/sub_locations/03_western_wastes_and_arid_plains/04_the_shut_down_academies/02_simulation_hall_map.png,Tailor: Cloak and Cord Simulation; Marketplace: Open Market Simulation
03 Western Wastes And Arid Plains,04 The Shut Down Academies,Command Terrace,area_maps/sub_locations/03_western_wastes_and_arid_plains/04_the_shut_down_academies/03_command_terrace_map.png,Inn: The Ember Command; Mechanic: Spanner Bay Command
03 Western Wastes And Arid Plains,04 The Shut Down Academies,Silent Lecture Dome,area_maps/sub_locations/03_western_wastes_and_arid_plains/04_the_shut_down_academies/04_silent_lecture_dome_map.png,Medic: Firstlight Clinic Silent; General Goods: Loadout Depot Silent
03 Western Wastes And Arid Plains,04 The Shut Down Academies,Drill Quadrant,area_maps/sub_locations/03_western_wastes_and_arid_plains/04_the_shut_down_academies/05_drill_quadrant_map.png,Weapon Skin Shop: Skinworks Drill; Relic Trader: Antique Vault Drill
03 Western Wastes And Arid Plains,04 The Shut Down Academies,Dormitory Ruins,area_maps/sub_locations/03_western_wastes_and_arid_plains/04_the_shut_down_academies/06_dormitory_ruins_map.png,Stable: Saddle Gate Dormitory
03 Western Wastes And Arid Plains,04 The Shut Down Academies,Archive Tower,area_maps/sub_locations/03_western_wastes_and_arid_plains/04_the_shut_down_academies/07_archive_tower_map.png,Armor Dye Pack Shop: Pigment Loft Archive; Inn: The Wandering Archive
03 Western Wastes And Arid Plains,04 The Shut Down Academies,Scholar Gate,area_maps/sub_locations/03_western_wastes_and_arid_plains/04_the_shut_down_academies/08_scholar_gate_map.png,Alchemist: Glassleaf Phials Scholar
03 Western Wastes And Arid Plains,04 The Shut Down Academies,Tactical Overlook,area_maps/sub_locations/03_western_wastes_and_arid_plains/04_the_shut_down_academies/09_tactical_overlook_map.png,Marketplace: Open Market Tactical
03 Western Wastes And Arid Plains,05 The Deprecated Repositories,Index Crypt,area_maps/sub_locations/03_western_wastes_and_arid_plains/05_the_deprecated_repositories/01_index_crypt_map.png,Alchemist: Tonic Cellar Index
03 Western Wastes And Arid Plains,05 The Deprecated Repositories,Archive Spine,area_maps/sub_locations/03_western_wastes_and_arid_plains/05_the_deprecated_repositories/02_archive_spine_map.png,Medic: Mender Post Archive; Enchanter: Spellwire Archive
03 Western Wastes And Arid Plains,05 The Deprecated Repositories,Deprecated Hall,area_maps/sub_locations/03_western_wastes_and_arid_plains/05_the_deprecated_repositories/03_deprecated_hall_map.png,Marketplace: Trade Circle Deprecated; Food Stall: Lantern Kitchen Deprecated
03 Western Wastes And Arid Plains,05 The Deprecated Repositories,Memory Cache Vaults,area_maps/sub_locations/03_western_wastes_and_arid_plains/05_the_deprecated_repositories/04_memory_cache_vaults_map.png,Armor Dye Pack Shop: Dyehouse Memory
03 Western Wastes And Arid Plains,05 The Deprecated Repositories,Catalog Rift,area_maps/sub_locations/03_western_wastes_and_arid_plains/05_the_deprecated_repositories/05_catalog_rift_map.png,Curio Shop: Curio Niche Catalog; Medic: Remedy Booth Catalog
03 Western Wastes And Arid Plains,05 The Deprecated Repositories,Server Ossuary,area_maps/sub_locations/03_western_wastes_and_arid_plains/05_the_deprecated_repositories/06_server_ossuary_map.png,Tailor: Needlehouse Server
03 Western Wastes And Arid Plains,05 The Deprecated Repositories,Quarantine Shelf,area_maps/sub_locations/03_western_wastes_and_arid_plains/05_the_deprecated_repositories/07_quarantine_shelf_map.png,Blacksmith: Smelter of Quarantine
03 Western Wastes And Arid Plains,05 The Deprecated Repositories,Retrieval Lift,area_maps/sub_locations/03_western_wastes_and_arid_plains/05_the_deprecated_repositories/08_retrieval_lift_map.png,Inn: The Green Retrieval
03 Western Wastes And Arid Plains,05 The Deprecated Repositories,Scribes' Catwalks,area_maps/sub_locations/03_western_wastes_and_arid_plains/05_the_deprecated_repositories/09_scribes_catwalks_map.png,Weapon Skin Shop: Chromaforge Scribes'
03 Western Wastes And Arid Plains,06 The Scrap Yard Labyrinth,The Hull Maze,area_maps/sub_locations/03_western_wastes_and_arid_plains/06_the_scrap_yard_labyrinth/01_the_hull_maze_map.png,Weapon Skin Shop: Patternsmith 
03 Western Wastes And Arid Plains,06 The Scrap Yard Labyrinth,Magnet Spires,area_maps/sub_locations/03_western_wastes_and_arid_plains/06_the_scrap_yard_labyrinth/02_magnet_spires_map.png,Armor Dye Pack Shop: Shadeworks Magnet
03 Western Wastes And Arid Plains,06 The Scrap Yard Labyrinth,Salvager Row,area_maps/sub_locations/03_western_wastes_and_arid_plains/06_the_scrap_yard_labyrinth/03_salvager_row_map.png,General Goods: Provisions of Salvager
03 Western Wastes And Arid Plains,06 The Scrap Yard Labyrinth,Graveyard Basin,area_maps/sub_locations/03_western_wastes_and_arid_plains/06_the_scrap_yard_labyrinth/04_graveyard_basin_map.png,Inn: The Quiet Graveyard
03 Western Wastes And Arid Plains,06 The Scrap Yard Labyrinth,Crane Forest,area_maps/sub_locations/03_western_wastes_and_arid_plains/06_the_scrap_yard_labyrinth/05_crane_forest_map.png,Blacksmith: Smelter of Crane
03 Western Wastes And Arid Plains,06 The Scrap Yard Labyrinth,Reactor Pit,area_maps/sub_locations/03_western_wastes_and_arid_plains/06_the_scrap_yard_labyrinth/06_reactor_pit_map.png,Stable: Surestep Yard Reactor
03 Western Wastes And Arid Plains,06 The Scrap Yard Labyrinth,Wreck Gate,area_maps/sub_locations/03_western_wastes_and_arid_plains/06_the_scrap_yard_labyrinth/07_wreck_gate_map.png,Tailor: Thread & Hem Wreck; Blacksmith: Forge of Wreck
03 Western Wastes And Arid Plains,06 The Scrap Yard Labyrinth,Compass Jam Sector,area_maps/sub_locations/03_western_wastes_and_arid_plains/06_the_scrap_yard_labyrinth/08_compass_jam_sector_map.png,Enchanter: Arcane Polish Compass; Blacksmith: Forge of Compass
03 Western Wastes And Arid Plains,06 The Scrap Yard Labyrinth,The Iron Maelstrom,area_maps/sub_locations/03_western_wastes_and_arid_plains/06_the_scrap_yard_labyrinth/09_the_iron_maelstrom_map.png,Food Stall: Spice Cart ; Marketplace: Bazaar Lane 
03 Western Wastes And Arid Plains,07 The Playa Of Ash,Ash Mirror Flats,area_maps/sub_locations/03_western_wastes_and_arid_plains/07_the_playa_of_ash/01_ash_mirror_flats_map.png,Medic: Mender Post Ash; Mechanic: Spanner Bay Ash
03 Western Wastes And Arid Plains,07 The Playa Of Ash,Dustline Camp,area_maps/sub_locations/03_western_wastes_and_arid_plains/07_the_playa_of_ash/02_dustline_camp_map.png,Armor Dye Pack Shop: Pigment Loft Dustline
03 Western Wastes And Arid Plains,07 The Playa Of Ash,Sculpture Ring,area_maps/sub_locations/03_western_wastes_and_arid_plains/07_the_playa_of_ash/03_sculpture_ring_map.png,Marketplace: Bazaar Lane Sculpture; Curio Shop: Lucky Relics Sculpture
03 Western Wastes And Arid Plains,07 The Playa Of Ash,Suntrack Road,area_maps/sub_locations/03_western_wastes_and_arid_plains/07_the_playa_of_ash/04_suntrack_road_map.png,Food Stall: Spice Cart Suntrack; Weapon Skin Shop: Skinworks Suntrack
03 Western Wastes And Arid Plains,07 The Playa Of Ash,Supply Beacon Row,area_maps/sub_locations/03_western_wastes_and_arid_plains/07_the_playa_of_ash/05_supply_beacon_row_map.png,Inn: The Moonlit Supply; Medic: Remedy Booth Supply
03 Western Wastes And Arid Plains,07 The Playa Of Ash,Mirage Yard,area_maps/sub_locations/03_western_wastes_and_arid_plains/07_the_playa_of_ash/06_mirage_yard_map.png,Tailor: Cloak and Cord Mirage
03 Western Wastes And Arid Plains,07 The Playa Of Ash,Waystation Halo,area_maps/sub_locations/03_western_wastes_and_arid_plains/07_the_playa_of_ash/07_waystation_halo_map.png,Blacksmith: Steelhouse Waystation; Stable: Saddle Gate Waystation
03 Western Wastes And Arid Plains,07 The Playa Of Ash,Dry Basin Reach,area_maps/sub_locations/03_western_wastes_and_arid_plains/07_the_playa_of_ash/08_dry_basin_reach_map.png,Weapon Skin Shop: Chromaforge Dry
03 Western Wastes And Arid Plains,07 The Playa Of Ash,Bonewind Ridge,area_maps/sub_locations/03_western_wastes_and_arid_plains/07_the_playa_of_ash/09_bonewind_ridge_map.png,Stable: Saddle Gate Bonewind; Curio Shop: Echo Trinkets Bonewind
03 Western Wastes And Arid Plains,08 The Burning Playa,Inferno Circuit,area_maps/sub_locations/03_western_wastes_and_arid_plains/08_the_burning_playa/01_inferno_circuit_map.png,Food Stall: Lantern Kitchen Inferno
03 Western Wastes And Arid Plains,08 The Burning Playa,Ember Camp,area_maps/sub_locations/03_western_wastes_and_arid_plains/08_the_burning_playa/02_ember_camp_map.png,Weapon Skin Shop: Skinworks Ember
03 Western Wastes And Arid Plains,08 The Burning Playa,Pyre Ring,area_maps/sub_locations/03_western_wastes_and_arid_plains/08_the_burning_playa/03_pyre_ring_map.png,Tailor: Needlehouse Pyre; Enchanter: Runelight Pyre
03 Western Wastes And Arid Plains,08 The Burning Playa,Firewheel Parade Route,area_maps/sub_locations/03_western_wastes_and_arid_plains/08_the_burning_playa/04_firewheel_parade_route_map.png,Inn: The Iron Firewheel
03 Western Wastes And Arid Plains,08 The Burning Playa,Night Basin,area_maps/sub_locations/03_western_wastes_and_arid_plains/08_the_burning_playa/05_night_basin_map.png,Stable: Beast Hitch Night
03 Western Wastes And Arid Plains,08 The Burning Playa,Spark Gate,area_maps/sub_locations/03_western_wastes_and_arid_plains/08_the_burning_playa/06_spark_gate_map.png,Relic Trader: Heritage Stand Spark
03 Western Wastes And Arid Plains,08 The Burning Playa,Smoke Towers,area_maps/sub_locations/03_western_wastes_and_arid_plains/08_the_burning_playa/07_smoke_towers_map.png,Mechanic: Repair Dock Smoke
03 Western Wastes And Arid Plains,08 The Burning Playa,Furnace Idol,area_maps/sub_locations/03_western_wastes_and_arid_plains/08_the_burning_playa/08_furnace_idol_map.png,Blacksmith: Anvil of Furnace; Tailor: Thread & Hem Furnace
03 Western Wastes And Arid Plains,08 The Burning Playa,Saltscar Ridge Lookout,area_maps/sub_locations/03_western_wastes_and_arid_plains/08_the_burning_playa/09_saltscar_ridge_lookout_map.png,Armor Dye Pack Shop: Shadeworks Saltscar; Tailor: Stitchmark Saltscar
03 Western Wastes And Arid Plains,09 The Rhyming Labyrinths,Verse Gate,area_maps/sub_locations/03_western_wastes_and_arid_plains/09_the_rhyming_labyrinths/01_verse_gate_map.png,Armor Dye Pack Shop: Dyehouse Verse
03 Western Wastes And Arid Plains,09 The Rhyming Labyrinths,Echo Spiral,area_maps/sub_locations/03_western_wastes_and_arid_plains/09_the_rhyming_labyrinths/02_echo_spiral_map.png,Marketplace: Bazaar Lane Echo; Alchemist: Tonic Cellar Echo
03 Western Wastes And Arid Plains,09 The Rhyming Labyrinths,Couplet Court,area_maps/sub_locations/03_western_wastes_and_arid_plains/09_the_rhyming_labyrinths/03_couplet_court_map.png,Medic: Field Surgery Couplet
03 Western Wastes And Arid Plains,09 The Rhyming Labyrinths,Meter Walk,area_maps/sub_locations/03_western_wastes_and_arid_plains/09_the_rhyming_labyrinths/04_meter_walk_map.png,Relic Trader: Relic Reach Meter; Food Stall: Lantern Kitchen Meter
03 Western Wastes And Arid Plains,09 The Rhyming Labyrinths,Glass Tongue Corridor,area_maps/sub_locations/03_western_wastes_and_arid_plains/09_the_rhyming_labyrinths/05_glass_tongue_corridor_map.png,Weapon Skin Shop: Chromaforge Glass
03 Western Wastes And Arid Plains,09 The Rhyming Labyrinths,Stanza Vault,area_maps/sub_locations/03_western_wastes_and_arid_plains/09_the_rhyming_labyrinths/06_stanza_vault_map.png,Blacksmith: Smelter of Stanza
03 Western Wastes And Arid Plains,09 The Rhyming Labyrinths,Rhyme Lock Arch,area_maps/sub_locations/03_western_wastes_and_arid_plains/09_the_rhyming_labyrinths/07_rhyme_lock_arch_map.png,Inn: The Moonlit Rhyme
03 Western Wastes And Arid Plains,09 The Rhyming Labyrinths,Cadence Well,area_maps/sub_locations/03_western_wastes_and_arid_plains/09_the_rhyming_labyrinths/08_cadence_well_map.png,Food Stall: Griddle Row Cadence
03 Western Wastes And Arid Plains,09 The Rhyming Labyrinths,Sonic Canopy,area_maps/sub_locations/03_western_wastes_and_arid_plains/09_the_rhyming_labyrinths/09_sonic_canopy_map.png,Mechanic: Repair Dock Sonic
03 Western Wastes And Arid Plains,10 The Phonetic Wastes,Consonant Ridge,area_maps/sub_locations/03_western_wastes_and_arid_plains/10_the_phonetic_wastes/01_consonant_ridge_map.png,Enchanter: Sigil Loom Consonant; Tailor: Stitchmark Consonant
03 Western Wastes And Arid Plains,10 The Phonetic Wastes,Vowel Dunes,area_maps/sub_locations/03_western_wastes_and_arid_plains/10_the_phonetic_wastes/02_vowel_dunes_map.png,Alchemist: Tonic Cellar Vowel; General Goods: Provisions of Vowel
03 Western Wastes And Arid Plains,10 The Phonetic Wastes,Lexicon Flats,area_maps/sub_locations/03_western_wastes_and_arid_plains/10_the_phonetic_wastes/03_lexicon_flats_map.png,Armor Dye Pack Shop: Shadeworks Lexicon
03 Western Wastes And Arid Plains,10 The Phonetic Wastes,Syllable Sink,area_maps/sub_locations/03_western_wastes_and_arid_plains/10_the_phonetic_wastes/04_syllable_sink_map.png,Weapon Skin Shop: Skinworks Syllable; Relic Trader: Heritage Stand Syllable
03 Western Wastes And Arid Plains,10 The Phonetic Wastes,Humming Obelisk,area_maps/sub_locations/03_western_wastes_and_arid_plains/10_the_phonetic_wastes/05_humming_obelisk_map.png,General Goods: Supply Post Humming; Stable: Beast Hitch Humming
03 Western Wastes And Arid Plains,10 The Phonetic Wastes,Accent Basin,area_maps/sub_locations/03_western_wastes_and_arid_plains/10_the_phonetic_wastes/06_accent_basin_map.png,Tailor: Thread & Hem Accent
03 Western Wastes And Arid Plains,10 The Phonetic Wastes,Glyph Mirage,area_maps/sub_locations/03_western_wastes_and_arid_plains/10_the_phonetic_wastes/07_glyph_mirage_map.png,Inn: The Ember Glyph
03 Western Wastes And Arid Plains,10 The Phonetic Wastes,Pronunciation Gate,area_maps/sub_locations/03_western_wastes_and_arid_plains/10_the_phonetic_wastes/08_pronunciation_gate_map.png,Tailor: Cloak and Cord Pronunciation
03 Western Wastes And Arid Plains,10 The Phonetic Wastes,Sonic Dust Storm,area_maps/sub_locations/03_western_wastes_and_arid_plains/10_the_phonetic_wastes/09_sonic_dust_storm_map.png,Food Stall: Spice Cart Sonic
03 Western Wastes And Arid Plains,10 The Phonetic Wastes,Echo Forum,area_maps/sub_locations/03_western_wastes_and_arid_plains/10_the_phonetic_wastes/10_echo_forum_map.png,Blacksmith: Hammer at Echo; Inn: The Ember Echo
04 Eastern Wilds And Ancient Archives,01 The Emerald Canopy Sanctuary,Verdant Spire Roost,area_maps/sub_locations/04_eastern_wilds_and_ancient_archives/01_the_emerald_canopy_sanctuary/01_verdant_spire_roost_map.png,Armor Dye Pack Shop: Shadeworks Verdant
04 Eastern Wilds And Ancient Archives,01 The Emerald Canopy Sanctuary,Canopy Arch Bridges,area_maps/sub_locations/04_eastern_wilds_and_ancient_archives/01_the_emerald_canopy_sanctuary/02_canopy_arch_bridges_map.png,Inn: The Iron Canopy
04 Eastern Wilds And Ancient Archives,01 The Emerald Canopy Sanctuary,Vine Transit Spine,area_maps/sub_locations/04_eastern_wilds_and_ancient_archives/01_the_emerald_canopy_sanctuary/03_vine_transit_spine_map.png,General Goods: Provisions of Vine; Curio Shop: Echo Trinkets Vine
04 Eastern Wilds And Ancient Archives,01 The Emerald Canopy Sanctuary,Luminroot Shrine Clearing,area_maps/sub_locations/04_eastern_wilds_and_ancient_archives/01_the_emerald_canopy_sanctuary/04_luminroot_shrine_clearing_map.png,Enchanter: Sigil Loom Luminroot; Stable: Surestep Yard Luminroot
04 Eastern Wilds And Ancient Archives,01 The Emerald Canopy Sanctuary,Sanctuary Pools,area_maps/sub_locations/04_eastern_wilds_and_ancient_archives/01_the_emerald_canopy_sanctuary/05_sanctuary_pools_map.png,Blacksmith: Smelter of Sanctuary
04 Eastern Wilds And Ancient Archives,01 The Emerald Canopy Sanctuary,Beast Battleground Route,area_maps/sub_locations/04_eastern_wilds_and_ancient_archives/01_the_emerald_canopy_sanctuary/06_beast_battleground_route_map.png,Stable: Saddle Gate Beast
04 Eastern Wilds And Ancient Archives,01 The Emerald Canopy Sanctuary,Ranger Outpost: Greenwatch,area_maps/sub_locations/04_eastern_wilds_and_ancient_archives/01_the_emerald_canopy_sanctuary/07_ranger_outpost_greenwatch_map.png,Mechanic: Repair Dock Ranger
04 Eastern Wilds And Ancient Archives,01 The Emerald Canopy Sanctuary,Mycelial Commune,area_maps/sub_locations/04_eastern_wilds_and_ancient_archives/01_the_emerald_canopy_sanctuary/08_mycelial_commune_map.png,Food Stall: Hotplate Mycelial
04 Eastern Wilds And Ancient Archives,01 The Emerald Canopy Sanctuary,Titanroot Pass,area_maps/sub_locations/04_eastern_wilds_and_ancient_archives/01_the_emerald_canopy_sanctuary/09_titanroot_pass_map.png,Weapon Skin Shop: Skinworks Titanroot
04 Eastern Wilds And Ancient Archives,02 The Whispering Glade,Echoing Canopy,area_maps/sub_locations/04_eastern_wilds_and_ancient_archives/02_the_whispering_glade/01_echoing_canopy_map.png,Weapon Skin Shop: Skinworks Echoing; Inn: The Green Echoing
04 Eastern Wilds And Ancient Archives,02 The Whispering Glade,Hushbloom Clearing,area_maps/sub_locations/04_eastern_wilds_and_ancient_archives/02_the_whispering_glade/02_hushbloom_clearing_map.png,Marketplace: Trade Circle Hushbloom
04 Eastern Wilds And Ancient Archives,02 The Whispering Glade,Listening Stones,area_maps/sub_locations/04_eastern_wilds_and_ancient_archives/02_the_whispering_glade/03_listening_stones_map.png,Relic Trader: Heritage Stand Listening
04 Eastern Wilds And Ancient Archives,02 The Whispering Glade,Mistbound Pools,area_maps/sub_locations/04_eastern_wilds_and_ancient_archives/02_the_whispering_glade/04_mistbound_pools_map.png,Armor Dye Pack Shop: Shadeworks Mistbound
04 Eastern Wilds And Ancient Archives,02 The Whispering Glade,Veilwalk Paths,area_maps/sub_locations/04_eastern_wilds_and_ancient_archives/02_the_whispering_glade/05_veilwalk_paths_map.png,Stable: Mount Roost Veilwalk; Weapon Skin Shop: EdgeLacquer Veilwalk
04 Eastern Wilds And Ancient Archives,02 The Whispering Glade,Scout Perches,area_maps/sub_locations/04_eastern_wilds_and_ancient_archives/02_the_whispering_glade/06_scout_perches_map.png,General Goods: Provisions of Scout; Food Stall: Griddle Row Scout
04 Eastern Wilds And Ancient Archives,02 The Whispering Glade,Ambush Clearing,area_maps/sub_locations/04_eastern_wilds_and_ancient_archives/02_the_whispering_glade/07_ambush_clearing_map.png,Curio Shop: Curio Niche Ambush
04 Eastern Wilds And Ancient Archives,02 The Whispering Glade,Hollow Archives,area_maps/sub_locations/04_eastern_wilds_and_ancient_archives/02_the_whispering_glade/08_hollow_archives_map.png,Inn: The Wandering Hollow
04 Eastern Wilds And Ancient Archives,02 The Whispering Glade,Silent Bloom Gate,area_maps/sub_locations/04_eastern_wilds_and_ancient_archives/02_the_whispering_glade/09_silent_bloom_gate_map.png,Blacksmith: Hammer at Silent; Enchanter: Arcane Polish Silent
04 Eastern Wilds And Ancient Archives,03 The Canopy Portrait Halls,The Vinegate Entrance,area_maps/sub_locations/04_eastern_wilds_and_ancient_archives/03_the_canopy_portrait_halls/01_the_vinegate_entrance_map.png,Blacksmith: Smelter of 
04 Eastern Wilds And Ancient Archives,03 The Canopy Portrait Halls,The Portrait Galleries,area_maps/sub_locations/04_eastern_wilds_and_ancient_archives/03_the_canopy_portrait_halls/02_the_portrait_galleries_map.png,Weapon Skin Shop: Chromaforge 
04 Eastern Wilds And Ancient Archives,03 The Canopy Portrait Halls,The Echo Balcony,area_maps/sub_locations/04_eastern_wilds_and_ancient_archives/03_the_canopy_portrait_halls/03_the_echo_balcony_map.png,Relic Trader: Relic Reach 
04 Eastern Wilds And Ancient Archives,03 The Canopy Portrait Halls,The Pressure-Plate Bridge,area_maps/sub_locations/04_eastern_wilds_and_ancient_archives/03_the_canopy_portrait_halls/04_the_pressure_plate_bridge_map.png,Curio Shop: Echo Trinkets ; General Goods: Supply Post 
04 Eastern Wilds And Ancient Archives,03 The Canopy Portrait Halls,The Collapsed Gallery,area_maps/sub_locations/04_eastern_wilds_and_ancient_archives/03_the_canopy_portrait_halls/05_the_collapsed_gallery_map.png,Armor Dye Pack Shop: Pigment Loft ; Curio Shop: Lucky Relics 
04 Eastern Wilds And Ancient Archives,03 The Canopy Portrait Halls,The Idol Chamber,area_maps/sub_locations/04_eastern_wilds_and_ancient_archives/03_the_canopy_portrait_halls/06_the_idol_chamber_map.png,Medic: Mender Post 
04 Eastern Wilds And Ancient Archives,03 The Canopy Portrait Halls,The Trap-Floor Hall,area_maps/sub_locations/04_eastern_wilds_and_ancient_archives/03_the_canopy_portrait_halls/07_the_trap_floor_hall_map.png,Tailor: Needlehouse 
04 Eastern Wilds And Ancient Archives,03 The Canopy Portrait Halls,The Forgotten Archives,area_maps/sub_locations/04_eastern_wilds_and_ancient_archives/03_the_canopy_portrait_halls/08_the_forgotten_archives_map.png,Stable: Mount Roost ; Alchemist: Glassleaf Phials 
04 Eastern Wilds And Ancient Archives,03 The Canopy Portrait Halls,The Spirit Ward Balcony,area_maps/sub_locations/04_eastern_wilds_and_ancient_archives/03_the_canopy_portrait_halls/09_the_spirit_ward_balcony_map.png,Inn: The Iron ; Weapon Skin Shop: EdgeLacquer 
04 Eastern Wilds And Ancient Archives,04 The Infinite Archives,The Axiom Gate,area_maps/sub_locations/04_eastern_wilds_and_ancient_archives/04_the_infinite_archives/01_the_axiom_gate_map.png,Curio Shop: Curio Niche 
04 Eastern Wilds And Ancient Archives,04 The Infinite Archives,The Index Chamber,area_maps/sub_locations/04_eastern_wilds_and_ancient_archives/04_the_infinite_archives/02_the_index_chamber_map.png,Inn: The Moonlit 
04 Eastern Wilds And Ancient Archives,04 The Infinite Archives,The Rotating Stackways,area_maps/sub_locations/04_eastern_wilds_and_ancient_archives/04_the_infinite_archives/03_the_rotating_stackways_map.png,Tailor: Cloak and Cord 
04 Eastern Wilds And Ancient Archives,04 The Infinite Archives,The Memory Vaults,area_maps/sub_locations/04_eastern_wilds_and_ancient_archives/04_the_infinite_archives/04_the_memory_vaults_map.png,Enchanter: Arcane Polish 
04 Eastern Wilds And Ancient Archives,04 The Infinite Archives,The Archivist Bridges,area_maps/sub_locations/04_eastern_wilds_and_ancient_archives/04_the_infinite_archives/05_the_archivist_bridges_map.png,Medic: Field Surgery ; Alchemist: Elixir Nook 
04 Eastern Wilds And Ancient Archives,04 The Infinite Archives,The Chronicle Spires,area_maps/sub_locations/04_eastern_wilds_and_ancient_archives/04_the_infinite_archives/06_the_chronicle_spires_map.png,Relic Trader: Oldlight Finds 
04 Eastern Wilds And Ancient Archives,04 The Infinite Archives,The Reference Labyrinth,area_maps/sub_locations/04_eastern_wilds_and_ancient_archives/04_the_infinite_archives/07_the_reference_labyrinth_map.png,Weapon Skin Shop: Patternsmith 
04 Eastern Wilds And Ancient Archives,04 The Infinite Archives,The Protocol Core,area_maps/sub_locations/04_eastern_wilds_and_ancient_archives/04_the_infinite_archives/08_the_protocol_core_map.png,Armor Dye Pack Shop: Color Forge ; Medic: Remedy Booth 
04 Eastern Wilds And Ancient Archives,04 The Infinite Archives,The Silent Stacks,area_maps/sub_locations/04_eastern_wilds_and_ancient_archives/04_the_infinite_archives/09_the_silent_stacks_map.png,Blacksmith: Forge of ; Food Stall: Hotplate 
04 Eastern Wilds And Ancient Archives,05 The Voyage Incubator,The Incubation Rings,area_maps/sub_locations/04_eastern_wilds_and_ancient_archives/05_the_voyage_incubator/01_the_incubation_rings_map.png,Relic Trader: Antique Vault ; Medic: Remedy Booth 
04 Eastern Wilds And Ancient Archives,05 The Voyage Incubator,The Acceleration Lanes,area_maps/sub_locations/04_eastern_wilds_and_ancient_archives/05_the_voyage_incubator/02_the_acceleration_lanes_map.png,Stable: Beast Hitch ; General Goods: Loadout Depot 
04 Eastern Wilds And Ancient Archives,05 The Voyage Incubator,The Growth Laboratories,area_maps/sub_locations/04_eastern_wilds_and_ancient_archives/05_the_voyage_incubator/03_the_growth_laboratories_map.png,Blacksmith: Forge of 
04 Eastern Wilds And Ancient Archives,05 The Voyage Incubator,The Pod Vaults,area_maps/sub_locations/04_eastern_wilds_and_ancient_archives/05_the_voyage_incubator/04_the_pod_vaults_map.png,Inn: The Green ; Alchemist: Elixir Nook 
04 Eastern Wilds And Ancient Archives,05 The Voyage Incubator,The Observation Decks,area_maps/sub_locations/04_eastern_wilds_and_ancient_archives/05_the_voyage_incubator/05_the_observation_decks_map.png,Weapon Skin Shop: EdgeLacquer 
04 Eastern Wilds And Ancient Archives,05 The Voyage Incubator,The Launch Ramps,area_maps/sub_locations/04_eastern_wilds_and_ancient_archives/05_the_voyage_incubator/06_the_launch_ramps_map.png,Marketplace: Open Market 
04 Eastern Wilds And Ancient Archives,05 The Voyage Incubator,The Energy Stabilizers,area_maps/sub_locations/04_eastern_wilds_and_ancient_archives/05_the_voyage_incubator/07_the_energy_stabilizers_map.png,Curio Shop: Oddments of 
04 Eastern Wilds And Ancient Archives,05 The Voyage Incubator,The Transit Conduits,area_maps/sub_locations/04_eastern_wilds_and_ancient_archives/05_the_voyage_incubator/08_the_transit_conduits_map.png,General Goods: Provisions of 
04 Eastern Wilds And Ancient Archives,05 The Voyage Incubator,The Calibration Core,area_maps/sub_locations/04_eastern_wilds_and_ancient_archives/05_the_voyage_incubator/09_the_calibration_core_map.png,Armor Dye Pack Shop: Dyehouse 
04 Eastern Wilds And Ancient Archives,06 The Lichs Court,The Eternal Throne Ring,area_maps/sub_locations/04_eastern_wilds_and_ancient_archives/06_the_lichs_court/01_the_eternal_throne_ring_map.png,General Goods: Supply Post 
04 Eastern Wilds And Ancient Archives,06 The Lichs Court,Hall of Reversed Gravity,area_maps/sub_locations/04_eastern_wilds_and_ancient_archives/06_the_lichs_court/02_hall_of_reversed_gravity_map.png,Inn: The Iron Hall
04 Eastern Wilds And Ancient Archives,06 The Lichs Court,The Soul Spires,area_maps/sub_locations/04_eastern_wilds_and_ancient_archives/06_the_lichs_court/03_the_soul_spires_map.png,Enchanter: Arcane Polish 
04 Eastern Wilds And Ancient Archives,06 The Lichs Court,The Echoing Galleries,area_maps/sub_locations/04_eastern_wilds_and_ancient_archives/06_the_lichs_court/04_the_echoing_galleries_map.png,Blacksmith: Anvil of ; Curio Shop: Echo Trinkets 
04 Eastern Wilds And Ancient Archives,06 The Lichs Court,The Chainless Bridges,area_maps/sub_locations/04_eastern_wilds_and_ancient_archives/06_the_lichs_court/05_the_chainless_bridges_map.png,Armor Dye Pack Shop: Pigment Loft ; Blacksmith: Steelhouse 
04 Eastern Wilds And Ancient Archives,06 The Lichs Court,The Ghostly Menagerie,area_maps/sub_locations/04_eastern_wilds_and_ancient_archives/06_the_lichs_court/06_the_ghostly_menagerie_map.png,Weapon Skin Shop: Skinworks 
04 Eastern Wilds And Ancient Archives,06 The Lichs Court,The Necromantic Gardens,area_maps/sub_locations/04_eastern_wilds_and_ancient_archives/06_the_lichs_court/07_the_necromantic_gardens_map.png,Alchemist: Tonic Cellar 
04 Eastern Wilds And Ancient Archives,06 The Lichs Court,The Rift Sanctum,area_maps/sub_locations/04_eastern_wilds_and_ancient_archives/06_the_lichs_court/08_the_rift_sanctum_map.png,Tailor: Stitchmark ; Food Stall: Griddle Row 
04 Eastern Wilds And Ancient Archives,06 The Lichs Court,The Silent Audience,area_maps/sub_locations/04_eastern_wilds_and_ancient_archives/06_the_lichs_court/09_the_silent_audience_map.png,Mechanic: Cog & Weld ; General Goods: Pack & Barrel 
04 Eastern Wilds And Ancient Archives,07 The Evolution Arenas,The Central Convergence,area_maps/sub_locations/04_eastern_wilds_and_ancient_archives/07_the_evolution_arenas/01_the_central_convergence_map.png,Alchemist: Remedy House 
04 Eastern Wilds And Ancient Archives,07 The Evolution Arenas,Shifting Biome Ring,area_maps/sub_locations/04_eastern_wilds_and_ancient_archives/07_the_evolution_arenas/02_shifting_biome_ring_map.png,Inn: The Green Shifting; Tailor: Stitchmark Shifting
04 Eastern Wilds And Ancient Archives,07 The Evolution Arenas,Transformation Pylons,area_maps/sub_locations/04_eastern_wilds_and_ancient_archives/07_the_evolution_arenas/03_transformation_pylons_map.png,Medic: Field Surgery Transformation; Weapon Skin Shop: EdgeLacquer Transformation
04 Eastern Wilds And Ancient Archives,07 The Evolution Arenas,Hazard Cascades,area_maps/sub_locations/04_eastern_wilds_and_ancient_archives/07_the_evolution_arenas/04_hazard_cascades_map.png,Blacksmith: Smelter of Hazard
04 Eastern Wilds And Ancient Archives,07 The Evolution Arenas,Modular Arena Platforms,area_maps/sub_locations/04_eastern_wilds_and_ancient_archives/07_the_evolution_arenas/05_modular_arena_platforms_map.png,Tailor: Stitchmark Modular
04 Eastern Wilds And Ancient Archives,07 The Evolution Arenas,Spectator Spires,area_maps/sub_locations/04_eastern_wilds_and_ancient_archives/07_the_evolution_arenas/06_spectator_spires_map.png,Stable: Saddle Gate Spectator
04 Eastern Wilds And Ancient Archives,07 The Evolution Arenas,Adaptive Combat Zones,area_maps/sub_locations/04_eastern_wilds_and_ancient_archives/07_the_evolution_arenas/07_adaptive_combat_zones_map.png,General Goods: Pack & Barrel Adaptive; Armor Dye Pack Shop: Shadeworks Adaptive
04 Eastern Wilds And Ancient Archives,07 The Evolution Arenas,Evolution Gates,area_maps/sub_locations/04_eastern_wilds_and_ancient_archives/07_the_evolution_arenas/08_evolution_gates_map.png,Armor Dye Pack Shop: Shadeworks Evolution
04 Eastern Wilds And Ancient Archives,07 The Evolution Arenas,The Primal Exodus,area_maps/sub_locations/04_eastern_wilds_and_ancient_archives/07_the_evolution_arenas/09_the_primal_exodus_map.png,Weapon Skin Shop: Chromaforge 
04 Eastern Wilds And Ancient Archives,08 The Pocket Monster Plains,Wild Harbor Ranch,area_maps/sub_locations/04_eastern_wilds_and_ancient_archives/08_the_pocket_monster_plains/01_wild_harbor_ranch_map.png,Blacksmith: Hammer at Wild; Stable: Mount Roost Wild
04 Eastern Wilds And Ancient Archives,08 The Pocket Monster Plains,Trainer's Waystation,area_maps/sub_locations/04_eastern_wilds_and_ancient_archives/08_the_pocket_monster_plains/02_trainers_waystation_map.png,Weapon Skin Shop: Patternsmith Trainer's
04 Eastern Wilds And Ancient Archives,08 The Pocket Monster Plains,Battle Circle Delta,area_maps/sub_locations/04_eastern_wilds_and_ancient_archives/08_the_pocket_monster_plains/03_battle_circle_delta_map.png,General Goods: Supply Post Battle; Stable: Saddle Gate Battle
04 Eastern Wilds And Ancient Archives,08 The Pocket Monster Plains,Research Pens Alpha,area_maps/sub_locations/04_eastern_wilds_and_ancient_archives/08_the_pocket_monster_plains/04_research_pens_alpha_map.png,Alchemist: Remedy House Research; Relic Trader: Oldlight Finds Research
04 Eastern Wilds And Ancient Archives,08 The Pocket Monster Plains,Elemental Confluence,area_maps/sub_locations/04_eastern_wilds_and_ancient_archives/08_the_pocket_monster_plains/05_elemental_confluence_map.png,Curio Shop: Curio Niche Elemental
04 Eastern Wilds And Ancient Archives,08 The Pocket Monster Plains,Tamer's Gate,area_maps/sub_locations/04_eastern_wilds_and_ancient_archives/08_the_pocket_monster_plains/06_tamers_gate_map.png,Inn: The Moonlit Tamer's
04 Eastern Wilds And Ancient Archives,08 The Pocket Monster Plains,Hatchling Fields,area_maps/sub_locations/04_eastern_wilds_and_ancient_archives/08_the_pocket_monster_plains/07_hatchling_fields_map.png,Relic Trader: Antique Vault Hatchling; Inn: The Iron Hatchling
04 Eastern Wilds And Ancient Archives,08 The Pocket Monster Plains,Ancient Root Grove,area_maps/sub_locations/04_eastern_wilds_and_ancient_archives/08_the_pocket_monster_plains/08_ancient_root_grove_map.png,Armor Dye Pack Shop: Pigment Loft Ancient
04 Eastern Wilds And Ancient Archives,08 The Pocket Monster Plains,Summit Watch,area_maps/sub_locations/04_eastern_wilds_and_ancient_archives/08_the_pocket_monster_plains/09_summit_watch_map.png,Marketplace: Merchant Court Summit; Stable: Saddle Gate Summit
04 Eastern Wilds And Ancient Archives,09 The Magma Core Forges,The Crucible Spire,area_maps/sub_locations/04_eastern_wilds_and_ancient_archives/09_the_magma_core_forges/01_the_crucible_spire_map.png,Inn: The Moonlit ; Armor Dye Pack Shop: Dyehouse 
04 Eastern Wilds And Ancient Archives,09 The Magma Core Forges,The Hammer Halls,area_maps/sub_locations/04_eastern_wilds_and_ancient_archives/09_the_magma_core_forges/02_the_hammer_halls_map.png,Curio Shop: Echo Trinkets 
04 Eastern Wilds And Ancient Archives,09 The Magma Core Forges,Chain-Lift Depot,area_maps/sub_locations/04_eastern_wilds_and_ancient_archives/09_the_magma_core_forges/03_chain_lift_depot_map.png,Armor Dye Pack Shop: Color Forge Chain-Lift; Inn: The Ember Chain-Lift
04 Eastern Wilds And Ancient Archives,09 The Magma Core Forges,The Smelter Towers,area_maps/sub_locations/04_eastern_wilds_and_ancient_archives/09_the_magma_core_forges/04_the_smelter_towers_map.png,Tailor: Needlehouse ; Medic: Mender Post 
04 Eastern Wilds And Ancient Archives,09 The Magma Core Forges,Armory Vaults,area_maps/sub_locations/04_eastern_wilds_and_ancient_archives/09_the_magma_core_forges/05_armory_vaults_map.png,Blacksmith: Smelter of Armory
04 Eastern Wilds And Ancient Archives,09 The Magma Core Forges,Bridge of the Anvils,area_maps/sub_locations/04_eastern_wilds_and_ancient_archives/09_the_magma_core_forges/06_bridge_of_the_anvils_map.png,Medic: Remedy Booth Bridge
04 Eastern Wilds And Ancient Archives,09 The Magma Core Forges,The Lava Conduits,area_maps/sub_locations/04_eastern_wilds_and_ancient_archives/09_the_magma_core_forges/07_the_lava_conduits_map.png,Food Stall: Hotplate 
04 Eastern Wilds And Ancient Archives,09 The Magma Core Forges,Geode Vent Fields,area_maps/sub_locations/04_eastern_wilds_and_ancient_archives/09_the_magma_core_forges/08_geode_vent_fields_map.png,Weapon Skin Shop: EdgeLacquer Geode
04 Eastern Wilds And Ancient Archives,09 The Magma Core Forges,Forgeward Gate,area_maps/sub_locations/04_eastern_wilds_and_ancient_archives/09_the_magma_core_forges/09_forgeward_gate_map.png,Enchanter: Arcane Polish Forgeward
04 Eastern Wilds And Ancient Archives,10 The Reggae Dub Oasis,Roots Gateway,area_maps/sub_locations/04_eastern_wilds_and_ancient_archives/10_the_reggae_dub_oasis/01_roots_gateway_map.png,General Goods: Provisions of Roots
04 Eastern Wilds And Ancient Archives,10 The Reggae Dub Oasis,Bass Tower Groves,area_maps/sub_locations/04_eastern_wilds_and_ancient_archives/10_the_reggae_dub_oasis/02_bass_tower_groves_map.png,Blacksmith: Steelhouse Bass; Marketplace: Open Market Bass
04 Eastern Wilds And Ancient Archives,10 The Reggae Dub Oasis,Dub Pools,area_maps/sub_locations/04_eastern_wilds_and_ancient_archives/10_the_reggae_dub_oasis/03_dub_pools_map.png,Armor Dye Pack Shop: Color Forge Dub
04 Eastern Wilds And Ancient Archives,10 The Reggae Dub Oasis,Riddim Circle Plaza,area_maps/sub_locations/04_eastern_wilds_and_ancient_archives/10_the_reggae_dub_oasis/04_riddim_circle_plaza_map.png,Alchemist: Glassleaf Phials Riddim
04 Eastern Wilds And Ancient Archives,10 The Reggae Dub Oasis,Echo Bridges,area_maps/sub_locations/04_eastern_wilds_and_ancient_archives/10_the_reggae_dub_oasis/05_echo_bridges_map.png,Marketplace: Trade Circle Echo
04 Eastern Wilds And Ancient Archives,10 The Reggae Dub Oasis,Tempo Fields,area_maps/sub_locations/04_eastern_wilds_and_ancient_archives/10_the_reggae_dub_oasis/06_tempo_fields_map.png,Enchanter: Runelight Tempo; Tailor: Thread & Hem Tempo
04 Eastern Wilds And Ancient Archives,10 The Reggae Dub Oasis,Meditation Huts,area_maps/sub_locations/04_eastern_wilds_and_ancient_archives/10_the_reggae_dub_oasis/07_meditation_huts_map.png,Inn: The Rested Meditation
04 Eastern Wilds And Ancient Archives,10 The Reggae Dub Oasis,Dub Cascades,area_maps/sub_locations/04_eastern_wilds_and_ancient_archives/10_the_reggae_dub_oasis/08_dub_cascades_map.png,Relic Trader: Heritage Stand Dub
04 Eastern Wilds And Ancient Archives,10 The Reggae Dub Oasis,The Sub-Bass Sanctum,area_maps/sub_locations/04_eastern_wilds_and_ancient_archives/10_the_reggae_dub_oasis/09_the_sub_bass_sanctum_map.png,Weapon Skin Shop: Skinworks 
05 Deep Transit System,01 The Subterranean Grid,Central Transfer Well,area_maps/sub_locations/05_deep_transit_system/01_the_subterranean_grid/01_central_transfer_well_map.png,Relic Trader: Relic Reach Central; Inn: The Quiet Central
05 Deep Transit System,01 The Subterranean Grid,Platform Cluster Alpha,area_maps/sub_locations/05_deep_transit_system/01_the_subterranean_grid/02_platform_cluster_alpha_map.png,Weapon Skin Shop: Patternsmith Platform
05 Deep Transit System,01 The Subterranean Grid,Maintenance Loop,area_maps/sub_locations/05_deep_transit_system/01_the_subterranean_grid/03_maintenance_loop_map.png,Mechanic: Repair Dock Maintenance; Alchemist: Glassleaf Phials Maintenance
05 Deep Transit System,01 The Subterranean Grid,Relay Control Station,area_maps/sub_locations/05_deep_transit_system/01_the_subterranean_grid/04_relay_control_station_map.png,General Goods: Pack & Barrel Relay
05 Deep Transit System,01 The Subterranean Grid,Signal Bridge,area_maps/sub_locations/05_deep_transit_system/01_the_subterranean_grid/05_signal_bridge_map.png,Blacksmith: Forge of Signal
05 Deep Transit System,01 The Subterranean Grid,Abandoned Siding,area_maps/sub_locations/05_deep_transit_system/01_the_subterranean_grid/06_abandoned_siding_map.png,Food Stall: Spice Cart Abandoned; Medic: Field Surgery Abandoned
05 Deep Transit System,01 The Subterranean Grid,Freight Vault,area_maps/sub_locations/05_deep_transit_system/01_the_subterranean_grid/07_freight_vault_map.png,Armor Dye Pack Shop: Color Forge Freight; General Goods: Pack & Barrel Freight
05 Deep Transit System,01 The Subterranean Grid,Emergency Shelter Platform,area_maps/sub_locations/05_deep_transit_system/01_the_subterranean_grid/08_emergency_shelter_platform_map.png,Alchemist: Glassleaf Phials Emergency; Tailor: Stitchmark Emergency
05 Deep Transit System,01 The Subterranean Grid,Deep Terminal Gate,area_maps/sub_locations/05_deep_transit_system/01_the_subterranean_grid/09_deep_terminal_gate_map.png,Inn: The Iron Deep
05 Deep Transit System,02 The Private Quarantine,Intake Checkpoint,area_maps/sub_locations/05_deep_transit_system/02_the_private_quarantine/01_intake_checkpoint_map.png,Medic: Field Surgery Intake
05 Deep Transit System,02 The Private Quarantine,Isolation Wing Alpha,area_maps/sub_locations/05_deep_transit_system/02_the_private_quarantine/02_isolation_wing_alpha_map.png,Weapon Skin Shop: EdgeLacquer Isolation; Marketplace: Open Market Isolation
05 Deep Transit System,02 The Private Quarantine,Decon Corridor,area_maps/sub_locations/05_deep_transit_system/02_the_private_quarantine/03_decon_corridor_map.png,Armor Dye Pack Shop: Shadeworks Decon
05 Deep Transit System,02 The Private Quarantine,Observation Ring,area_maps/sub_locations/05_deep_transit_system/02_the_private_quarantine/04_observation_ring_map.png,Inn: The Wandering Observation; Medic: Mender Post Observation
05 Deep Transit System,02 The Private Quarantine,Sedation Ward,area_maps/sub_locations/05_deep_transit_system/02_the_private_quarantine/05_sedation_ward_map.png,Curio Shop: Lucky Relics Sedation
05 Deep Transit System,02 The Private Quarantine,Containment Vaults,area_maps/sub_locations/05_deep_transit_system/02_the_private_quarantine/06_containment_vaults_map.png,Blacksmith: Hammer at Containment
05 Deep Transit System,02 The Private Quarantine,Quarantine Chapel,area_maps/sub_locations/05_deep_transit_system/02_the_private_quarantine/07_quarantine_chapel_map.png,Relic Trader: Oldlight Finds Quarantine
05 Deep Transit System,02 The Private Quarantine,Emergency Purge System,area_maps/sub_locations/05_deep_transit_system/02_the_private_quarantine/08_emergency_purge_system_map.png,Tailor: Needlehouse Emergency
05 Deep Transit System,02 The Private Quarantine,The Silent Exit,area_maps/sub_locations/05_deep_transit_system/02_the_private_quarantine/09_the_silent_exit_map.png,Stable: Saddle Gate ; Mechanic: Boltworks 
05 Deep Transit System,03 The Revision Labs,Entry Drafting Bay,area_maps/sub_locations/05_deep_transit_system/03_the_revision_labs/01_entry_drafting_bay_map.png,Blacksmith: Hammer at Entry
05 Deep Transit System,03 The Revision Labs,Revision Engine,area_maps/sub_locations/05_deep_transit_system/03_the_revision_labs/02_revision_engine_map.png,Alchemist: Remedy House Revision; Tailor: Needlehouse Revision
05 Deep Transit System,03 The Revision Labs,Echo Chamber,area_maps/sub_locations/05_deep_transit_system/03_the_revision_labs/03_echo_chamber_map.png,Curio Shop: Oddments of Echo; Inn: The Wandering Echo
05 Deep Transit System,03 The Revision Labs,Reset Hall,area_maps/sub_locations/05_deep_transit_system/03_the_revision_labs/04_reset_hall_map.png,Inn: The Rested Reset
05 Deep Transit System,03 The Revision Labs,Temporal Scaffold,area_maps/sub_locations/05_deep_transit_system/03_the_revision_labs/05_temporal_scaffold_map.png,Armor Dye Pack Shop: Pigment Loft Temporal
05 Deep Transit System,03 The Revision Labs,Prototype Theater,area_maps/sub_locations/05_deep_transit_system/03_the_revision_labs/06_prototype_theater_map.png,General Goods: Pack & Barrel Prototype
05 Deep Transit System,03 The Revision Labs,Recovery Loop,area_maps/sub_locations/05_deep_transit_system/03_the_revision_labs/07_recovery_loop_map.png,Relic Trader: Oldlight Finds Recovery
05 Deep Transit System,03 The Revision Labs,Observation Catwalk,area_maps/sub_locations/05_deep_transit_system/03_the_revision_labs/08_observation_catwalk_map.png,Mechanic: Spanner Bay Observation
05 Deep Transit System,03 The Revision Labs,Final Reversion Gate,area_maps/sub_locations/05_deep_transit_system/03_the_revision_labs/09_final_reversion_gate_map.png,Weapon Skin Shop: Chromaforge Final; Tailor: Cloak and Cord Final
06 Geothermal Abyss,01 The Molten Forge,Crater Gate,area_maps/sub_locations/06_geothermal_abyss/01_the_molten_forge/01_crater_gate_map.png,Weapon Skin Shop: Patternsmith Crater; Medic: Field Surgery Crater
06 Geothermal Abyss,01 The Molten Forge,Chainlift Gantry,area_maps/sub_locations/06_geothermal_abyss/01_the_molten_forge/02_chainlift_gantry_map.png,Relic Trader: Relic Reach Chainlift
06 Geothermal Abyss,01 The Molten Forge,Main Crucible,area_maps/sub_locations/06_geothermal_abyss/01_the_molten_forge/03_main_crucible_map.png,Marketplace: Open Market Main; Weapon Skin Shop: Patternsmith Main
06 Geothermal Abyss,01 The Molten Forge,Slag Spillway,area_maps/sub_locations/06_geothermal_abyss/01_the_molten_forge/04_slag_spillway_map.png,Inn: The Iron Slag; Tailor: Cloak and Cord Slag
06 Geothermal Abyss,01 The Molten Forge,Hammer Floor,area_maps/sub_locations/06_geothermal_abyss/01_the_molten_forge/05_hammer_floor_map.png,Armor Dye Pack Shop: Pigment Loft Hammer
06 Geothermal Abyss,01 The Molten Forge,Foundry Vault,area_maps/sub_locations/06_geothermal_abyss/01_the_molten_forge/06_foundry_vault_map.png,Medic: Remedy Booth Foundry; Relic Trader: Oldlight Finds Foundry
06 Geothermal Abyss,01 The Molten Forge,Heat Sink Towers,area_maps/sub_locations/06_geothermal_abyss/01_the_molten_forge/07_heat_sink_towers_map.png,Blacksmith: Hammer at Heat
06 Geothermal Abyss,01 The Molten Forge,Ore Switchyard,area_maps/sub_locations/06_geothermal_abyss/01_the_molten_forge/08_ore_switchyard_map.png,Enchanter: Arcane Polish Ore; Medic: Remedy Booth Ore
06 Geothermal Abyss,01 The Molten Forge,Core Anvil,area_maps/sub_locations/06_geothermal_abyss/01_the_molten_forge/09_core_anvil_map.png,Mechanic: Cog & Weld Core; Relic Trader: Relic Reach Core
06 Geothermal Abyss,02 The Abyssal Trench,Surface Lift Dock,area_maps/sub_locations/06_geothermal_abyss/02_the_abyssal_trench/01_surface_lift_dock_map.png,Blacksmith: Anvil of Surface
06 Geothermal Abyss,02 The Abyssal Trench,Main Observation Dome,area_maps/sub_locations/06_geothermal_abyss/02_the_abyssal_trench/02_main_observation_dome_map.png,Medic: Remedy Booth Main
06 Geothermal Abyss,02 The Abyssal Trench,Pressure Gate,area_maps/sub_locations/06_geothermal_abyss/02_the_abyssal_trench/03_pressure_gate_map.png,Armor Dye Pack Shop: Color Forge Pressure
06 Geothermal Abyss,02 The Abyssal Trench,Coral Laboratory,area_maps/sub_locations/06_geothermal_abyss/02_the_abyssal_trench/04_coral_laboratory_map.png,Curio Shop: Curio Niche Coral
06 Geothermal Abyss,02 The Abyssal Trench,Deepwater Causeway,area_maps/sub_locations/06_geothermal_abyss/02_the_abyssal_trench/05_deepwater_causeway_map.png,Inn: The Wandering Deepwater; Mechanic: Repair Dock Deepwater
06 Geothermal Abyss,02 The Abyssal Trench,Ballast Spine,area_maps/sub_locations/06_geothermal_abyss/02_the_abyssal_trench/06_ballast_spine_map.png,Food Stall: Griddle Row Ballast; Marketplace: Open Market Ballast
06 Geothermal Abyss,02 The Abyssal Trench,Trench Window,area_maps/sub_locations/06_geothermal_abyss/02_the_abyssal_trench/07_trench_window_map.png,Enchanter: Arcane Polish Trench; Alchemist: Remedy House Trench
06 Geothermal Abyss,02 The Abyssal Trench,Floodlock Annex,area_maps/sub_locations/06_geothermal_abyss/02_the_abyssal_trench/08_floodlock_annex_map.png,Tailor: Cloak and Cord Floodlock
06 Geothermal Abyss,02 The Abyssal Trench,The Abyss Crown,area_maps/sub_locations/06_geothermal_abyss/02_the_abyssal_trench/09_the_abyss_crown_map.png,Weapon Skin Shop: EdgeLacquer 
06 Geothermal Abyss,03 The Wayfora Archipelago,Arrival Harbor,area_maps/sub_locations/06_geothermal_abyss/03_the_wayfora_archipelago/01_arrival_harbor_map.png,Blacksmith: Hammer at Arrival
06 Geothermal Abyss,03 The Wayfora Archipelago,Waystone Pier,area_maps/sub_locations/06_geothermal_abyss/03_the_wayfora_archipelago/02_waystone_pier_map.png,General Goods: Loadout Depot Waystone
06 Geothermal Abyss,03 The Wayfora Archipelago,Tempest Lookout,area_maps/sub_locations/06_geothermal_abyss/03_the_wayfora_archipelago/03_tempest_lookout_map.png,Medic: Field Surgery Tempest
06 Geothermal Abyss,03 The Wayfora Archipelago,Ember Cay,area_maps/sub_locations/06_geothermal_abyss/03_the_wayfora_archipelago/04_ember_cay_map.png,Inn: The Moonlit Ember
06 Geothermal Abyss,03 The Wayfora Archipelago,Tideglass Lagoon,area_maps/sub_locations/06_geothermal_abyss/03_the_wayfora_archipelago/05_tideglass_lagoon_map.png,Weapon Skin Shop: Chromaforge Tideglass
06 Geothermal Abyss,03 The Wayfora Archipelago,Zephyr Bridge,area_maps/sub_locations/06_geothermal_abyss/03_the_wayfora_archipelago/06_zephyr_bridge_map.png,Marketplace: Trade Circle Zephyr; General Goods: Provisions of Zephyr
06 Geothermal Abyss,03 The Wayfora Archipelago,Elemental Shrine Ring,area_maps/sub_locations/06_geothermal_abyss/03_the_wayfora_archipelago/07_elemental_shrine_ring_map.png,Tailor: Needlehouse Elemental
06 Geothermal Abyss,03 The Wayfora Archipelago,Transit Beacon,area_maps/sub_locations/06_geothermal_abyss/03_the_wayfora_archipelago/08_transit_beacon_map.png,Armor Dye Pack Shop: Pigment Loft Transit
06 Geothermal Abyss,03 The Wayfora Archipelago,Outer Breakwater,area_maps/sub_locations/06_geothermal_abyss/03_the_wayfora_archipelago/09_outer_breakwater_map.png,Food Stall: Hotplate Outer
