pack_number,zip,pack_name,family,theme,monster,boss,player_class,support_npc,special_attack,glb_upgrades,textures_png,audio_wav,json_configs,script_files,skin_variants_defined,size_bytes
623,623_monster_random_skin_spawn_upgrade_001_rooting_strike.zip,Monster Random Skin Spawn Upgrade 001 - Rooting Strike,monster_skin_randomizer,verdant,The Sylvan Juggernaut,The Ascendant Colossus,The Protocol Weaver,Director Vance,Rooting Strike,9,11,3,11,3,64,122556
624,624_monster_special_attack_upgrade_002_bass_drop.zip,Monster Special Attack Upgrade 002 - Bass Drop,monster_special_attacks,scrap,Nexus Warden,The Resonance Maestro,The Phantom-Shift,Spark the Hacker,Bass Drop,9,11,3,11,3,64,114760
625,625_boss_phase_magic_upgrade_003_hydraulic_pounce.zip,Boss Phase Magic Upgrade 003 - Hydraulic Pounce,boss_phase_magic,crystal,The Iron-Jaw Hound,The Syndicate Lich,The Orbital Striker,Boomer Dax,Hydraulic Pounce,9,11,3,11,3,64,125092
626,626_player_class_special_magic_upgrade_004_echo_splintering.zip,Player Class Special Magic Upgrade 004 - Echo Splintering,player_class_magic,void,The Gnarl-Maws,The Data-Forged Evolvarch,The Apex Mutator,Spark,Echo Splintering,9,11,3,11,3,64,122980
627,627_support_npc_assist_upgrade_005_emp_howl.zip,Support NPC Assist Upgrade 005 - Emp Howl,support_npc_assists,sonic,The Siphon-Ticks,The Resonant Behemoth,The Sylvan Warden,Flora the Druid,EMP Howl,9,11,3,11,3,64,122722
628,628_high_tier_magic_weapon_upgrade_006_forced_evolution.zip,High-Tier Magic Weapon Upgrade 006 - Forced Evolution,high_tier_weapons,magma,The Nexus Swarmers,The Ivory Behemoth,The Scrap-Tek,Orion the Vanguard,Forced Evolution,9,11,3,11,3,64,123014
629,629_high_tier_magic_armor_upgrade_007_adaptive_evolution.zip,High-Tier Magic Armor Upgrade 007 - Adaptive Evolution,high_tier_armor,glacial,The Tremor-Fiend,The Null Anomaly,The Resonant,Silas the Houndmaster,Adaptive Evolution,9,11,3,11,3,64,117386
630,630_combat_flow_smoothness_dynamic_camera_upgrade_008_tempo_shift.zip,Combat Flow Smoothness + Dynamic Camera Upgrade 008 - Tempo Shift,combat_flow_camera,storm,The Venom-Spitter,The Astral Sovereign,The Flux-Caster,Beastmaster Thorne,Tempo Shift,9,11,3,11,3,64,121271
631,631_pet_companion_combat_synergy_upgrade_009_phase_shift.zip,Pet/Companion Combat Synergy Upgrade 009 - Phase Shift,pet_companion_synergy,gravity,The Scrap-Phalanx,The Apex Chimera,The Kinetic Juggernaut,The Chord Weaver,Phase Shift,9,11,3,11,3,64,123652
632,632_event_relic_magic_upgrade_010_evolution_interrupt.zip,Event Relic Magic Upgrade 010 - Evolution Interrupt,event_relic_magic,astral,The Scrap-Stalker,The Ascendant Colossus,The Packmaster,Vex the Scavenger,Evolution Interrupt,9,11,3,11,3,64,122184
633,633_monster_random_skin_spawn_upgrade_011_reality_tear.zip,Monster Random Skin Spawn Upgrade 011 - Reality Tear,monster_skin_randomizer,blood,The Void Anomaly,The Resonance Maestro,The Protocol Weaver,Zephyr the Pilot,Reality Tear,9,11,3,11,3,64,122516
634,634_monster_special_attack_upgrade_012_stampede.zip,Monster Special Attack Upgrade 012 - Stampede,monster_special_attacks,neon,The Aegis Carapace,The Syndicate Lich,The Phantom-Shift,Riff the Ascetic,Stampede,9,11,3,11,3,64,124932
635,635_boss_phase_magic_upgrade_013_metronome_strike.zip,Boss Phase Magic Upgrade 013 - Metronome Strike,boss_phase_magic,verdant,The Grid-Rushers,The Data-Forged Evolvarch,The Orbital Striker,Ignis the Burner,Metronome Strike,9,11,3,11,3,64,122362
636,636_player_class_special_magic_upgrade_014_zero_g_combos.zip,Player Class Special Magic Upgrade 014 - Zero G Combos,player_class_magic,scrap,The Sylvan Juggernaut,The Resonant Behemoth,The Apex Mutator,Commander Solis,Zero-G Combos,9,11,3,11,3,64,113792
637,637_support_npc_assist_upgrade_015_sonic_bellow.zip,Support NPC Assist Upgrade 015 - Sonic Bellow,support_npc_assists,crystal,Nexus Warden,The Ivory Behemoth,The Sylvan Warden,Tidespeaker Nami,Sonic Bellow,9,11,3,11,3,64,123797
638,638_high_tier_magic_weapon_upgrade_016_orbital_deflection.zip,High-Tier Magic Weapon Upgrade 016 - Orbital Deflection,high_tier_weapons,void,The Iron-Jaw Hound,The Null Anomaly,The Scrap-Tek,Lyra the Void-Touched,Orbital Deflection,9,11,3,11,3,64,123565
639,639_high_tier_magic_armor_upgrade_017_latch.zip,High-Tier Magic Armor Upgrade 017 - Latch,high_tier_armor,sonic,The Gnarl-Maws,The Astral Sovereign,The Resonant,Kael the Cadet,Latch,9,11,3,11,3,64,124220
640,640_combat_flow_smoothness_dynamic_camera_upgrade_018_thermal_detonation.zip,Combat Flow Smoothness + Dynamic Camera Upgrade 018 - Thermal Detonation,combat_flow_camera,magma,The Siphon-Ticks,The Apex Chimera,The Flux-Caster,Cipher the Deviant,Thermal Detonation,9,11,3,11,3,64,124057
641,641_pet_companion_combat_synergy_upgrade_019_vault_over_vulnerability.zip,Pet/Companion Combat Synergy Upgrade 019 - Vault Over Vulnerability,pet_companion_synergy,glacial,The Nexus Swarmers,The Ascendant Colossus,The Kinetic Juggernaut,Elder Kaelen,Vault-Over Vulnerability,9,11,3,11,3,64,116955
642,642_event_relic_magic_upgrade_020_system_override.zip,Event Relic Magic Upgrade 020 - System Override,event_relic_magic,storm,The Tremor-Fiend,The Resonance Maestro,The Packmaster,Kaelia of the Roots,System Override,9,11,3,11,3,64,121397
643,643_monster_random_skin_spawn_upgrade_021_projectile_reversal.zip,Monster Random Skin Spawn Upgrade 021 - Projectile Reversal,monster_skin_randomizer,gravity,The Venom-Spitter,The Syndicate Lich,The Protocol Weaver,Red-Pen Quinn,Projectile Reversal,9,11,3,11,3,64,122111
644,644_monster_special_attack_upgrade_022_the_bass_drop.zip,Monster Special Attack Upgrade 022 - The Bass Drop,monster_special_attacks,astral,The Scrap-Phalanx,The Data-Forged Evolvarch,The Phantom-Shift,The Grand Archivist,The Bass Drop,9,11,3,11,3,64,123342
645,645_boss_phase_magic_upgrade_023_latch_and_drag.zip,Boss Phase Magic Upgrade 023 - Latch And Drag,boss_phase_magic,blood,The Scrap-Stalker,The Resonant Behemoth,The Orbital Striker,Dr. Aris the Architect,Latch & Drag,9,11,3,11,3,64,123854
646,646_player_class_special_magic_upgrade_024_release_the_hound.zip,Player Class Special Magic Upgrade 024 - Release The Hound,player_class_magic,neon,The Void Anomaly,The Ivory Behemoth,The Apex Mutator,The Iron Warden,Release the Hound,9,11,3,11,3,64,124664
647,647_support_npc_assist_upgrade_025_linear_swarm.zip,Support NPC Assist Upgrade 025 - Linear Swarm,support_npc_assists,verdant,The Aegis Carapace,The Null Anomaly,The Sylvan Warden,Brunt the Bastion,Linear Swarm,9,11,3,11,3,64,123126
648,648_high_tier_magic_weapon_upgrade_026_rod_of_god.zip,High-Tier Magic Weapon Upgrade 026 - Rod Of God,high_tier_weapons,scrap,The Grid-Rushers,The Astral Sovereign,The Scrap-Tek,Echo the Weaver,Rod of God,9,11,3,11,3,64,113993
649,649_high_tier_magic_armor_upgrade_027_scatter_strike.zip,High-Tier Magic Armor Upgrade 027 - Scatter Strike,high_tier_armor,crystal,The Sylvan Juggernaut,The Apex Chimera,The Resonant,The Fragmented Core,Scatter Strike,9,11,3,11,3,64,124453
650,650_combat_flow_smoothness_dynamic_camera_upgrade_028_junkyard_titan.zip,Combat Flow Smoothness + Dynamic Camera Upgrade 028 - Junkyard Titan,combat_flow_camera,void,Nexus Warden,The Ascendant Colossus,The Flux-Caster,Jace the Glitch,Junkyard Titan,9,11,3,11,3,64,122914
651,651_pet_companion_combat_synergy_upgrade_029_deep_siphon.zip,Pet/Companion Combat Synergy Upgrade 029 - Deep Siphon,pet_companion_synergy,sonic,The Iron-Jaw Hound,The Resonance Maestro,The Kinetic Juggernaut,Director Vance,Deep Siphon,9,11,3,11,3,64,122145
652,652_event_relic_magic_upgrade_030_force_of_nature.zip,Event Relic Magic Upgrade 030 - Force Of Nature,event_relic_magic,magma,The Gnarl-Maws,The Syndicate Lich,The Packmaster,Spark the Hacker,Force of Nature,9,11,3,11,3,64,122311
653,653_monster_random_skin_spawn_upgrade_031_evolutionary_phases.zip,Monster Random Skin Spawn Upgrade 031 - Evolutionary Phases,monster_skin_randomizer,glacial,The Siphon-Ticks,The Data-Forged Evolvarch,The Protocol Weaver,Boomer Dax,Evolutionary Phases,9,11,3,11,3,64,117116
654,654_monster_special_attack_upgrade_032_reality_shatter.zip,Monster Special Attack Upgrade 032 - Reality Shatter,monster_special_attacks,storm,The Nexus Swarmers,The Resonant Behemoth,The Phantom-Shift,Spark,Reality Shatter,9,11,3,11,3,64,121649
655,655_boss_phase_magic_upgrade_033_combo_locked_shielding.zip,Boss Phase Magic Upgrade 033 - Combo Locked Shielding,boss_phase_magic,gravity,The Tremor-Fiend,The Ivory Behemoth,The Orbital Striker,Flora the Druid,Combo-Locked Shielding,9,11,3,11,3,64,124084
656,656_player_class_special_magic_upgrade_034_rooting_strike.zip,Player Class Special Magic Upgrade 034 - Rooting Strike,player_class_magic,astral,The Venom-Spitter,The Null Anomaly,The Apex Mutator,Orion the Vanguard,Rooting Strike,9,11,3,11,3,64,122429
657,657_support_npc_assist_upgrade_035_bass_drop.zip,Support NPC Assist Upgrade 035 - Bass Drop,support_npc_assists,blood,The Scrap-Phalanx,The Astral Sovereign,The Sylvan Warden,Silas the Houndmaster,Bass Drop,9,11,3,11,3,64,122983
658,658_high_tier_magic_weapon_upgrade_036_hydraulic_pounce.zip,High-Tier Magic Weapon Upgrade 036 - Hydraulic Pounce,high_tier_weapons,neon,The Scrap-Stalker,The Apex Chimera,The Scrap-Tek,Beastmaster Thorne,Hydraulic Pounce,9,11,3,11,3,64,124115
659,659_high_tier_magic_armor_upgrade_037_echo_splintering.zip,High-Tier Magic Armor Upgrade 037 - Echo Splintering,high_tier_armor,verdant,The Void Anomaly,The Ascendant Colossus,The Resonant,The Chord Weaver,Echo Splintering,9,11,3,11,3,64,125001
660,660_combat_flow_smoothness_dynamic_camera_upgrade_038_emp_howl.zip,Combat Flow Smoothness + Dynamic Camera Upgrade 038 - Emp Howl,combat_flow_camera,scrap,The Aegis Carapace,The Resonance Maestro,The Flux-Caster,Vex the Scavenger,EMP Howl,9,11,3,11,3,64,113935
661,661_pet_companion_combat_synergy_upgrade_039_forced_evolution.zip,Pet/Companion Combat Synergy Upgrade 039 - Forced Evolution,pet_companion_synergy,crystal,The Grid-Rushers,The Syndicate Lich,The Kinetic Juggernaut,Zephyr the Pilot,Forced Evolution,9,11,3,11,3,64,124843
662,662_event_relic_magic_upgrade_040_adaptive_evolution.zip,Event Relic Magic Upgrade 040 - Adaptive Evolution,event_relic_magic,void,The Sylvan Juggernaut,The Data-Forged Evolvarch,The Packmaster,Riff the Ascetic,Adaptive Evolution,9,11,3,11,3,64,122433
663,663_monster_random_skin_spawn_upgrade_041_tempo_shift.zip,Monster Random Skin Spawn Upgrade 041 - Tempo Shift,monster_skin_randomizer,sonic,Nexus Warden,The Resonant Behemoth,The Protocol Weaver,Ignis the Burner,Tempo Shift,9,11,3,11,3,64,123509
664,664_monster_special_attack_upgrade_042_phase_shift.zip,Monster Special Attack Upgrade 042 - Phase Shift,monster_special_attacks,magma,The Iron-Jaw Hound,The Ivory Behemoth,The Phantom-Shift,Commander Solis,Phase Shift,9,11,3,11,3,64,122205
665,665_boss_phase_magic_upgrade_043_evolution_interrupt.zip,Boss Phase Magic Upgrade 043 - Evolution Interrupt,boss_phase_magic,glacial,The Gnarl-Maws,The Null Anomaly,The Orbital Striker,Tidespeaker Nami,Evolution Interrupt,9,11,3,11,3,64,117510
666,666_player_class_special_magic_upgrade_044_reality_tear.zip,Player Class Special Magic Upgrade 044 - Reality Tear,player_class_magic,storm,The Siphon-Ticks,The Astral Sovereign,The Apex Mutator,Lyra the Void-Touched,Reality Tear,9,11,3,11,3,64,121457
667,667_support_npc_assist_upgrade_045_stampede.zip,Support NPC Assist Upgrade 045 - Stampede,support_npc_assists,gravity,The Nexus Swarmers,The Apex Chimera,The Sylvan Warden,Kael the Cadet,Stampede,9,11,3,11,3,64,124002
668,668_high_tier_magic_weapon_upgrade_046_metronome_strike.zip,High-Tier Magic Weapon Upgrade 046 - Metronome Strike,high_tier_weapons,astral,The Tremor-Fiend,The Ascendant Colossus,The Scrap-Tek,Cipher the Deviant,Metronome Strike,9,11,3,11,3,64,120778
669,669_high_tier_magic_armor_upgrade_047_zero_g_combos.zip,High-Tier Magic Armor Upgrade 047 - Zero G Combos,high_tier_armor,blood,The Venom-Spitter,The Resonance Maestro,The Resonant,Elder Kaelen,Zero-G Combos,9,11,3,11,3,64,123409
670,670_combat_flow_smoothness_dynamic_camera_upgrade_048_sonic_bellow.zip,Combat Flow Smoothness + Dynamic Camera Upgrade 048 - Sonic Bellow,combat_flow_camera,neon,The Scrap-Phalanx,The Syndicate Lich,The Flux-Caster,Kaelia of the Roots,Sonic Bellow,9,11,3,11,3,64,124761
671,671_pet_companion_combat_synergy_upgrade_049_orbital_deflection.zip,Pet/Companion Combat Synergy Upgrade 049 - Orbital Deflection,pet_companion_synergy,verdant,The Scrap-Stalker,The Data-Forged Evolvarch,The Kinetic Juggernaut,Red-Pen Quinn,Orbital Deflection,9,11,3,11,3,64,123955
672,672_event_relic_magic_upgrade_050_latch.zip,Event Relic Magic Upgrade 050 - Latch,event_relic_magic,scrap,The Void Anomaly,The Resonant Behemoth,The Packmaster,The Grand Archivist,Latch,9,11,3,11,3,64,114502
673,673_monster_random_skin_spawn_upgrade_051_thermal_detonation.zip,Monster Random Skin Spawn Upgrade 051 - Thermal Detonation,monster_skin_randomizer,crystal,The Aegis Carapace,The Ivory Behemoth,The Protocol Weaver,Dr. Aris the Architect,Thermal Detonation,9,11,3,11,3,64,124177
674,674_monster_special_attack_upgrade_052_vault_over_vulnerability.zip,Monster Special Attack Upgrade 052 - Vault Over Vulnerability,monster_special_attacks,void,The Grid-Rushers,The Null Anomaly,The Phantom-Shift,The Iron Warden,Vault-Over Vulnerability,9,11,3,11,3,64,123146
675,675_boss_phase_magic_upgrade_053_system_override.zip,Boss Phase Magic Upgrade 053 - System Override,boss_phase_magic,sonic,The Sylvan Juggernaut,The Astral Sovereign,The Orbital Striker,Brunt the Bastion,System Override,9,11,3,11,3,64,123578
676,676_player_class_special_magic_upgrade_054_projectile_reversal.zip,Player Class Special Magic Upgrade 054 - Projectile Reversal,player_class_magic,magma,Nexus Warden,The Apex Chimera,The Apex Mutator,Echo the Weaver,Projectile Reversal,9,11,3,11,3,64,123884
677,677_support_npc_assist_upgrade_055_the_bass_drop.zip,Support NPC Assist Upgrade 055 - The Bass Drop,support_npc_assists,glacial,The Iron-Jaw Hound,The Ascendant Colossus,The Sylvan Warden,The Fragmented Core,The Bass Drop,9,11,3,11,3,64,116808
678,678_high_tier_magic_weapon_upgrade_056_latch_and_drag.zip,High-Tier Magic Weapon Upgrade 056 - Latch And Drag,high_tier_weapons,storm,The Gnarl-Maws,The Resonance Maestro,The Scrap-Tek,Jace the Glitch,Latch & Drag,9,11,3,11,3,64,122997
679,679_high_tier_magic_armor_upgrade_057_release_the_hound.zip,High-Tier Magic Armor Upgrade 057 - Release The Hound,high_tier_armor,gravity,The Siphon-Ticks,The Syndicate Lich,The Resonant,Director Vance,Release the Hound,9,11,3,11,3,64,125380
680,680_combat_flow_smoothness_dynamic_camera_upgrade_058_linear_swarm.zip,Combat Flow Smoothness + Dynamic Camera Upgrade 058 - Linear Swarm,combat_flow_camera,astral,The Nexus Swarmers,The Data-Forged Evolvarch,The Flux-Caster,Spark the Hacker,Linear Swarm,9,11,3,11,3,64,122072
681,681_pet_companion_combat_synergy_upgrade_059_rod_of_god.zip,Pet/Companion Combat Synergy Upgrade 059 - Rod Of God,pet_companion_synergy,blood,The Tremor-Fiend,The Resonant Behemoth,The Kinetic Juggernaut,Boomer Dax,Rod of God,9,11,3,11,3,64,124538
682,682_event_relic_magic_upgrade_060_scatter_strike.zip,Event Relic Magic Upgrade 060 - Scatter Strike,event_relic_magic,neon,The Venom-Spitter,The Ivory Behemoth,The Packmaster,Spark,Scatter Strike,9,11,3,11,3,64,125170
683,683_monster_random_skin_spawn_upgrade_061_junkyard_titan.zip,Monster Random Skin Spawn Upgrade 061 - Junkyard Titan,monster_skin_randomizer,verdant,The Scrap-Phalanx,The Null Anomaly,The Protocol Weaver,Flora the Druid,Junkyard Titan,9,11,3,11,3,64,122997
684,684_monster_special_attack_upgrade_062_deep_siphon.zip,Monster Special Attack Upgrade 062 - Deep Siphon,monster_special_attacks,scrap,The Scrap-Stalker,The Astral Sovereign,The Phantom-Shift,Orion the Vanguard,Deep Siphon,9,11,3,11,3,64,113975
685,685_boss_phase_magic_upgrade_063_force_of_nature.zip,Boss Phase Magic Upgrade 063 - Force Of Nature,boss_phase_magic,crystal,The Void Anomaly,The Apex Chimera,The Orbital Striker,Silas the Houndmaster,Force of Nature,9,11,3,11,3,64,125348
686,686_player_class_special_magic_upgrade_064_evolutionary_phases.zip,Player Class Special Magic Upgrade 064 - Evolutionary Phases,player_class_magic,void,The Aegis Carapace,The Ascendant Colossus,The Apex Mutator,Beastmaster Thorne,Evolutionary Phases,9,11,3,11,3,64,123142
687,687_support_npc_assist_upgrade_065_reality_shatter.zip,Support NPC Assist Upgrade 065 - Reality Shatter,support_npc_assists,sonic,The Grid-Rushers,The Resonance Maestro,The Sylvan Warden,The Chord Weaver,Reality Shatter,9,11,3,11,3,64,122909
688,688_high_tier_magic_weapon_upgrade_066_combo_locked_shielding.zip,High-Tier Magic Weapon Upgrade 066 - Combo Locked Shielding,high_tier_weapons,magma,The Sylvan Juggernaut,The Syndicate Lich,The Scrap-Tek,Vex the Scavenger,Combo-Locked Shielding,9,11,3,11,3,64,122830
689,689_high_tier_magic_armor_upgrade_067_rooting_strike.zip,High-Tier Magic Armor Upgrade 067 - Rooting Strike,high_tier_armor,glacial,Nexus Warden,The Data-Forged Evolvarch,The Resonant,Zephyr the Pilot,Rooting Strike,9,11,3,11,3,64,116673
690,690_combat_flow_smoothness_dynamic_camera_upgrade_068_bass_drop.zip,Combat Flow Smoothness + Dynamic Camera Upgrade 068 - Bass Drop,combat_flow_camera,storm,The Iron-Jaw Hound,The Resonant Behemoth,The Flux-Caster,Riff the Ascetic,Bass Drop,9,11,3,11,3,64,120655
691,691_pet_companion_combat_synergy_upgrade_069_hydraulic_pounce.zip,Pet/Companion Combat Synergy Upgrade 069 - Hydraulic Pounce,pet_companion_synergy,gravity,The Gnarl-Maws,The Ivory Behemoth,The Kinetic Juggernaut,Ignis the Burner,Hydraulic Pounce,9,11,3,11,3,64,123828
692,692_event_relic_magic_upgrade_070_echo_splintering.zip,Event Relic Magic Upgrade 070 - Echo Splintering,event_relic_magic,astral,The Siphon-Ticks,The Null Anomaly,The Packmaster,Commander Solis,Echo Splintering,9,11,3,11,3,64,121564
693,693_monster_random_skin_spawn_upgrade_071_emp_howl.zip,Monster Random Skin Spawn Upgrade 071 - Emp Howl,monster_skin_randomizer,blood,The Nexus Swarmers,The Astral Sovereign,The Protocol Weaver,Tidespeaker Nami,EMP Howl,9,11,3,11,3,64,123992
694,694_monster_special_attack_upgrade_072_forced_evolution.zip,Monster Special Attack Upgrade 072 - Forced Evolution,monster_special_attacks,neon,The Tremor-Fiend,The Apex Chimera,The Phantom-Shift,Lyra the Void-Touched,Forced Evolution,9,11,3,11,3,64,124218
695,695_boss_phase_magic_upgrade_073_adaptive_evolution.zip,Boss Phase Magic Upgrade 073 - Adaptive Evolution,boss_phase_magic,verdant,The Venom-Spitter,The Ascendant Colossus,The Orbital Striker,Kael the Cadet,Adaptive Evolution,9,11,3,11,3,64,124218
696,696_player_class_special_magic_upgrade_074_tempo_shift.zip,Player Class Special Magic Upgrade 074 - Tempo Shift,player_class_magic,scrap,The Scrap-Phalanx,The Resonance Maestro,The Apex Mutator,Cipher the Deviant,Tempo Shift,9,11,3,11,3,64,113656
697,697_support_npc_assist_upgrade_075_phase_shift.zip,Support NPC Assist Upgrade 075 - Phase Shift,support_npc_assists,crystal,The Scrap-Stalker,The Syndicate Lich,The Sylvan Warden,Elder Kaelen,Phase Shift,9,11,3,11,3,64,124373
698,698_high_tier_magic_weapon_upgrade_076_evolution_interrupt.zip,High-Tier Magic Weapon Upgrade 076 - Evolution Interrupt,high_tier_weapons,void,The Void Anomaly,The Data-Forged Evolvarch,The Scrap-Tek,Kaelia of the Roots,Evolution Interrupt,9,11,3,11,3,64,123605
699,699_high_tier_magic_armor_upgrade_077_reality_tear.zip,High-Tier Magic Armor Upgrade 077 - Reality Tear,high_tier_armor,sonic,The Aegis Carapace,The Resonant Behemoth,The Resonant,Red-Pen Quinn,Reality Tear,9,11,3,11,3,64,122661
700,700_combat_flow_smoothness_dynamic_camera_upgrade_078_stampede.zip,Combat Flow Smoothness + Dynamic Camera Upgrade 078 - Stampede,combat_flow_camera,magma,The Grid-Rushers,The Ivory Behemoth,The Flux-Caster,The Grand Archivist,Stampede,9,11,3,11,3,64,123134
701,701_pet_companion_combat_synergy_upgrade_079_metronome_strike.zip,Pet/Companion Combat Synergy Upgrade 079 - Metronome Strike,pet_companion_synergy,glacial,The Sylvan Juggernaut,The Null Anomaly,The Kinetic Juggernaut,Dr. Aris the Architect,Metronome Strike,9,11,3,11,3,64,118271
702,702_event_relic_magic_upgrade_080_zero_g_combos.zip,Event Relic Magic Upgrade 080 - Zero G Combos,event_relic_magic,storm,Nexus Warden,The Astral Sovereign,The Packmaster,The Iron Warden,Zero-G Combos,9,11,3,11,3,64,122076
703,703_monster_random_skin_spawn_upgrade_081_sonic_bellow.zip,Monster Random Skin Spawn Upgrade 081 - Sonic Bellow,monster_skin_randomizer,gravity,The Iron-Jaw Hound,The Apex Chimera,The Protocol Weaver,Brunt the Bastion,Sonic Bellow,9,11,3,11,3,64,124620
704,704_monster_special_attack_upgrade_082_orbital_deflection.zip,Monster Special Attack Upgrade 082 - Orbital Deflection,monster_special_attacks,astral,The Gnarl-Maws,The Ascendant Colossus,The Phantom-Shift,Echo the Weaver,Orbital Deflection,9,11,3,11,3,64,120773
705,705_boss_phase_magic_upgrade_083_latch.zip,Boss Phase Magic Upgrade 083 - Latch,boss_phase_magic,blood,The Siphon-Ticks,The Resonance Maestro,The Orbital Striker,The Fragmented Core,Latch,9,11,3,11,3,64,123728
706,706_player_class_special_magic_upgrade_084_thermal_detonation.zip,Player Class Special Magic Upgrade 084 - Thermal Detonation,player_class_magic,neon,The Nexus Swarmers,The Syndicate Lich,The Apex Mutator,Jace the Glitch,Thermal Detonation,9,11,3,11,3,64,125014
707,707_support_npc_assist_upgrade_085_vault_over_vulnerability.zip,Support NPC Assist Upgrade 085 - Vault Over Vulnerability,support_npc_assists,verdant,The Tremor-Fiend,The Data-Forged Evolvarch,The Sylvan Warden,Director Vance,Vault-Over Vulnerability,9,11,3,11,3,64,123105
708,708_high_tier_magic_weapon_upgrade_086_system_override.zip,High-Tier Magic Weapon Upgrade 086 - System Override,high_tier_weapons,scrap,The Venom-Spitter,The Resonant Behemoth,The Scrap-Tek,Spark the Hacker,System Override,9,11,3,11,3,64,113752
709,709_high_tier_magic_armor_upgrade_087_projectile_reversal.zip,High-Tier Magic Armor Upgrade 087 - Projectile Reversal,high_tier_armor,crystal,The Scrap-Phalanx,The Ivory Behemoth,The Resonant,Boomer Dax,Projectile Reversal,9,11,3,11,3,64,124942
710,710_combat_flow_smoothness_dynamic_camera_upgrade_088_the_bass_drop.zip,Combat Flow Smoothness + Dynamic Camera Upgrade 088 - The Bass Drop,combat_flow_camera,void,The Scrap-Stalker,The Null Anomaly,The Flux-Caster,Spark,The Bass Drop,9,11,3,11,3,64,122534
711,711_pet_companion_combat_synergy_upgrade_089_latch_and_drag.zip,Pet/Companion Combat Synergy Upgrade 089 - Latch And Drag,pet_companion_synergy,sonic,The Void Anomaly,The Astral Sovereign,The Kinetic Juggernaut,Flora the Druid,Latch & Drag,9,11,3,11,3,64,123925
712,712_event_relic_magic_upgrade_090_release_the_hound.zip,Event Relic Magic Upgrade 090 - Release The Hound,event_relic_magic,magma,The Aegis Carapace,The Apex Chimera,The Packmaster,Orion the Vanguard,Release the Hound,9,11,3,11,3,64,122623
713,713_monster_random_skin_spawn_upgrade_091_linear_swarm.zip,Monster Random Skin Spawn Upgrade 091 - Linear Swarm,monster_skin_randomizer,glacial,The Grid-Rushers,The Ascendant Colossus,The Protocol Weaver,Silas the Houndmaster,Linear Swarm,9,11,3,11,3,64,118357
714,714_monster_special_attack_upgrade_092_rod_of_god.zip,Monster Special Attack Upgrade 092 - Rod Of God,monster_special_attacks,storm,The Sylvan Juggernaut,The Resonance Maestro,The Phantom-Shift,Beastmaster Thorne,Rod of God,9,11,3,11,3,64,121900
715,715_boss_phase_magic_upgrade_093_scatter_strike.zip,Boss Phase Magic Upgrade 093 - Scatter Strike,boss_phase_magic,gravity,Nexus Warden,The Syndicate Lich,The Orbital Striker,The Chord Weaver,Scatter Strike,9,11,3,11,3,64,123234
716,716_player_class_special_magic_upgrade_094_junkyard_titan.zip,Player Class Special Magic Upgrade 094 - Junkyard Titan,player_class_magic,astral,The Iron-Jaw Hound,The Data-Forged Evolvarch,The Apex Mutator,Vex the Scavenger,Junkyard Titan,9,11,3,11,3,64,121237
717,717_support_npc_assist_upgrade_095_deep_siphon.zip,Support NPC Assist Upgrade 095 - Deep Siphon,support_npc_assists,blood,The Gnarl-Maws,The Resonant Behemoth,The Sylvan Warden,Zephyr the Pilot,Deep Siphon,9,11,3,11,3,64,123357
718,718_high_tier_magic_weapon_upgrade_096_force_of_nature.zip,High-Tier Magic Weapon Upgrade 096 - Force Of Nature,high_tier_weapons,neon,The Siphon-Ticks,The Ivory Behemoth,The Scrap-Tek,Riff the Ascetic,Force of Nature,9,11,3,11,3,64,123270
719,719_high_tier_magic_armor_upgrade_097_evolutionary_phases.zip,High-Tier Magic Armor Upgrade 097 - Evolutionary Phases,high_tier_armor,verdant,The Nexus Swarmers,The Null Anomaly,The Resonant,Ignis the Burner,Evolutionary Phases,9,11,3,11,3,64,124539
720,720_combat_flow_smoothness_dynamic_camera_upgrade_098_reality_shatter.zip,Combat Flow Smoothness + Dynamic Camera Upgrade 098 - Reality Shatter,combat_flow_camera,scrap,The Tremor-Fiend,The Astral Sovereign,The Flux-Caster,Commander Solis,Reality Shatter,9,11,3,11,3,64,113862
721,721_pet_companion_combat_synergy_upgrade_099_combo_locked_shielding.zip,Pet/Companion Combat Synergy Upgrade 099 - Combo Locked Shielding,pet_companion_synergy,crystal,The Venom-Spitter,The Apex Chimera,The Kinetic Juggernaut,Tidespeaker Nami,Combo-Locked Shielding,9,11,3,11,3,64,124456
722,722_event_relic_magic_upgrade_100_rooting_strike.zip,Event Relic Magic Upgrade 100 - Rooting Strike,event_relic_magic,void,The Scrap-Phalanx,The Ascendant Colossus,The Packmaster,Lyra the Void-Touched,Rooting Strike,9,11,3,11,3,64,122883
723,723_monster_random_skin_spawn_upgrade_101_bass_drop.zip,Monster Random Skin Spawn Upgrade 101 - Bass Drop,monster_skin_randomizer,sonic,The Scrap-Stalker,The Resonance Maestro,The Protocol Weaver,Kael the Cadet,Bass Drop,9,11,3,11,3,64,123549
724,724_monster_special_attack_upgrade_102_hydraulic_pounce.zip,Monster Special Attack Upgrade 102 - Hydraulic Pounce,monster_special_attacks,magma,The Void Anomaly,The Syndicate Lich,The Phantom-Shift,Cipher the Deviant,Hydraulic Pounce,9,11,3,11,3,64,122218
725,725_boss_phase_magic_upgrade_103_echo_splintering.zip,Boss Phase Magic Upgrade 103 - Echo Splintering,boss_phase_magic,glacial,The Aegis Carapace,The Data-Forged Evolvarch,The Orbital Striker,Elder Kaelen,Echo Splintering,9,11,3,11,3,64,117181
726,726_player_class_special_magic_upgrade_104_emp_howl.zip,Player Class Special Magic Upgrade 104 - Emp Howl,player_class_magic,storm,The Grid-Rushers,The Resonant Behemoth,The Apex Mutator,Kaelia of the Roots,EMP Howl,9,11,3,11,3,64,122791
727,727_support_npc_assist_upgrade_105_forced_evolution.zip,Support NPC Assist Upgrade 105 - Forced Evolution,support_npc_assists,gravity,The Sylvan Juggernaut,The Ivory Behemoth,The Sylvan Warden,Red-Pen Quinn,Forced Evolution,9,11,3,11,3,64,123644
728,728_high_tier_magic_weapon_upgrade_106_adaptive_evolution.zip,High-Tier Magic Weapon Upgrade 106 - Adaptive Evolution,high_tier_weapons,astral,Nexus Warden,The Null Anomaly,The Scrap-Tek,The Grand Archivist,Adaptive Evolution,9,11,3,11,3,64,121163
729,729_high_tier_magic_armor_upgrade_107_tempo_shift.zip,High-Tier Magic Armor Upgrade 107 - Tempo Shift,high_tier_armor,blood,The Iron-Jaw Hound,The Astral Sovereign,The Resonant,Dr. Aris the Architect,Tempo Shift,9,11,3,11,3,64,122323
730,730_combat_flow_smoothness_dynamic_camera_upgrade_108_phase_shift.zip,Combat Flow Smoothness + Dynamic Camera Upgrade 108 - Phase Shift,combat_flow_camera,neon,The Gnarl-Maws,The Apex Chimera,The Flux-Caster,The Iron Warden,Phase Shift,9,11,3,11,3,64,125037
731,731_pet_companion_combat_synergy_upgrade_109_evolution_interrupt.zip,Pet/Companion Combat Synergy Upgrade 109 - Evolution Interrupt,pet_companion_synergy,verdant,The Siphon-Ticks,The Ascendant Colossus,The Kinetic Juggernaut,Brunt the Bastion,Evolution Interrupt,9,11,3,11,3,64,124462
732,732_event_relic_magic_upgrade_110_reality_tear.zip,Event Relic Magic Upgrade 110 - Reality Tear,event_relic_magic,scrap,The Nexus Swarmers,The Resonance Maestro,The Packmaster,Echo the Weaver,Reality Tear,9,11,3,11,3,64,114588
733,733_monster_random_skin_spawn_upgrade_111_stampede.zip,Monster Random Skin Spawn Upgrade 111 - Stampede,monster_skin_randomizer,crystal,The Tremor-Fiend,The Syndicate Lich,The Protocol Weaver,The Fragmented Core,Stampede,9,11,3,11,3,64,124286
734,734_monster_special_attack_upgrade_112_metronome_strike.zip,Monster Special Attack Upgrade 112 - Metronome Strike,monster_special_attacks,void,The Venom-Spitter,The Data-Forged Evolvarch,The Phantom-Shift,Jace the Glitch,Metronome Strike,9,11,3,11,3,64,121686
735,735_boss_phase_magic_upgrade_113_zero_g_combos.zip,Boss Phase Magic Upgrade 113 - Zero G Combos,boss_phase_magic,sonic,The Scrap-Phalanx,The Resonant Behemoth,The Orbital Striker,Director Vance,Zero-G Combos,9,11,3,11,3,64,122096
736,736_player_class_special_magic_upgrade_114_sonic_bellow.zip,Player Class Special Magic Upgrade 114 - Sonic Bellow,player_class_magic,magma,The Scrap-Stalker,The Ivory Behemoth,The Apex Mutator,Spark the Hacker,Sonic Bellow,9,11,3,11,3,64,122265
737,737_support_npc_assist_upgrade_115_orbital_deflection.zip,Support NPC Assist Upgrade 115 - Orbital Deflection,support_npc_assists,glacial,The Void Anomaly,The Null Anomaly,The Sylvan Warden,Boomer Dax,Orbital Deflection,9,11,3,11,3,64,117430
738,738_high_tier_magic_weapon_upgrade_116_latch.zip,High-Tier Magic Weapon Upgrade 116 - Latch,high_tier_weapons,storm,The Aegis Carapace,The Astral Sovereign,The Scrap-Tek,Spark,Latch,9,11,3,11,3,64,122368
739,739_high_tier_magic_armor_upgrade_117_thermal_detonation.zip,High-Tier Magic Armor Upgrade 117 - Thermal Detonation,high_tier_armor,gravity,The Grid-Rushers,The Apex Chimera,The Resonant,Flora the Druid,Thermal Detonation,9,11,3,11,3,64,123362
740,740_combat_flow_smoothness_dynamic_camera_upgrade_118_vault_over_vulnerability.zip,Combat Flow Smoothness + Dynamic Camera Upgrade 118 - Vault Over Vulnerability,combat_flow_camera,astral,The Sylvan Juggernaut,The Ascendant Colossus,The Flux-Caster,Orion the Vanguard,Vault-Over Vulnerability,9,11,3,11,3,64,121664
741,741_pet_companion_combat_synergy_upgrade_119_system_override.zip,Pet/Companion Combat Synergy Upgrade 119 - System Override,pet_companion_synergy,blood,Nexus Warden,The Resonance Maestro,The Kinetic Juggernaut,Silas the Houndmaster,System Override,9,11,3,11,3,64,123132
742,742_event_relic_magic_upgrade_120_projectile_reversal.zip,Event Relic Magic Upgrade 120 - Projectile Reversal,event_relic_magic,neon,The Iron-Jaw Hound,The Syndicate Lich,The Packmaster,Beastmaster Thorne,Projectile Reversal,9,11,3,11,3,64,123776
743,743_monster_random_skin_spawn_upgrade_121_the_bass_drop.zip,Monster Random Skin Spawn Upgrade 121 - The Bass Drop,monster_skin_randomizer,verdant,The Gnarl-Maws,The Data-Forged Evolvarch,The Protocol Weaver,The Chord Weaver,The Bass Drop,9,11,3,11,3,64,123031
744,744_monster_special_attack_upgrade_122_latch_and_drag.zip,Monster Special Attack Upgrade 122 - Latch And Drag,monster_special_attacks,scrap,The Siphon-Ticks,The Resonant Behemoth,The Phantom-Shift,Vex the Scavenger,Latch & Drag,9,11,3,11,3,64,113328
745,745_boss_phase_magic_upgrade_123_release_the_hound.zip,Boss Phase Magic Upgrade 123 - Release The Hound,boss_phase_magic,crystal,The Nexus Swarmers,The Ivory Behemoth,The Orbital Striker,Zephyr the Pilot,Release the Hound,9,11,3,11,3,64,123874
746,746_player_class_special_magic_upgrade_124_linear_swarm.zip,Player Class Special Magic Upgrade 124 - Linear Swarm,player_class_magic,void,The Tremor-Fiend,The Null Anomaly,The Apex Mutator,Riff the Ascetic,Linear Swarm,9,11,3,11,3,64,122577
747,747_support_npc_assist_upgrade_125_rod_of_god.zip,Support NPC Assist Upgrade 125 - Rod Of God,support_npc_assists,sonic,The Venom-Spitter,The Astral Sovereign,The Sylvan Warden,Ignis the Burner,Rod of God,9,11,3,11,3,64,123014
748,748_high_tier_magic_weapon_upgrade_126_scatter_strike.zip,High-Tier Magic Weapon Upgrade 126 - Scatter Strike,high_tier_weapons,magma,The Scrap-Phalanx,The Apex Chimera,The Scrap-Tek,Commander Solis,Scatter Strike,9,11,3,11,3,64,123528
749,749_high_tier_magic_armor_upgrade_127_junkyard_titan.zip,High-Tier Magic Armor Upgrade 127 - Junkyard Titan,high_tier_armor,glacial,The Scrap-Stalker,The Ascendant Colossus,The Resonant,Tidespeaker Nami,Junkyard Titan,9,11,3,11,3,64,116806
750,750_combat_flow_smoothness_dynamic_camera_upgrade_128_deep_siphon.zip,Combat Flow Smoothness + Dynamic Camera Upgrade 128 - Deep Siphon,combat_flow_camera,storm,The Void Anomaly,The Resonance Maestro,The Flux-Caster,Lyra the Void-Touched,Deep Siphon,9,11,3,11,3,64,122441
751,751_pet_companion_combat_synergy_upgrade_129_force_of_nature.zip,Pet/Companion Combat Synergy Upgrade 129 - Force Of Nature,pet_companion_synergy,gravity,The Aegis Carapace,The Syndicate Lich,The Kinetic Juggernaut,Kael the Cadet,Force of Nature,9,11,3,11,3,64,124024
752,752_event_relic_magic_upgrade_130_evolutionary_phases.zip,Event Relic Magic Upgrade 130 - Evolutionary Phases,event_relic_magic,astral,The Grid-Rushers,The Data-Forged Evolvarch,The Packmaster,Cipher the Deviant,Evolutionary Phases,9,11,3,11,3,64,123662
753,753_monster_random_skin_spawn_upgrade_131_reality_shatter.zip,Monster Random Skin Spawn Upgrade 131 - Reality Shatter,monster_skin_randomizer,blood,The Sylvan Juggernaut,The Resonant Behemoth,The Protocol Weaver,Elder Kaelen,Reality Shatter,9,11,3,11,3,64,123695
754,754_monster_special_attack_upgrade_132_combo_locked_shielding.zip,Monster Special Attack Upgrade 132 - Combo Locked Shielding,monster_special_attacks,neon,Nexus Warden,The Ivory Behemoth,The Phantom-Shift,Kaelia of the Roots,Combo-Locked Shielding,9,11,3,11,3,64,123664
755,755_boss_phase_magic_upgrade_133_rooting_strike.zip,Boss Phase Magic Upgrade 133 - Rooting Strike,boss_phase_magic,verdant,The Iron-Jaw Hound,The Null Anomaly,The Orbital Striker,Red-Pen Quinn,Rooting Strike,9,11,3,11,3,64,122940
756,756_player_class_special_magic_upgrade_134_bass_drop.zip,Player Class Special Magic Upgrade 134 - Bass Drop,player_class_magic,scrap,The Gnarl-Maws,The Astral Sovereign,The Apex Mutator,The Grand Archivist,Bass Drop,9,11,3,11,3,64,114353
757,757_support_npc_assist_upgrade_135_hydraulic_pounce.zip,Support NPC Assist Upgrade 135 - Hydraulic Pounce,support_npc_assists,crystal,The Siphon-Ticks,The Apex Chimera,The Sylvan Warden,Dr. Aris the Architect,Hydraulic Pounce,9,11,3,11,3,64,125000
758,758_high_tier_magic_weapon_upgrade_136_echo_splintering.zip,High-Tier Magic Weapon Upgrade 136 - Echo Splintering,high_tier_weapons,void,The Nexus Swarmers,The Ascendant Colossus,The Scrap-Tek,The Iron Warden,Echo Splintering,9,11,3,11,3,64,123244
759,759_high_tier_magic_armor_upgrade_137_emp_howl.zip,High-Tier Magic Armor Upgrade 137 - Emp Howl,high_tier_armor,sonic,The Tremor-Fiend,The Resonance Maestro,The Resonant,Brunt the Bastion,EMP Howl,9,11,3,11,3,64,124197
760,760_combat_flow_smoothness_dynamic_camera_upgrade_138_forced_evolution.zip,Combat Flow Smoothness + Dynamic Camera Upgrade 138 - Forced Evolution,combat_flow_camera,magma,The Venom-Spitter,The Syndicate Lich,The Flux-Caster,Echo the Weaver,Forced Evolution,9,11,3,11,3,64,122383
761,761_pet_companion_combat_synergy_upgrade_139_adaptive_evolution.zip,Pet/Companion Combat Synergy Upgrade 139 - Adaptive Evolution,pet_companion_synergy,glacial,The Scrap-Phalanx,The Data-Forged Evolvarch,The Kinetic Juggernaut,The Fragmented Core,Adaptive Evolution,9,11,3,11,3,64,117878
762,762_event_relic_magic_upgrade_140_tempo_shift.zip,Event Relic Magic Upgrade 140 - Tempo Shift,event_relic_magic,storm,The Scrap-Stalker,The Resonant Behemoth,The Packmaster,Jace the Glitch,Tempo Shift,9,11,3,11,3,64,121338
763,763_monster_random_skin_spawn_upgrade_141_phase_shift.zip,Monster Random Skin Spawn Upgrade 141 - Phase Shift,monster_skin_randomizer,gravity,The Void Anomaly,The Ivory Behemoth,The Protocol Weaver,Director Vance,Phase Shift,9,11,3,11,3,64,124490
764,764_monster_special_attack_upgrade_142_evolution_interrupt.zip,Monster Special Attack Upgrade 142 - Evolution Interrupt,monster_special_attacks,astral,The Aegis Carapace,The Null Anomaly,The Phantom-Shift,Spark the Hacker,Evolution Interrupt,9,11,3,11,3,64,122466
765,765_boss_phase_magic_upgrade_143_reality_tear.zip,Boss Phase Magic Upgrade 143 - Reality Tear,boss_phase_magic,blood,The Grid-Rushers,The Astral Sovereign,The Orbital Striker,Boomer Dax,Reality Tear,9,11,3,11,3,64,122979
766,766_player_class_special_magic_upgrade_144_stampede.zip,Player Class Special Magic Upgrade 144 - Stampede,player_class_magic,neon,The Sylvan Juggernaut,The Apex Chimera,The Apex Mutator,Spark,Stampede,9,11,3,11,3,64,124622
767,767_support_npc_assist_upgrade_145_metronome_strike.zip,Support NPC Assist Upgrade 145 - Metronome Strike,support_npc_assists,verdant,Nexus Warden,The Ascendant Colossus,The Sylvan Warden,Flora the Druid,Metronome Strike,9,11,3,11,3,64,124229
768,768_high_tier_magic_weapon_upgrade_146_zero_g_combos.zip,High-Tier Magic Weapon Upgrade 146 - Zero G Combos,high_tier_weapons,scrap,The Iron-Jaw Hound,The Resonance Maestro,The Scrap-Tek,Orion the Vanguard,Zero-G Combos,9,11,3,11,3,64,114408
769,769_high_tier_magic_armor_upgrade_147_sonic_bellow.zip,High-Tier Magic Armor Upgrade 147 - Sonic Bellow,high_tier_armor,crystal,The Gnarl-Maws,The Syndicate Lich,The Resonant,Silas the Houndmaster,Sonic Bellow,9,11,3,11,3,64,125291
770,770_combat_flow_smoothness_dynamic_camera_upgrade_148_orbital_deflection.zip,Combat Flow Smoothness + Dynamic Camera Upgrade 148 - Orbital Deflection,combat_flow_camera,void,The Siphon-Ticks,The Data-Forged Evolvarch,The Flux-Caster,Beastmaster Thorne,Orbital Deflection,9,11,3,11,3,64,122115
771,771_pet_companion_combat_synergy_upgrade_149_latch.zip,Pet/Companion Combat Synergy Upgrade 149 - Latch,pet_companion_synergy,sonic,The Nexus Swarmers,The Resonant Behemoth,The Kinetic Juggernaut,The Chord Weaver,Latch,9,11,3,11,3,64,122075
772,772_event_relic_magic_upgrade_150_thermal_detonation.zip,Event Relic Magic Upgrade 150 - Thermal Detonation,event_relic_magic,magma,The Tremor-Fiend,The Ivory Behemoth,The Packmaster,Vex the Scavenger,Thermal Detonation,9,11,3,11,3,64,122068
773,773_monster_random_skin_spawn_upgrade_151_vault_over_vulnerability.zip,Monster Random Skin Spawn Upgrade 151 - Vault Over Vulnerability,monster_skin_randomizer,glacial,The Venom-Spitter,The Null Anomaly,The Protocol Weaver,Zephyr the Pilot,Vault-Over Vulnerability,9,11,3,11,3,64,116604
774,774_monster_special_attack_upgrade_152_system_override.zip,Monster Special Attack Upgrade 152 - System Override,monster_special_attacks,storm,The Scrap-Phalanx,The Astral Sovereign,The Phantom-Shift,Riff the Ascetic,System Override,9,11,3,11,3,64,121693
775,775_boss_phase_magic_upgrade_153_projectile_reversal.zip,Boss Phase Magic Upgrade 153 - Projectile Reversal,boss_phase_magic,gravity,The Scrap-Stalker,The Apex Chimera,The Orbital Striker,Ignis the Burner,Projectile Reversal,9,11,3,11,3,64,123307
776,776_player_class_special_magic_upgrade_154_the_bass_drop.zip,Player Class Special Magic Upgrade 154 - The Bass Drop,player_class_magic,astral,The Void Anomaly,The Ascendant Colossus,The Apex Mutator,Commander Solis,The Bass Drop,9,11,3,11,3,64,122184
777,777_support_npc_assist_upgrade_155_latch_and_drag.zip,Support NPC Assist Upgrade 155 - Latch And Drag,support_npc_assists,blood,The Aegis Carapace,The Resonance Maestro,The Sylvan Warden,Tidespeaker Nami,Latch & Drag,9,11,3,11,3,64,123006
778,778_high_tier_magic_weapon_upgrade_156_release_the_hound.zip,High-Tier Magic Weapon Upgrade 156 - Release The Hound,high_tier_weapons,neon,The Grid-Rushers,The Syndicate Lich,The Scrap-Tek,Lyra the Void-Touched,Release the Hound,9,11,3,11,3,64,124318
779,779_high_tier_magic_armor_upgrade_157_linear_swarm.zip,High-Tier Magic Armor Upgrade 157 - Linear Swarm,high_tier_armor,verdant,The Sylvan Juggernaut,The Data-Forged Evolvarch,The Resonant,Kael the Cadet,Linear Swarm,9,11,3,11,3,64,123349
780,780_combat_flow_smoothness_dynamic_camera_upgrade_158_rod_of_god.zip,Combat Flow Smoothness + Dynamic Camera Upgrade 158 - Rod Of God,combat_flow_camera,scrap,Nexus Warden,The Resonant Behemoth,The Flux-Caster,Cipher the Deviant,Rod of God,9,11,3,11,3,64,113911
781,781_pet_companion_combat_synergy_upgrade_159_scatter_strike.zip,Pet/Companion Combat Synergy Upgrade 159 - Scatter Strike,pet_companion_synergy,crystal,The Iron-Jaw Hound,The Ivory Behemoth,The Kinetic Juggernaut,Elder Kaelen,Scatter Strike,9,11,3,11,3,64,124098
782,782_event_relic_magic_upgrade_160_junkyard_titan.zip,Event Relic Magic Upgrade 160 - Junkyard Titan,event_relic_magic,void,The Gnarl-Maws,The Null Anomaly,The Packmaster,Kaelia of the Roots,Junkyard Titan,9,11,3,11,3,64,124060
783,783_monster_random_skin_spawn_upgrade_161_deep_siphon.zip,Monster Random Skin Spawn Upgrade 161 - Deep Siphon,monster_skin_randomizer,sonic,The Siphon-Ticks,The Astral Sovereign,The Protocol Weaver,Red-Pen Quinn,Deep Siphon,9,11,3,11,3,64,123334
784,784_monster_special_attack_upgrade_162_force_of_nature.zip,Monster Special Attack Upgrade 162 - Force Of Nature,monster_special_attacks,magma,The Nexus Swarmers,The Apex Chimera,The Phantom-Shift,The Grand Archivist,Force of Nature,9,11,3,11,3,64,122486
785,785_boss_phase_magic_upgrade_163_evolutionary_phases.zip,Boss Phase Magic Upgrade 163 - Evolutionary Phases,boss_phase_magic,glacial,The Tremor-Fiend,The Ascendant Colossus,The Orbital Striker,Dr. Aris the Architect,Evolutionary Phases,9,11,3,11,3,64,117020
786,786_player_class_special_magic_upgrade_164_reality_shatter.zip,Player Class Special Magic Upgrade 164 - Reality Shatter,player_class_magic,storm,The Venom-Spitter,The Resonance Maestro,The Apex Mutator,The Iron Warden,Reality Shatter,9,11,3,11,3,64,121196
787,787_support_npc_assist_upgrade_165_combo_locked_shielding.zip,Support NPC Assist Upgrade 165 - Combo Locked Shielding,support_npc_assists,gravity,The Scrap-Phalanx,The Syndicate Lich,The Sylvan Warden,Brunt the Bastion,Combo-Locked Shielding,9,11,3,11,3,64,122668
788,788_high_tier_magic_weapon_upgrade_166_rooting_strike.zip,High-Tier Magic Weapon Upgrade 166 - Rooting Strike,high_tier_weapons,astral,The Scrap-Stalker,The Data-Forged Evolvarch,The Scrap-Tek,Echo the Weaver,Rooting Strike,9,11,3,11,3,64,122234
789,789_high_tier_magic_armor_upgrade_167_bass_drop.zip,High-Tier Magic Armor Upgrade 167 - Bass Drop,high_tier_armor,blood,The Void Anomaly,The Resonant Behemoth,The Resonant,The Fragmented Core,Bass Drop,9,11,3,11,3,64,122243
790,790_combat_flow_smoothness_dynamic_camera_upgrade_168_hydraulic_pounce.zip,Combat Flow Smoothness + Dynamic Camera Upgrade 168 - Hydraulic Pounce,combat_flow_camera,neon,The Aegis Carapace,The Ivory Behemoth,The Flux-Caster,Jace the Glitch,Hydraulic Pounce,9,11,3,11,3,64,126087
791,791_pet_companion_combat_synergy_upgrade_169_echo_splintering.zip,Pet/Companion Combat Synergy Upgrade 169 - Echo Splintering,pet_companion_synergy,verdant,The Grid-Rushers,The Null Anomaly,The Kinetic Juggernaut,Director Vance,Echo Splintering,9,11,3,11,3,64,122349
792,792_event_relic_magic_upgrade_170_emp_howl.zip,Event Relic Magic Upgrade 170 - Emp Howl,event_relic_magic,scrap,The Sylvan Juggernaut,The Astral Sovereign,The Packmaster,Spark the Hacker,EMP Howl,9,11,3,11,3,64,113952
793,793_monster_random_skin_spawn_upgrade_171_forced_evolution.zip,Monster Random Skin Spawn Upgrade 171 - Forced Evolution,monster_skin_randomizer,crystal,Nexus Warden,The Apex Chimera,The Protocol Weaver,Boomer Dax,Forced Evolution,9,11,3,11,3,64,125560
794,794_monster_special_attack_upgrade_172_adaptive_evolution.zip,Monster Special Attack Upgrade 172 - Adaptive Evolution,monster_special_attacks,void,The Iron-Jaw Hound,The Ascendant Colossus,The Phantom-Shift,Spark,Adaptive Evolution,9,11,3,11,3,64,123006
795,795_boss_phase_magic_upgrade_173_tempo_shift.zip,Boss Phase Magic Upgrade 173 - Tempo Shift,boss_phase_magic,sonic,The Gnarl-Maws,The Resonance Maestro,The Orbital Striker,Flora the Druid,Tempo Shift,9,11,3,11,3,64,122011
796,796_player_class_special_magic_upgrade_174_phase_shift.zip,Player Class Special Magic Upgrade 174 - Phase Shift,player_class_magic,magma,The Siphon-Ticks,The Syndicate Lich,The Apex Mutator,Orion the Vanguard,Phase Shift,9,11,3,11,3,64,123252
797,797_support_npc_assist_upgrade_175_evolution_interrupt.zip,Support NPC Assist Upgrade 175 - Evolution Interrupt,support_npc_assists,glacial,The Nexus Swarmers,The Data-Forged Evolvarch,The Sylvan Warden,Silas the Houndmaster,Evolution Interrupt,9,11,3,11,3,64,117454
798,798_high_tier_magic_weapon_upgrade_176_reality_tear.zip,High-Tier Magic Weapon Upgrade 176 - Reality Tear,high_tier_weapons,storm,The Tremor-Fiend,The Resonant Behemoth,The Scrap-Tek,Beastmaster Thorne,Reality Tear,9,11,3,11,3,64,121960
799,799_high_tier_magic_armor_upgrade_177_stampede.zip,High-Tier Magic Armor Upgrade 177 - Stampede,high_tier_armor,gravity,The Venom-Spitter,The Ivory Behemoth,The Resonant,The Chord Weaver,Stampede,9,11,3,11,3,64,124491
800,800_combat_flow_smoothness_dynamic_camera_upgrade_178_metronome_strike.zip,Combat Flow Smoothness + Dynamic Camera Upgrade 178 - Metronome Strike,combat_flow_camera,astral,The Scrap-Phalanx,The Null Anomaly,The Flux-Caster,Vex the Scavenger,Metronome Strike,9,11,3,11,3,64,122069
801,801_pet_companion_combat_synergy_upgrade_179_zero_g_combos.zip,Pet/Companion Combat Synergy Upgrade 179 - Zero G Combos,pet_companion_synergy,blood,The Scrap-Stalker,The Astral Sovereign,The Kinetic Juggernaut,Zephyr the Pilot,Zero-G Combos,9,11,3,11,3,64,123998
802,802_event_relic_magic_upgrade_180_sonic_bellow.zip,Event Relic Magic Upgrade 180 - Sonic Bellow,event_relic_magic,neon,The Void Anomaly,The Apex Chimera,The Packmaster,Riff the Ascetic,Sonic Bellow,9,11,3,11,3,64,124567
803,803_monster_random_skin_spawn_upgrade_181_orbital_deflection.zip,Monster Random Skin Spawn Upgrade 181 - Orbital Deflection,monster_skin_randomizer,verdant,The Aegis Carapace,The Ascendant Colossus,The Protocol Weaver,Ignis the Burner,Orbital Deflection,9,11,3,11,3,64,124056
804,804_monster_special_attack_upgrade_182_latch.zip,Monster Special Attack Upgrade 182 - Latch,monster_special_attacks,scrap,The Grid-Rushers,The Resonance Maestro,The Phantom-Shift,Commander Solis,Latch,9,11,3,11,3,64,113665
805,805_boss_phase_magic_upgrade_183_thermal_detonation.zip,Boss Phase Magic Upgrade 183 - Thermal Detonation,boss_phase_magic,crystal,The Sylvan Juggernaut,The Syndicate Lich,The Orbital Striker,Tidespeaker Nami,Thermal Detonation,9,11,3,11,3,64,124526
806,806_player_class_special_magic_upgrade_184_vault_over_vulnerability.zip,Player Class Special Magic Upgrade 184 - Vault Over Vulnerability,player_class_magic,void,Nexus Warden,The Data-Forged Evolvarch,The Apex Mutator,Lyra the Void-Touched,Vault-Over Vulnerability,9,11,3,11,3,64,122713
807,807_support_npc_assist_upgrade_185_system_override.zip,Support NPC Assist Upgrade 185 - System Override,support_npc_assists,sonic,The Iron-Jaw Hound,The Resonant Behemoth,The Sylvan Warden,Kael the Cadet,System Override,9,11,3,11,3,64,122160
808,808_high_tier_magic_weapon_upgrade_186_projectile_reversal.zip,High-Tier Magic Weapon Upgrade 186 - Projectile Reversal,high_tier_weapons,magma,The Gnarl-Maws,The Ivory Behemoth,The Scrap-Tek,Cipher the Deviant,Projectile Reversal,9,11,3,11,3,64,123129
809,809_high_tier_magic_armor_upgrade_187_the_bass_drop.zip,High-Tier Magic Armor Upgrade 187 - The Bass Drop,high_tier_armor,glacial,The Siphon-Ticks,The Null Anomaly,The Resonant,Elder Kaelen,The Bass Drop,9,11,3,11,3,64,116424
810,810_combat_flow_smoothness_dynamic_camera_upgrade_188_latch_and_drag.zip,Combat Flow Smoothness + Dynamic Camera Upgrade 188 - Latch And Drag,combat_flow_camera,storm,The Nexus Swarmers,The Astral Sovereign,The Flux-Caster,Kaelia of the Roots,Latch & Drag,9,11,3,11,3,64,121279
811,811_pet_companion_combat_synergy_upgrade_189_release_the_hound.zip,Pet/Companion Combat Synergy Upgrade 189 - Release The Hound,pet_companion_synergy,gravity,The Tremor-Fiend,The Apex Chimera,The Kinetic Juggernaut,Red-Pen Quinn,Release the Hound,9,11,3,11,3,64,124385
812,812_event_relic_magic_upgrade_190_linear_swarm.zip,Event Relic Magic Upgrade 190 - Linear Swarm,event_relic_magic,astral,The Venom-Spitter,The Ascendant Colossus,The Packmaster,The Grand Archivist,Linear Swarm,9,11,3,11,3,64,122626
813,813_monster_random_skin_spawn_upgrade_191_rod_of_god.zip,Monster Random Skin Spawn Upgrade 191 - Rod Of God,monster_skin_randomizer,blood,The Scrap-Phalanx,The Resonance Maestro,The Protocol Weaver,Dr. Aris the Architect,Rod of God,9,11,3,11,3,64,123563
814,814_monster_special_attack_upgrade_192_scatter_strike.zip,Monster Special Attack Upgrade 192 - Scatter Strike,monster_special_attacks,neon,The Scrap-Stalker,The Syndicate Lich,The Phantom-Shift,The Iron Warden,Scatter Strike,9,11,3,11,3,64,123335
815,815_boss_phase_magic_upgrade_193_junkyard_titan.zip,Boss Phase Magic Upgrade 193 - Junkyard Titan,boss_phase_magic,verdant,The Void Anomaly,The Data-Forged Evolvarch,The Orbital Striker,Brunt the Bastion,Junkyard Titan,9,11,3,11,3,64,124243
816,816_player_class_special_magic_upgrade_194_deep_siphon.zip,Player Class Special Magic Upgrade 194 - Deep Siphon,player_class_magic,scrap,The Aegis Carapace,The Resonant Behemoth,The Apex Mutator,Echo the Weaver,Deep Siphon,9,11,3,11,3,64,114163
817,817_support_npc_assist_upgrade_195_force_of_nature.zip,Support NPC Assist Upgrade 195 - Force Of Nature,support_npc_assists,crystal,The Grid-Rushers,The Ivory Behemoth,The Sylvan Warden,The Fragmented Core,Force of Nature,9,11,3,11,3,64,126389
818,818_high_tier_magic_weapon_upgrade_196_evolutionary_phases.zip,High-Tier Magic Weapon Upgrade 196 - Evolutionary Phases,high_tier_weapons,void,The Sylvan Juggernaut,The Null Anomaly,The Scrap-Tek,Jace the Glitch,Evolutionary Phases,9,11,3,11,3,64,122384
819,819_high_tier_magic_armor_upgrade_197_reality_shatter.zip,High-Tier Magic Armor Upgrade 197 - Reality Shatter,high_tier_armor,sonic,Nexus Warden,The Astral Sovereign,The Resonant,Director Vance,Reality Shatter,9,11,3,11,3,64,123271
820,820_combat_flow_smoothness_dynamic_camera_upgrade_198_combo_locked_shielding.zip,Combat Flow Smoothness + Dynamic Camera Upgrade 198 - Combo Locked Shielding,combat_flow_camera,magma,The Iron-Jaw Hound,The Apex Chimera,The Flux-Caster,Spark the Hacker,Combo-Locked Shielding,9,11,3,11,3,64,123919
821,821_pet_companion_combat_synergy_upgrade_199_rooting_strike.zip,Pet/Companion Combat Synergy Upgrade 199 - Rooting Strike,pet_companion_synergy,glacial,The Gnarl-Maws,The Ascendant Colossus,The Kinetic Juggernaut,Boomer Dax,Rooting Strike,9,11,3,11,3,64,117150
822,822_event_relic_magic_upgrade_200_bass_drop.zip,Event Relic Magic Upgrade 200 - Bass Drop,event_relic_magic,storm,The Siphon-Ticks,The Resonance Maestro,The Packmaster,Spark,Bass Drop,9,11,3,11,3,64,121325
823,823_monster_random_skin_spawn_upgrade_201_hydraulic_pounce.zip,Monster Random Skin Spawn Upgrade 201 - Hydraulic Pounce,monster_skin_randomizer,gravity,The Nexus Swarmers,The Syndicate Lich,The Protocol Weaver,Flora the Druid,Hydraulic Pounce,9,11,3,11,3,64,124462
824,824_monster_special_attack_upgrade_202_echo_splintering.zip,Monster Special Attack Upgrade 202 - Echo Splintering,monster_special_attacks,astral,The Tremor-Fiend,The Data-Forged Evolvarch,The Phantom-Shift,Orion the Vanguard,Echo Splintering,9,11,3,11,3,64,122944
825,825_boss_phase_magic_upgrade_203_emp_howl.zip,Boss Phase Magic Upgrade 203 - Emp Howl,boss_phase_magic,blood,The Venom-Spitter,The Resonant Behemoth,The Orbital Striker,Silas the Houndmaster,EMP Howl,9,11,3,11,3,64,123484
826,826_player_class_special_magic_upgrade_204_forced_evolution.zip,Player Class Special Magic Upgrade 204 - Forced Evolution,player_class_magic,neon,The Scrap-Phalanx,The Ivory Behemoth,The Apex Mutator,Beastmaster Thorne,Forced Evolution,9,11,3,11,3,64,125064
827,827_support_npc_assist_upgrade_205_adaptive_evolution.zip,Support NPC Assist Upgrade 205 - Adaptive Evolution,support_npc_assists,verdant,The Scrap-Stalker,The Null Anomaly,The Sylvan Warden,The Chord Weaver,Adaptive Evolution,9,11,3,11,3,64,123864
828,828_high_tier_magic_weapon_upgrade_206_tempo_shift.zip,High-Tier Magic Weapon Upgrade 206 - Tempo Shift,high_tier_weapons,scrap,The Void Anomaly,The Astral Sovereign,The Scrap-Tek,Vex the Scavenger,Tempo Shift,9,11,3,11,3,64,113400
829,829_high_tier_magic_armor_upgrade_207_phase_shift.zip,High-Tier Magic Armor Upgrade 207 - Phase Shift,high_tier_armor,crystal,The Aegis Carapace,The Apex Chimera,The Resonant,Zephyr the Pilot,Phase Shift,9,11,3,11,3,64,124491
830,830_combat_flow_smoothness_dynamic_camera_upgrade_208_evolution_interrupt.zip,Combat Flow Smoothness + Dynamic Camera Upgrade 208 - Evolution Interrupt,combat_flow_camera,void,The Grid-Rushers,The Ascendant Colossus,The Flux-Caster,Riff the Ascetic,Evolution Interrupt,9,11,3,11,3,64,122806
831,831_pet_companion_combat_synergy_upgrade_209_reality_tear.zip,Pet/Companion Combat Synergy Upgrade 209 - Reality Tear,pet_companion_synergy,sonic,The Sylvan Juggernaut,The Resonance Maestro,The Kinetic Juggernaut,Ignis the Burner,Reality Tear,9,11,3,11,3,64,123365
832,832_event_relic_magic_upgrade_210_stampede.zip,Event Relic Magic Upgrade 210 - Stampede,event_relic_magic,magma,Nexus Warden,The Syndicate Lich,The Packmaster,Commander Solis,Stampede,9,11,3,11,3,64,123048
833,833_monster_random_skin_spawn_upgrade_211_metronome_strike.zip,Monster Random Skin Spawn Upgrade 211 - Metronome Strike,monster_skin_randomizer,glacial,The Iron-Jaw Hound,The Data-Forged Evolvarch,The Protocol Weaver,Tidespeaker Nami,Metronome Strike,9,11,3,11,3,64,118382
834,834_monster_special_attack_upgrade_212_zero_g_combos.zip,Monster Special Attack Upgrade 212 - Zero G Combos,monster_special_attacks,storm,The Gnarl-Maws,The Resonant Behemoth,The Phantom-Shift,Lyra the Void-Touched,Zero-G Combos,9,11,3,11,3,64,120925
835,835_boss_phase_magic_upgrade_213_sonic_bellow.zip,Boss Phase Magic Upgrade 213 - Sonic Bellow,boss_phase_magic,gravity,The Siphon-Ticks,The Ivory Behemoth,The Orbital Striker,Kael the Cadet,Sonic Bellow,9,11,3,11,3,64,124549
836,836_player_class_special_magic_upgrade_214_orbital_deflection.zip,Player Class Special Magic Upgrade 214 - Orbital Deflection,player_class_magic,astral,The Nexus Swarmers,The Null Anomaly,The Apex Mutator,Cipher the Deviant,Orbital Deflection,9,11,3,11,3,64,121932
837,837_support_npc_assist_upgrade_215_latch.zip,Support NPC Assist Upgrade 215 - Latch,support_npc_assists,blood,The Tremor-Fiend,The Astral Sovereign,The Sylvan Warden,Elder Kaelen,Latch,9,11,3,11,3,64,122367
838,838_high_tier_magic_weapon_upgrade_216_thermal_detonation.zip,High-Tier Magic Weapon Upgrade 216 - Thermal Detonation,high_tier_weapons,neon,The Venom-Spitter,The Apex Chimera,The Scrap-Tek,Kaelia of the Roots,Thermal Detonation,9,11,3,11,3,64,124352
839,839_high_tier_magic_armor_upgrade_217_vault_over_vulnerability.zip,High-Tier Magic Armor Upgrade 217 - Vault Over Vulnerability,high_tier_armor,verdant,The Scrap-Phalanx,The Ascendant Colossus,The Resonant,Red-Pen Quinn,Vault-Over Vulnerability,9,11,3,11,3,64,123678
840,840_combat_flow_smoothness_dynamic_camera_upgrade_218_system_override.zip,Combat Flow Smoothness + Dynamic Camera Upgrade 218 - System Override,combat_flow_camera,scrap,The Scrap-Stalker,The Resonance Maestro,The Flux-Caster,The Grand Archivist,System Override,9,11,3,11,3,64,114781
841,841_pet_companion_combat_synergy_upgrade_219_projectile_reversal.zip,Pet/Companion Combat Synergy Upgrade 219 - Projectile Reversal,pet_companion_synergy,crystal,The Void Anomaly,The Syndicate Lich,The Kinetic Juggernaut,Dr. Aris the Architect,Projectile Reversal,9,11,3,11,3,64,125853
842,842_event_relic_magic_upgrade_220_the_bass_drop.zip,Event Relic Magic Upgrade 220 - The Bass Drop,event_relic_magic,void,The Aegis Carapace,The Data-Forged Evolvarch,The Packmaster,The Iron Warden,The Bass Drop,9,11,3,11,3,64,122238
843,843_monster_random_skin_spawn_upgrade_221_latch_and_drag.zip,Monster Random Skin Spawn Upgrade 221 - Latch And Drag,monster_skin_randomizer,sonic,The Grid-Rushers,The Resonant Behemoth,The Protocol Weaver,Brunt the Bastion,Latch & Drag,9,11,3,11,3,64,123649
844,844_monster_special_attack_upgrade_222_release_the_hound.zip,Monster Special Attack Upgrade 222 - Release The Hound,monster_special_attacks,magma,The Sylvan Juggernaut,The Ivory Behemoth,The Phantom-Shift,Echo the Weaver,Release the Hound,9,11,3,11,3,64,121746
845,845_boss_phase_magic_upgrade_223_linear_swarm.zip,Boss Phase Magic Upgrade 223 - Linear Swarm,boss_phase_magic,glacial,Nexus Warden,The Null Anomaly,The Orbital Striker,The Fragmented Core,Linear Swarm,9,11,3,11,3,64,116611
846,846_player_class_special_magic_upgrade_224_rod_of_god.zip,Player Class Special Magic Upgrade 224 - Rod Of God,player_class_magic,storm,The Iron-Jaw Hound,The Astral Sovereign,The Apex Mutator,Jace the Glitch,Rod of God,9,11,3,11,3,64,123221
847,847_support_npc_assist_upgrade_225_scatter_strike.zip,Support NPC Assist Upgrade 225 - Scatter Strike,support_npc_assists,gravity,The Gnarl-Maws,The Apex Chimera,The Sylvan Warden,Director Vance,Scatter Strike,9,11,3,11,3,64,122685
848,848_high_tier_magic_weapon_upgrade_226_junkyard_titan.zip,High-Tier Magic Weapon Upgrade 226 - Junkyard Titan,high_tier_weapons,astral,The Siphon-Ticks,The Ascendant Colossus,The Scrap-Tek,Spark the Hacker,Junkyard Titan,9,11,3,11,3,64,122040
849,849_high_tier_magic_armor_upgrade_227_deep_siphon.zip,High-Tier Magic Armor Upgrade 227 - Deep Siphon,high_tier_armor,blood,The Nexus Swarmers,The Resonance Maestro,The Resonant,Boomer Dax,Deep Siphon,9,11,3,11,3,64,122679
850,850_combat_flow_smoothness_dynamic_camera_upgrade_228_force_of_nature.zip,Combat Flow Smoothness + Dynamic Camera Upgrade 228 - Force Of Nature,combat_flow_camera,neon,The Tremor-Fiend,The Syndicate Lich,The Flux-Caster,Spark,Force of Nature,9,11,3,11,3,64,124435
851,851_pet_companion_combat_synergy_upgrade_229_evolutionary_phases.zip,Pet/Companion Combat Synergy Upgrade 229 - Evolutionary Phases,pet_companion_synergy,verdant,The Venom-Spitter,The Data-Forged Evolvarch,The Kinetic Juggernaut,Flora the Druid,Evolutionary Phases,9,11,3,11,3,64,123084
852,852_event_relic_magic_upgrade_230_reality_shatter.zip,Event Relic Magic Upgrade 230 - Reality Shatter,event_relic_magic,scrap,The Scrap-Phalanx,The Resonant Behemoth,The Packmaster,Orion the Vanguard,Reality Shatter,9,11,3,11,3,64,114426
853,853_monster_random_skin_spawn_upgrade_231_combo_locked_shielding.zip,Monster Random Skin Spawn Upgrade 231 - Combo Locked Shielding,monster_skin_randomizer,crystal,The Scrap-Stalker,The Ivory Behemoth,The Protocol Weaver,Silas the Houndmaster,Combo-Locked Shielding,9,11,3,11,3,64,122833
854,854_monster_special_attack_upgrade_232_rooting_strike.zip,Monster Special Attack Upgrade 232 - Rooting Strike,monster_special_attacks,void,The Void Anomaly,The Null Anomaly,The Phantom-Shift,Beastmaster Thorne,Rooting Strike,9,11,3,11,3,64,123002
855,855_boss_phase_magic_upgrade_233_bass_drop.zip,Boss Phase Magic Upgrade 233 - Bass Drop,boss_phase_magic,sonic,The Aegis Carapace,The Astral Sovereign,The Orbital Striker,The Chord Weaver,Bass Drop,9,11,3,11,3,64,123663
856,856_player_class_special_magic_upgrade_234_hydraulic_pounce.zip,Player Class Special Magic Upgrade 234 - Hydraulic Pounce,player_class_magic,magma,The Grid-Rushers,The Apex Chimera,The Apex Mutator,Vex the Scavenger,Hydraulic Pounce,9,11,3,11,3,64,123210
857,857_support_npc_assist_upgrade_235_echo_splintering.zip,Support NPC Assist Upgrade 235 - Echo Splintering,support_npc_assists,glacial,The Sylvan Juggernaut,The Ascendant Colossus,The Sylvan Warden,Zephyr the Pilot,Echo Splintering,9,11,3,11,3,64,117424
858,858_high_tier_magic_weapon_upgrade_236_emp_howl.zip,High-Tier Magic Weapon Upgrade 236 - Emp Howl,high_tier_weapons,storm,Nexus Warden,The Resonance Maestro,The Scrap-Tek,Riff the Ascetic,EMP Howl,9,11,3,11,3,64,121817
859,859_high_tier_magic_armor_upgrade_237_forced_evolution.zip,High-Tier Magic Armor Upgrade 237 - Forced Evolution,high_tier_armor,gravity,The Iron-Jaw Hound,The Syndicate Lich,The Resonant,Ignis the Burner,Forced Evolution,9,11,3,11,3,64,123646
860,860_combat_flow_smoothness_dynamic_camera_upgrade_238_adaptive_evolution.zip,Combat Flow Smoothness + Dynamic Camera Upgrade 238 - Adaptive Evolution,combat_flow_camera,astral,The Gnarl-Maws,The Data-Forged Evolvarch,The Flux-Caster,Commander Solis,Adaptive Evolution,9,11,3,11,3,64,121019
861,861_pet_companion_combat_synergy_upgrade_239_tempo_shift.zip,Pet/Companion Combat Synergy Upgrade 239 - Tempo Shift,pet_companion_synergy,blood,The Siphon-Ticks,The Resonant Behemoth,The Kinetic Juggernaut,Tidespeaker Nami,Tempo Shift,9,11,3,11,3,64,122860
862,862_event_relic_magic_upgrade_240_phase_shift.zip,Event Relic Magic Upgrade 240 - Phase Shift,event_relic_magic,neon,The Nexus Swarmers,The Ivory Behemoth,The Packmaster,Lyra the Void-Touched,Phase Shift,9,11,3,11,3,64,125535
863,863_monster_random_skin_spawn_upgrade_241_evolution_interrupt.zip,Monster Random Skin Spawn Upgrade 241 - Evolution Interrupt,monster_skin_randomizer,verdant,The Tremor-Fiend,The Null Anomaly,The Protocol Weaver,Kael the Cadet,Evolution Interrupt,9,11,3,11,3,64,123938
864,864_monster_special_attack_upgrade_242_reality_tear.zip,Monster Special Attack Upgrade 242 - Reality Tear,monster_special_attacks,scrap,The Venom-Spitter,The Astral Sovereign,The Phantom-Shift,Cipher the Deviant,Reality Tear,9,11,3,11,3,64,114492
865,865_boss_phase_magic_upgrade_243_stampede.zip,Boss Phase Magic Upgrade 243 - Stampede,boss_phase_magic,crystal,The Scrap-Phalanx,The Apex Chimera,The Orbital Striker,Elder Kaelen,Stampede,9,11,3,11,3,64,124901
866,866_player_class_special_magic_upgrade_244_metronome_strike.zip,Player Class Special Magic Upgrade 244 - Metronome Strike,player_class_magic,void,The Scrap-Stalker,The Ascendant Colossus,The Apex Mutator,Kaelia of the Roots,Metronome Strike,9,11,3,11,3,64,122489
867,867_support_npc_assist_upgrade_245_zero_g_combos.zip,Support NPC Assist Upgrade 245 - Zero G Combos,support_npc_assists,sonic,The Void Anomaly,The Resonance Maestro,The Sylvan Warden,Red-Pen Quinn,Zero-G Combos,9,11,3,11,3,64,124346
868,868_high_tier_magic_weapon_upgrade_246_sonic_bellow.zip,High-Tier Magic Weapon Upgrade 246 - Sonic Bellow,high_tier_weapons,magma,The Aegis Carapace,The Syndicate Lich,The Scrap-Tek,The Grand Archivist,Sonic Bellow,9,11,3,11,3,64,122748
869,869_high_tier_magic_armor_upgrade_247_orbital_deflection.zip,High-Tier Magic Armor Upgrade 247 - Orbital Deflection,high_tier_armor,glacial,The Grid-Rushers,The Data-Forged Evolvarch,The Resonant,Dr. Aris the Architect,Orbital Deflection,9,11,3,11,3,64,116967
870,870_combat_flow_smoothness_dynamic_camera_upgrade_248_latch.zip,Combat Flow Smoothness + Dynamic Camera Upgrade 248 - Latch,combat_flow_camera,storm,The Sylvan Juggernaut,The Resonant Behemoth,The Flux-Caster,The Iron Warden,Latch,9,11,3,11,3,64,121817
871,871_pet_companion_combat_synergy_upgrade_249_thermal_detonation.zip,Pet/Companion Combat Synergy Upgrade 249 - Thermal Detonation,pet_companion_synergy,gravity,Nexus Warden,The Ivory Behemoth,The Kinetic Juggernaut,Brunt the Bastion,Thermal Detonation,9,11,3,11,3,64,124337
872,872_event_relic_magic_upgrade_250_vault_over_vulnerability.zip,Event Relic Magic Upgrade 250 - Vault Over Vulnerability,event_relic_magic,astral,The Iron-Jaw Hound,The Null Anomaly,The Packmaster,Echo the Weaver,Vault-Over Vulnerability,9,11,3,11,3,64,122164
873,873_monster_random_skin_spawn_upgrade_251_system_override.zip,Monster Random Skin Spawn Upgrade 251 - System Override,monster_skin_randomizer,blood,The Gnarl-Maws,The Astral Sovereign,The Protocol Weaver,The Fragmented Core,System Override,9,11,3,11,3,64,123080
874,874_monster_special_attack_upgrade_252_projectile_reversal.zip,Monster Special Attack Upgrade 252 - Projectile Reversal,monster_special_attacks,neon,The Siphon-Ticks,The Apex Chimera,The Phantom-Shift,Jace the Glitch,Projectile Reversal,9,11,3,11,3,64,123817
875,875_boss_phase_magic_upgrade_253_the_bass_drop.zip,Boss Phase Magic Upgrade 253 - The Bass Drop,boss_phase_magic,verdant,The Nexus Swarmers,The Ascendant Colossus,The Orbital Striker,Director Vance,The Bass Drop,9,11,3,11,3,64,123925
876,876_player_class_special_magic_upgrade_254_latch_and_drag.zip,Player Class Special Magic Upgrade 254 - Latch And Drag,player_class_magic,scrap,The Tremor-Fiend,The Resonance Maestro,The Apex Mutator,Spark the Hacker,Latch & Drag,9,11,3,11,3,64,113505
877,877_support_npc_assist_upgrade_255_release_the_hound.zip,Support NPC Assist Upgrade 255 - Release The Hound,support_npc_assists,crystal,The Venom-Spitter,The Syndicate Lich,The Sylvan Warden,Boomer Dax,Release the Hound,9,11,3,11,3,64,125186
878,878_high_tier_magic_weapon_upgrade_256_linear_swarm.zip,High-Tier Magic Weapon Upgrade 256 - Linear Swarm,high_tier_weapons,void,The Scrap-Phalanx,The Data-Forged Evolvarch,The Scrap-Tek,Spark,Linear Swarm,9,11,3,11,3,64,123284
879,879_high_tier_magic_armor_upgrade_257_rod_of_god.zip,High-Tier Magic Armor Upgrade 257 - Rod Of God,high_tier_armor,sonic,The Scrap-Stalker,The Resonant Behemoth,The Resonant,Flora the Druid,Rod of God,9,11,3,11,3,64,122960
880,880_combat_flow_smoothness_dynamic_camera_upgrade_258_scatter_strike.zip,Combat Flow Smoothness + Dynamic Camera Upgrade 258 - Scatter Strike,combat_flow_camera,magma,The Void Anomaly,The Ivory Behemoth,The Flux-Caster,Orion the Vanguard,Scatter Strike,9,11,3,11,3,64,123249
881,881_pet_companion_combat_synergy_upgrade_259_junkyard_titan.zip,Pet/Companion Combat Synergy Upgrade 259 - Junkyard Titan,pet_companion_synergy,glacial,The Aegis Carapace,The Null Anomaly,The Kinetic Juggernaut,Silas the Houndmaster,Junkyard Titan,9,11,3,11,3,64,116563
882,882_event_relic_magic_upgrade_260_deep_siphon.zip,Event Relic Magic Upgrade 260 - Deep Siphon,event_relic_magic,storm,The Grid-Rushers,The Astral Sovereign,The Packmaster,Beastmaster Thorne,Deep Siphon,9,11,3,11,3,64,121757
883,883_monster_random_skin_spawn_upgrade_261_force_of_nature.zip,Monster Random Skin Spawn Upgrade 261 - Force Of Nature,monster_skin_randomizer,gravity,The Sylvan Juggernaut,The Apex Chimera,The Protocol Weaver,The Chord Weaver,Force of Nature,9,11,3,11,3,64,123172
884,884_monster_special_attack_upgrade_262_evolutionary_phases.zip,Monster Special Attack Upgrade 262 - Evolutionary Phases,monster_special_attacks,astral,Nexus Warden,The Ascendant Colossus,The Phantom-Shift,Vex the Scavenger,Evolutionary Phases,9,11,3,11,3,64,121495
885,885_boss_phase_magic_upgrade_263_reality_shatter.zip,Boss Phase Magic Upgrade 263 - Reality Shatter,boss_phase_magic,blood,The Iron-Jaw Hound,The Resonance Maestro,The Orbital Striker,Zephyr the Pilot,Reality Shatter,9,11,3,11,3,64,123747
886,886_player_class_special_magic_upgrade_264_combo_locked_shielding.zip,Player Class Special Magic Upgrade 264 - Combo Locked Shielding,player_class_magic,neon,The Gnarl-Maws,The Syndicate Lich,The Apex Mutator,Riff the Ascetic,Combo-Locked Shielding,9,11,3,11,3,64,124751
887,887_support_npc_assist_upgrade_265_rooting_strike.zip,Support NPC Assist Upgrade 265 - Rooting Strike,support_npc_assists,verdant,The Siphon-Ticks,The Data-Forged Evolvarch,The Sylvan Warden,Ignis the Burner,Rooting Strike,9,11,3,11,3,64,123254
888,888_high_tier_magic_weapon_upgrade_266_bass_drop.zip,High-Tier Magic Weapon Upgrade 266 - Bass Drop,high_tier_weapons,scrap,The Nexus Swarmers,The Resonant Behemoth,The Scrap-Tek,Commander Solis,Bass Drop,9,11,3,11,3,64,114291
889,889_high_tier_magic_armor_upgrade_267_hydraulic_pounce.zip,High-Tier Magic Armor Upgrade 267 - Hydraulic Pounce,high_tier_armor,crystal,The Tremor-Fiend,The Ivory Behemoth,The Resonant,Tidespeaker Nami,Hydraulic Pounce,9,11,3,11,3,64,124603
890,890_combat_flow_smoothness_dynamic_camera_upgrade_268_echo_splintering.zip,Combat Flow Smoothness + Dynamic Camera Upgrade 268 - Echo Splintering,combat_flow_camera,void,The Venom-Spitter,The Null Anomaly,The Flux-Caster,Lyra the Void-Touched,Echo Splintering,9,11,3,11,3,64,122685
891,891_pet_companion_combat_synergy_upgrade_269_emp_howl.zip,Pet/Companion Combat Synergy Upgrade 269 - Emp Howl,pet_companion_synergy,sonic,The Scrap-Phalanx,The Astral Sovereign,The Kinetic Juggernaut,Kael the Cadet,EMP Howl,9,11,3,11,3,64,123303
892,892_event_relic_magic_upgrade_270_forced_evolution.zip,Event Relic Magic Upgrade 270 - Forced Evolution,event_relic_magic,magma,The Scrap-Stalker,The Apex Chimera,The Packmaster,Cipher the Deviant,Forced Evolution,9,11,3,11,3,64,123529
893,893_monster_random_skin_spawn_upgrade_271_adaptive_evolution.zip,Monster Random Skin Spawn Upgrade 271 - Adaptive Evolution,monster_skin_randomizer,glacial,The Void Anomaly,The Ascendant Colossus,The Protocol Weaver,Elder Kaelen,Adaptive Evolution,9,11,3,11,3,64,116818
894,894_monster_special_attack_upgrade_272_tempo_shift.zip,Monster Special Attack Upgrade 272 - Tempo Shift,monster_special_attacks,storm,The Aegis Carapace,The Resonance Maestro,The Phantom-Shift,Kaelia of the Roots,Tempo Shift,9,11,3,11,3,64,122112
895,895_boss_phase_magic_upgrade_273_phase_shift.zip,Boss Phase Magic Upgrade 273 - Phase Shift,boss_phase_magic,gravity,The Grid-Rushers,The Syndicate Lich,The Orbital Striker,Red-Pen Quinn,Phase Shift,9,11,3,11,3,64,124927
896,896_player_class_special_magic_upgrade_274_evolution_interrupt.zip,Player Class Special Magic Upgrade 274 - Evolution Interrupt,player_class_magic,astral,The Sylvan Juggernaut,The Data-Forged Evolvarch,The Apex Mutator,The Grand Archivist,Evolution Interrupt,9,11,3,11,3,64,122744
897,897_support_npc_assist_upgrade_275_reality_tear.zip,Support NPC Assist Upgrade 275 - Reality Tear,support_npc_assists,blood,Nexus Warden,The Resonant Behemoth,The Sylvan Warden,Dr. Aris the Architect,Reality Tear,9,11,3,11,3,64,124191
898,898_high_tier_magic_weapon_upgrade_276_stampede.zip,High-Tier Magic Weapon Upgrade 276 - Stampede,high_tier_weapons,neon,The Iron-Jaw Hound,The Ivory Behemoth,The Scrap-Tek,The Iron Warden,Stampede,9,11,3,11,3,64,123611
899,899_high_tier_magic_armor_upgrade_277_metronome_strike.zip,High-Tier Magic Armor Upgrade 277 - Metronome Strike,high_tier_armor,verdant,The Gnarl-Maws,The Null Anomaly,The Resonant,Brunt the Bastion,Metronome Strike,9,11,3,11,3,64,123872
900,900_combat_flow_smoothness_dynamic_camera_upgrade_278_zero_g_combos.zip,Combat Flow Smoothness + Dynamic Camera Upgrade 278 - Zero G Combos,combat_flow_camera,scrap,The Siphon-Ticks,The Astral Sovereign,The Flux-Caster,Echo the Weaver,Zero-G Combos,9,11,3,11,3,64,114234
901,901_pet_companion_combat_synergy_upgrade_279_sonic_bellow.zip,Pet/Companion Combat Synergy Upgrade 279 - Sonic Bellow,pet_companion_synergy,crystal,The Nexus Swarmers,The Apex Chimera,The Kinetic Juggernaut,The Fragmented Core,Sonic Bellow,9,11,3,11,3,64,125069
902,902_event_relic_magic_upgrade_280_orbital_deflection.zip,Event Relic Magic Upgrade 280 - Orbital Deflection,event_relic_magic,void,The Tremor-Fiend,The Ascendant Colossus,The Packmaster,Jace the Glitch,Orbital Deflection,9,11,3,11,3,64,125092
903,903_monster_random_skin_spawn_upgrade_281_latch.zip,Monster Random Skin Spawn Upgrade 281 - Latch,monster_skin_randomizer,sonic,The Venom-Spitter,The Resonance Maestro,The Protocol Weaver,Director Vance,Latch,9,11,3,11,3,64,124545
904,904_monster_special_attack_upgrade_282_thermal_detonation.zip,Monster Special Attack Upgrade 282 - Thermal Detonation,monster_special_attacks,magma,The Scrap-Phalanx,The Syndicate Lich,The Phantom-Shift,Spark the Hacker,Thermal Detonation,9,11,3,11,3,64,123858
905,905_boss_phase_magic_upgrade_283_vault_over_vulnerability.zip,Boss Phase Magic Upgrade 283 - Vault Over Vulnerability,boss_phase_magic,glacial,The Scrap-Stalker,The Data-Forged Evolvarch,The Orbital Striker,Boomer Dax,Vault-Over Vulnerability,9,11,3,11,3,64,118385
906,906_player_class_special_magic_upgrade_284_system_override.zip,Player Class Special Magic Upgrade 284 - System Override,player_class_magic,storm,The Void Anomaly,The Resonant Behemoth,The Apex Mutator,Spark,System Override,9,11,3,11,3,64,122176
907,907_support_npc_assist_upgrade_285_projectile_reversal.zip,Support NPC Assist Upgrade 285 - Projectile Reversal,support_npc_assists,gravity,The Aegis Carapace,The Ivory Behemoth,The Sylvan Warden,Flora the Druid,Projectile Reversal,9,11,3,11,3,64,122912
908,908_high_tier_magic_weapon_upgrade_286_the_bass_drop.zip,High-Tier Magic Weapon Upgrade 286 - The Bass Drop,high_tier_weapons,astral,The Grid-Rushers,The Null Anomaly,The Scrap-Tek,Orion the Vanguard,The Bass Drop,9,11,3,11,3,64,121909
909,909_high_tier_magic_armor_upgrade_287_latch_and_drag.zip,High-Tier Magic Armor Upgrade 287 - Latch And Drag,high_tier_armor,blood,The Sylvan Juggernaut,The Astral Sovereign,The Resonant,Silas the Houndmaster,Latch & Drag,9,11,3,11,3,64,123184
910,910_combat_flow_smoothness_dynamic_camera_upgrade_288_release_the_hound.zip,Combat Flow Smoothness + Dynamic Camera Upgrade 288 - Release The Hound,combat_flow_camera,neon,Nexus Warden,The Apex Chimera,The Flux-Caster,Beastmaster Thorne,Release the Hound,9,11,3,11,3,64,124447
911,911_pet_companion_combat_synergy_upgrade_289_linear_swarm.zip,Pet/Companion Combat Synergy Upgrade 289 - Linear Swarm,pet_companion_synergy,verdant,The Iron-Jaw Hound,The Ascendant Colossus,The Kinetic Juggernaut,The Chord Weaver,Linear Swarm,9,11,3,11,3,64,124187
912,912_event_relic_magic_upgrade_290_rod_of_god.zip,Event Relic Magic Upgrade 290 - Rod Of God,event_relic_magic,scrap,The Gnarl-Maws,The Resonance Maestro,The Packmaster,Vex the Scavenger,Rod of God,9,11,3,11,3,64,115041
913,913_monster_random_skin_spawn_upgrade_291_scatter_strike.zip,Monster Random Skin Spawn Upgrade 291 - Scatter Strike,monster_skin_randomizer,crystal,The Siphon-Ticks,The Syndicate Lich,The Protocol Weaver,Zephyr the Pilot,Scatter Strike,9,11,3,11,3,64,124497
914,914_monster_special_attack_upgrade_292_junkyard_titan.zip,Monster Special Attack Upgrade 292 - Junkyard Titan,monster_special_attacks,void,The Nexus Swarmers,The Data-Forged Evolvarch,The Phantom-Shift,Riff the Ascetic,Junkyard Titan,9,11,3,11,3,64,123097
915,915_boss_phase_magic_upgrade_293_deep_siphon.zip,Boss Phase Magic Upgrade 293 - Deep Siphon,boss_phase_magic,sonic,The Tremor-Fiend,The Resonant Behemoth,The Orbital Striker,Ignis the Burner,Deep Siphon,9,11,3,11,3,64,122306
916,916_player_class_special_magic_upgrade_294_force_of_nature.zip,Player Class Special Magic Upgrade 294 - Force Of Nature,player_class_magic,magma,The Venom-Spitter,The Ivory Behemoth,The Apex Mutator,Commander Solis,Force of Nature,9,11,3,11,3,64,122830
917,917_support_npc_assist_upgrade_295_evolutionary_phases.zip,Support NPC Assist Upgrade 295 - Evolutionary Phases,support_npc_assists,glacial,The Scrap-Phalanx,The Null Anomaly,The Sylvan Warden,Tidespeaker Nami,Evolutionary Phases,9,11,3,11,3,64,117697
918,918_high_tier_magic_weapon_upgrade_296_reality_shatter.zip,High-Tier Magic Weapon Upgrade 296 - Reality Shatter,high_tier_weapons,storm,The Scrap-Stalker,The Astral Sovereign,The Scrap-Tek,Lyra the Void-Touched,Reality Shatter,9,11,3,11,3,64,122557
919,919_high_tier_magic_armor_upgrade_297_combo_locked_shielding.zip,High-Tier Magic Armor Upgrade 297 - Combo Locked Shielding,high_tier_armor,gravity,The Void Anomaly,The Apex Chimera,The Resonant,Kael the Cadet,Combo-Locked Shielding,9,11,3,11,3,64,123633
920,920_combat_flow_smoothness_dynamic_camera_upgrade_298_rooting_strike.zip,Combat Flow Smoothness + Dynamic Camera Upgrade 298 - Rooting Strike,combat_flow_camera,astral,The Aegis Carapace,The Ascendant Colossus,The Flux-Caster,Cipher the Deviant,Rooting Strike,9,11,3,11,3,64,121535
921,921_pet_companion_combat_synergy_upgrade_299_bass_drop.zip,Pet/Companion Combat Synergy Upgrade 299 - Bass Drop,pet_companion_synergy,blood,The Grid-Rushers,The Resonance Maestro,The Kinetic Juggernaut,Elder Kaelen,Bass Drop,9,11,3,11,3,64,122500
922,922_event_relic_magic_upgrade_300_hydraulic_pounce.zip,Event Relic Magic Upgrade 300 - Hydraulic Pounce,event_relic_magic,neon,The Sylvan Juggernaut,The Syndicate Lich,The Packmaster,Kaelia of the Roots,Hydraulic Pounce,9,11,3,11,3,64,123643
923,923_monster_random_skin_spawn_upgrade_301_echo_splintering.zip,Monster Random Skin Spawn Upgrade 301 - Echo Splintering,monster_skin_randomizer,verdant,Nexus Warden,The Data-Forged Evolvarch,The Protocol Weaver,Red-Pen Quinn,Echo Splintering,9,11,3,11,3,64,123728
924,924_monster_special_attack_upgrade_302_emp_howl.zip,Monster Special Attack Upgrade 302 - Emp Howl,monster_special_attacks,scrap,The Iron-Jaw Hound,The Resonant Behemoth,The Phantom-Shift,The Grand Archivist,EMP Howl,9,11,3,11,3,64,113971
925,925_boss_phase_magic_upgrade_303_forced_evolution.zip,Boss Phase Magic Upgrade 303 - Forced Evolution,boss_phase_magic,crystal,The Gnarl-Maws,The Ivory Behemoth,The Orbital Striker,Dr. Aris the Architect,Forced Evolution,9,11,3,11,3,64,124408
926,926_player_class_special_magic_upgrade_304_adaptive_evolution.zip,Player Class Special Magic Upgrade 304 - Adaptive Evolution,player_class_magic,void,The Siphon-Ticks,The Null Anomaly,The Apex Mutator,The Iron Warden,Adaptive Evolution,9,11,3,11,3,64,121238
927,927_support_npc_assist_upgrade_305_tempo_shift.zip,Support NPC Assist Upgrade 305 - Tempo Shift,support_npc_assists,sonic,The Nexus Swarmers,The Astral Sovereign,The Sylvan Warden,Brunt the Bastion,Tempo Shift,9,11,3,11,3,64,122747
928,928_high_tier_magic_weapon_upgrade_306_phase_shift.zip,High-Tier Magic Weapon Upgrade 306 - Phase Shift,high_tier_weapons,magma,The Tremor-Fiend,The Apex Chimera,The Scrap-Tek,Echo the Weaver,Phase Shift,9,11,3,11,3,64,122898
929,929_high_tier_magic_armor_upgrade_307_evolution_interrupt.zip,High-Tier Magic Armor Upgrade 307 - Evolution Interrupt,high_tier_armor,glacial,The Venom-Spitter,The Ascendant Colossus,The Resonant,The Fragmented Core,Evolution Interrupt,9,11,3,11,3,64,117075
930,930_combat_flow_smoothness_dynamic_camera_upgrade_308_reality_tear.zip,Combat Flow Smoothness + Dynamic Camera Upgrade 308 - Reality Tear,combat_flow_camera,storm,The Scrap-Phalanx,The Resonance Maestro,The Flux-Caster,Jace the Glitch,Reality Tear,9,11,3,11,3,64,122362
931,931_pet_companion_combat_synergy_upgrade_309_stampede.zip,Pet/Companion Combat Synergy Upgrade 309 - Stampede,pet_companion_synergy,gravity,The Scrap-Stalker,The Syndicate Lich,The Kinetic Juggernaut,Director Vance,Stampede,9,11,3,11,3,64,123947
932,932_event_relic_magic_upgrade_310_metronome_strike.zip,Event Relic Magic Upgrade 310 - Metronome Strike,event_relic_magic,astral,The Void Anomaly,The Data-Forged Evolvarch,The Packmaster,Spark the Hacker,Metronome Strike,9,11,3,11,3,64,121550
933,933_monster_random_skin_spawn_upgrade_311_zero_g_combos.zip,Monster Random Skin Spawn Upgrade 311 - Zero G Combos,monster_skin_randomizer,blood,The Aegis Carapace,The Resonant Behemoth,The Protocol Weaver,Boomer Dax,Zero-G Combos,9,11,3,11,3,64,122341
934,934_monster_special_attack_upgrade_312_sonic_bellow.zip,Monster Special Attack Upgrade 312 - Sonic Bellow,monster_special_attacks,neon,The Grid-Rushers,The Ivory Behemoth,The Phantom-Shift,Spark,Sonic Bellow,9,11,3,11,3,64,123941
935,935_boss_phase_magic_upgrade_313_orbital_deflection.zip,Boss Phase Magic Upgrade 313 - Orbital Deflection,boss_phase_magic,verdant,The Sylvan Juggernaut,The Null Anomaly,The Orbital Striker,Flora the Druid,Orbital Deflection,9,11,3,11,3,64,122646
936,936_player_class_special_magic_upgrade_314_latch.zip,Player Class Special Magic Upgrade 314 - Latch,player_class_magic,scrap,Nexus Warden,The Astral Sovereign,The Apex Mutator,Orion the Vanguard,Latch,9,11,3,11,3,64,114341
937,937_support_npc_assist_upgrade_315_thermal_detonation.zip,Support NPC Assist Upgrade 315 - Thermal Detonation,support_npc_assists,crystal,The Iron-Jaw Hound,The Apex Chimera,The Sylvan Warden,Silas the Houndmaster,Thermal Detonation,9,11,3,11,3,64,124924
938,938_high_tier_magic_weapon_upgrade_316_vault_over_vulnerability.zip,High-Tier Magic Weapon Upgrade 316 - Vault Over Vulnerability,high_tier_weapons,void,The Gnarl-Maws,The Ascendant Colossus,The Scrap-Tek,Beastmaster Thorne,Vault-Over Vulnerability,9,11,3,11,3,64,122747
939,939_high_tier_magic_armor_upgrade_317_system_override.zip,High-Tier Magic Armor Upgrade 317 - System Override,high_tier_armor,sonic,The Siphon-Ticks,The Resonance Maestro,The Resonant,The Chord Weaver,System Override,9,11,3,11,3,64,123090
940,940_combat_flow_smoothness_dynamic_camera_upgrade_318_projectile_reversal.zip,Combat Flow Smoothness + Dynamic Camera Upgrade 318 - Projectile Reversal,combat_flow_camera,magma,The Nexus Swarmers,The Syndicate Lich,The Flux-Caster,Vex the Scavenger,Projectile Reversal,9,11,3,11,3,64,123097
941,941_pet_companion_combat_synergy_upgrade_319_the_bass_drop.zip,Pet/Companion Combat Synergy Upgrade 319 - The Bass Drop,pet_companion_synergy,glacial,The Tremor-Fiend,The Data-Forged Evolvarch,The Kinetic Juggernaut,Zephyr the Pilot,The Bass Drop,9,11,3,11,3,64,117404
942,942_event_relic_magic_upgrade_320_latch_and_drag.zip,Event Relic Magic Upgrade 320 - Latch And Drag,event_relic_magic,storm,The Venom-Spitter,The Resonant Behemoth,The Packmaster,Riff the Ascetic,Latch & Drag,9,11,3,11,3,64,121618
943,943_monster_random_skin_spawn_upgrade_321_release_the_hound.zip,Monster Random Skin Spawn Upgrade 321 - Release The Hound,monster_skin_randomizer,gravity,The Scrap-Phalanx,The Ivory Behemoth,The Protocol Weaver,Ignis the Burner,Release the Hound,9,11,3,11,3,64,122726
944,944_monster_special_attack_upgrade_322_linear_swarm.zip,Monster Special Attack Upgrade 322 - Linear Swarm,monster_special_attacks,astral,The Scrap-Stalker,The Null Anomaly,The Phantom-Shift,Commander Solis,Linear Swarm,9,11,3,11,3,64,123850
945,945_boss_phase_magic_upgrade_323_rod_of_god.zip,Boss Phase Magic Upgrade 323 - Rod Of God,boss_phase_magic,blood,The Void Anomaly,The Astral Sovereign,The Orbital Striker,Tidespeaker Nami,Rod of God,9,11,3,11,3,64,121813
946,946_player_class_special_magic_upgrade_324_scatter_strike.zip,Player Class Special Magic Upgrade 324 - Scatter Strike,player_class_magic,neon,The Aegis Carapace,The Apex Chimera,The Apex Mutator,Lyra the Void-Touched,Scatter Strike,9,11,3,11,3,64,124750
947,947_support_npc_assist_upgrade_325_junkyard_titan.zip,Support NPC Assist Upgrade 325 - Junkyard Titan,support_npc_assists,verdant,The Grid-Rushers,The Ascendant Colossus,The Sylvan Warden,Kael the Cadet,Junkyard Titan,9,11,3,11,3,64,124246
948,948_high_tier_magic_weapon_upgrade_326_deep_siphon.zip,High-Tier Magic Weapon Upgrade 326 - Deep Siphon,high_tier_weapons,scrap,The Sylvan Juggernaut,The Resonance Maestro,The Scrap-Tek,Cipher the Deviant,Deep Siphon,9,11,3,11,3,64,115103
949,949_high_tier_magic_armor_upgrade_327_force_of_nature.zip,High-Tier Magic Armor Upgrade 327 - Force Of Nature,high_tier_armor,crystal,Nexus Warden,The Syndicate Lich,The Resonant,Elder Kaelen,Force of Nature,9,11,3,11,3,64,124680
950,950_combat_flow_smoothness_dynamic_camera_upgrade_328_evolutionary_phases.zip,Combat Flow Smoothness + Dynamic Camera Upgrade 328 - Evolutionary Phases,combat_flow_camera,void,The Iron-Jaw Hound,The Data-Forged Evolvarch,The Flux-Caster,Kaelia of the Roots,Evolutionary Phases,9,11,3,11,3,64,121675
951,951_pet_companion_combat_synergy_upgrade_329_reality_shatter.zip,Pet/Companion Combat Synergy Upgrade 329 - Reality Shatter,pet_companion_synergy,sonic,The Gnarl-Maws,The Resonant Behemoth,The Kinetic Juggernaut,Red-Pen Quinn,Reality Shatter,9,11,3,11,3,64,123172
952,952_event_relic_magic_upgrade_330_combo_locked_shielding.zip,Event Relic Magic Upgrade 330 - Combo Locked Shielding,event_relic_magic,magma,The Siphon-Ticks,The Ivory Behemoth,The Packmaster,The Grand Archivist,Combo-Locked Shielding,9,11,3,11,3,64,123441
953,953_monster_random_skin_spawn_upgrade_331_rooting_strike.zip,Monster Random Skin Spawn Upgrade 331 - Rooting Strike,monster_skin_randomizer,glacial,The Nexus Swarmers,The Null Anomaly,The Protocol Weaver,Dr. Aris the Architect,Rooting Strike,9,11,3,11,3,64,116697
954,954_monster_special_attack_upgrade_332_bass_drop.zip,Monster Special Attack Upgrade 332 - Bass Drop,monster_special_attacks,storm,The Tremor-Fiend,The Astral Sovereign,The Phantom-Shift,The Iron Warden,Bass Drop,9,11,3,11,3,64,120993
955,955_boss_phase_magic_upgrade_333_hydraulic_pounce.zip,Boss Phase Magic Upgrade 333 - Hydraulic Pounce,boss_phase_magic,gravity,The Venom-Spitter,The Apex Chimera,The Orbital Striker,Brunt the Bastion,Hydraulic Pounce,9,11,3,11,3,64,123647
956,956_player_class_special_magic_upgrade_334_echo_splintering.zip,Player Class Special Magic Upgrade 334 - Echo Splintering,player_class_magic,astral,The Scrap-Phalanx,The Ascendant Colossus,The Apex Mutator,Echo the Weaver,Echo Splintering,9,11,3,11,3,64,122579
957,957_support_npc_assist_upgrade_335_emp_howl.zip,Support NPC Assist Upgrade 335 - Emp Howl,support_npc_assists,blood,The Scrap-Stalker,The Resonance Maestro,The Sylvan Warden,The Fragmented Core,EMP Howl,9,11,3,11,3,64,122916
958,958_high_tier_magic_weapon_upgrade_336_forced_evolution.zip,High-Tier Magic Weapon Upgrade 336 - Forced Evolution,high_tier_weapons,neon,The Void Anomaly,The Syndicate Lich,The Scrap-Tek,Jace the Glitch,Forced Evolution,9,11,3,11,3,64,124214
959,959_high_tier_magic_armor_upgrade_337_adaptive_evolution.zip,High-Tier Magic Armor Upgrade 337 - Adaptive Evolution,high_tier_armor,verdant,The Aegis Carapace,The Data-Forged Evolvarch,The Resonant,Director Vance,Adaptive Evolution,9,11,3,11,3,64,123618
960,960_combat_flow_smoothness_dynamic_camera_upgrade_338_tempo_shift.zip,Combat Flow Smoothness + Dynamic Camera Upgrade 338 - Tempo Shift,combat_flow_camera,scrap,The Grid-Rushers,The Resonant Behemoth,The Flux-Caster,Spark the Hacker,Tempo Shift,9,11,3,11,3,64,113611
961,961_pet_companion_combat_synergy_upgrade_339_phase_shift.zip,Pet/Companion Combat Synergy Upgrade 339 - Phase Shift,pet_companion_synergy,crystal,The Sylvan Juggernaut,The Ivory Behemoth,The Kinetic Juggernaut,Boomer Dax,Phase Shift,9,11,3,11,3,64,124274
962,962_event_relic_magic_upgrade_340_evolution_interrupt.zip,Event Relic Magic Upgrade 340 - Evolution Interrupt,event_relic_magic,void,Nexus Warden,The Null Anomaly,The Packmaster,Spark,Evolution Interrupt,9,11,3,11,3,64,122184
963,963_monster_random_skin_spawn_upgrade_341_reality_tear.zip,Monster Random Skin Spawn Upgrade 341 - Reality Tear,monster_skin_randomizer,sonic,The Iron-Jaw Hound,The Astral Sovereign,The Protocol Weaver,Flora the Druid,Reality Tear,9,11,3,11,3,64,122434
964,964_monster_special_attack_upgrade_342_stampede.zip,Monster Special Attack Upgrade 342 - Stampede,monster_special_attacks,magma,The Gnarl-Maws,The Apex Chimera,The Phantom-Shift,Orion the Vanguard,Stampede,9,11,3,11,3,64,122669
965,965_boss_phase_magic_upgrade_343_metronome_strike.zip,Boss Phase Magic Upgrade 343 - Metronome Strike,boss_phase_magic,glacial,The Siphon-Ticks,The Ascendant Colossus,The Orbital Striker,Silas the Houndmaster,Metronome Strike,9,11,3,11,3,64,117171
966,966_player_class_special_magic_upgrade_344_zero_g_combos.zip,Player Class Special Magic Upgrade 344 - Zero G Combos,player_class_magic,storm,The Nexus Swarmers,The Resonance Maestro,The Apex Mutator,Beastmaster Thorne,Zero-G Combos,9,11,3,11,3,64,122351
967,967_support_npc_assist_upgrade_345_sonic_bellow.zip,Support NPC Assist Upgrade 345 - Sonic Bellow,support_npc_assists,gravity,The Tremor-Fiend,The Syndicate Lich,The Sylvan Warden,The Chord Weaver,Sonic Bellow,9,11,3,11,3,64,122983
968,968_high_tier_magic_weapon_upgrade_346_orbital_deflection.zip,High-Tier Magic Weapon Upgrade 346 - Orbital Deflection,high_tier_weapons,astral,The Venom-Spitter,The Data-Forged Evolvarch,The Scrap-Tek,Vex the Scavenger,Orbital Deflection,9,11,3,11,3,64,122424
969,969_high_tier_magic_armor_upgrade_347_latch.zip,High-Tier Magic Armor Upgrade 347 - Latch,high_tier_armor,blood,The Scrap-Phalanx,The Resonant Behemoth,The Resonant,Zephyr the Pilot,Latch,9,11,3,11,3,64,123260
970,970_combat_flow_smoothness_dynamic_camera_upgrade_348_thermal_detonation.zip,Combat Flow Smoothness + Dynamic Camera Upgrade 348 - Thermal Detonation,combat_flow_camera,neon,The Scrap-Stalker,The Ivory Behemoth,The Flux-Caster,Riff the Ascetic,Thermal Detonation,9,11,3,11,3,64,123952
971,971_pet_companion_combat_synergy_upgrade_349_vault_over_vulnerability.zip,Pet/Companion Combat Synergy Upgrade 349 - Vault Over Vulnerability,pet_companion_synergy,verdant,The Void Anomaly,The Null Anomaly,The Kinetic Juggernaut,Ignis the Burner,Vault-Over Vulnerability,9,11,3,11,3,64,124277
972,972_event_relic_magic_upgrade_350_system_override.zip,Event Relic Magic Upgrade 350 - System Override,event_relic_magic,scrap,The Aegis Carapace,The Astral Sovereign,The Packmaster,Commander Solis,System Override,9,11,3,11,3,64,114133
